pattern,k,r_over_sigma,n_replicates,replicate_mean,replicate_std,seed_mean,seed_std,k_mean,k_std,dimension_mean,dimension_std,sigma_mean,sigma_std,r_mean,r_std,r_over_sigma_mean,r_over_sigma_std,cluster_block_size_mean,cluster_block_size_std,endpoint_mean_distance_mean,endpoint_mean_distance_std,step_h_theory_mean,step_h_theory_std,step_h_min_mean,step_h_min_std,step_h_max_mean,step_h_max_std,step_h_max_abs_error_mean,step_h_max_abs_error_std,endpoint_h_mean,endpoint_h_std,endpoint_h2_mean,endpoint_h2_std,endpoint_tv_mean,endpoint_tv_std,decomposition_h2_mean,decomposition_h2_std,decomposition_abs_error_mean,decomposition_abs_error_std,chi_mean,chi_std,b_plus_mean,b_plus_std,spectral_factor_mean,spectral_factor_std,lambda_max_mean,lambda_max_std,cert_exact_chi_h_mean,cert_exact_chi_h_std,cert_b_plus_h_mean,cert_b_plus_h_std,cert_spectral_h_mean,cert_spectral_h_std,group_gaussian_h_mean,group_gaussian_h_std,triangle_h_mean,triangle_h_std
aligned,2,0.1,1,0.0,0.0,20270927.0,0.0,2.0,0.0,16.0,0.0,1.0,0.0,0.1,0.0,0.1,0.0,4.0,0.0,0.2,0.0,0.035344293392556084,0.0,0.035344293392556084,0.0,0.035344293392556084,0.0,0.0,0.0,0.07062238177318633,0.0,0.004987520807317681,0.0,0.07965567455405798,0.0,0.00498752080731768,0.0,8.673617379884035e-19,0.0,3.9925109257913665,0.0,3.9925109257913665,0.0,3.9925109257913665,0.0,1.9962554628956832,0.0,0.07062238177318632,0.0,0.07062238177318632,0.0,0.07062238177318632,0.0,0.07062238177318633,0.0,0.07068858678511217,0.0
aligned,2,0.25,1,0.0,0.0,20270927.0,0.0,2.0,0.0,16.0,0.0,1.0,0.0,0.25,0.0,0.25,0.0,4.0,0.0,0.5,0.0,0.08821599480681769,0.0,0.08821599480681769,0.0,0.08821599480681769,0.0,0.0,0.0,0.17540457668959458,0.0,0.030766765523655867,0.0,0.1974126513658474,0.0,0.03076676552365587,0.0,3.469446951953614e-18,0.0,3.953549400215709,0.0,3.953549400215709,0.0,3.953549400215709,0.0,1.9767747001078546,0.0,0.17540457668959458,0.0,0.17540457668959458,0.0,0.17540457668959458,0.0,0.17540457668959458,0.0,0.17643198961363538,0.0
aligned,2,0.5,1,0.0,0.0,20270927.0,0.0,2.0,0.0,16.0,0.0,1.0,0.0,0.5,0.0,0.5,0.0,4.0,0.0,1.0,0.0,0.17540457668959458,0.0,0.17540457668959458,0.0,0.17540457668959458,0.0,0.0,0.0,0.34278724803499405,0.0,0.11750309741540453,0.0,0.38292492254802624,0.0,0.11750309741540454,0.0,1.3877787807814457e-17,0.0,3.8191566586698587,0.0,3.8191566586698587,0.0,3.8191566586698587,0.0,1.9095783293349293,0.0,0.34278724803499405,0.0,0.34278724803499405,0.0,0.34278724803499405,0.0,0.34278724803499405,0.0,0.35080915337918916,0.0
aligned,3,0.1,1,0.0,0.0,20270927.0,0.0,3.0,0.0,16.0,0.0,1.0,0.0,0.1,0.0,0.1,0.0,4.0,0.0,0.30000000000000004,0.0,0.035344293392556084,0.0,0.035344293392556084,0.0,0.035344293392556084,0.0,0.0,0.0,0.10576840449192237,0.0,0.011186955388766904,0.0,0.119235384740485,0.0,0.011186955388766906,0.0,1.734723475976807e-18,0.0,8.955158954016088,0.0,8.955158954016088,0.0,8.95518690377233,0.0,2.985062301257443,0.0,0.10576840449192237,0.0,0.10576840449192237,0.0,0.105768569547553,0.0,0.10576840449192237,0.0,0.10603288017766825,0.0
aligned,3,0.25,1,0.0,0.0,20270927.0,0.0,3.0,0.0,16.0,0.0,1.0,0.0,0.25,0.0,0.25,0.0,4.0,0.0,0.75,0.0,0.08821599480681769,0.0,0.08821599480681769,0.0,0.08821599480681769,0.0,0.0,0.0,0.260571501973014,0.0,0.06789750764047243,0.0,0.2923395333454475,0.0,0.06789750764047243,0.0,0.0,0.0,8.724873935862279,0.0,8.724873935862279,0.0,8.725930466786057,0.0,2.9086434889286856,0.0,0.26057150197301393,0.0,0.26057150197301393,0.0,0.2605872783336731,0.0,0.260571501973014,0.0,0.26464798442045306,0.0
aligned,3,0.5,1,0.0,0.0,20270927.0,0.0,3.0,0.0,16.0,0.0,1.0,0.0,0.5,0.0,0.5,0.0,4.0,0.0,1.5,0.0,0.17540457668959458,0.0,0.17540457668959458,0.0,0.17540457668959458,0.0,0.0,0.0,0.4951367467791021,0.0,0.24516039801099265,0.0,0.5467452952462635,0.0,0.24516039801099265,0.0,0.0,0.0,7.968351363502751,0.0,7.968351363502751,0.0,7.983385085842935,0.0,2.661128361947645,0.0,0.4951367467791021,0.0,0.4951367467791021,0.0,0.4956036087652922,0.0,0.4951367467791021,0.0,0.5262137300687837,0.0
aligned,4,0.1,1,0.0,0.0,20270927.0,0.0,4.0,0.0,16.0,0.0,1.0,0.0,0.1,0.0,0.1,0.0,4.0,0.0,0.4,0.0,0.035344293392556084,0.0,0.035344293392556084,0.0,0.035344293392556084,0.0,0.0,0.0,0.14071718691490656,0.0,0.01980132669324475,0.0,0.15851941887820598,0.0,0.019801326693244744,0.0,6.938893903907228e-18,0.0,15.850964080581196,0.0,15.850964080581196,0.0,15.851186332684584,0.0,3.962796583171146,0.0,0.14071718691490653,0.0,0.14071718691490653,0.0,0.14071817343474813,0.0,0.14071718691490656,0.0,0.14137717357022433,0.0
aligned,4,0.25,1,0.0,0.0,20270927.0,0.0,4.0,0.0,16.0,0.0,1.0,0.0,0.25,0.0,0.25,0.0,4.0,0.0,1.0,0.0,0.08821599480681769,0.0,0.08821599480681769,0.0,0.08821599480681769,0.0,0.0,0.0,0.34278724803499405,0.0,0.11750309741540453,0.0,0.38292492254802624,0.0,0.11750309741540456,0.0,2.7755575615628914e-17,0.0,15.09922451721405,0.0,15.09922451721405,0.0,15.10736491687933,0.0,3.7768412292198326,0.0,0.34278724803499405,0.0,0.34278724803499405,0.0,0.3428796385150131,0.0,0.34278724803499405,0.0,0.35286397922727075,0.0
aligned,4,0.5,1,0.0,0.0,20270927.0,0.0,4.0,0.0,16.0,0.0,1.0,0.0,0.5,0.0,0.5,0.0,4.0,0.0,2.0,0.0,0.17540457668959458,0.0,0.17540457668959458,0.0,0.17540457668959458,0.0,0.0,0.0,0.6272713450233213,0.0,0.3934693402873666,0.0,0.6826894921370859,0.0,0.3934693402873666,0.0,0.0,0.0,12.78877820240275,0.0,12.78877820240275,0.0,12.89253217366609,0.0,3.2231330434165226,0.0,0.6272713450233213,0.0,0.6272713450233213,0.0,0.6298106972681345,0.0,0.6272713450233213,0.0,0.7016183067583783,0.0
aligned,5,0.1,1,0.0,0.0,20270927.0,0.0,5.0,0.0,16.0,0.0,1.0,0.0,0.1,0.0,0.1,0.0,4.0,0.0,0.5,0.0,0.035344293392556084,0.0,0.035344293392556084,0.0,0.035344293392556084,0.0,0.0,0.0,0.17540457668959458,0.0,0.030766765523655867,0.0,0.1974126513658474,0.0,0.03076676552365587,0.0,3.469446951953614e-18,0.0,24.628799006558832,0.0,24.628799006558832,0.0,24.629763847051635,0.0,4.925952769410327,0.0,0.17540457668959458,0.0,0.17540457668959458,0.0,0.17540801241905746,0.0,0.17540457668959458,0.0,0.1767214669627804,0.0
aligned,5,0.25,1,0.0,0.0,20270927.0,0.0,5.0,0.0,16.0,0.0,1.0,0.0,0.25,0.0,0.25,0.0,4.0,0.0,1.25,0.0,0.08821599480681769,0.0,0.08821599480681769,0.0,0.08821599480681769,0.0,0.0,0.0,0.42121542896875863,0.0,0.17742243760133536,0.0,0.4680289419025989,0.0,0.1774224376013354,0.0,2.7755575615628914e-17,0.0,22.79889874105358,0.0,22.79889874105358,0.0,22.832842257707107,0.0,4.566568451541421,0.0,0.42121542896875863,0.0,0.42121542896875863,0.0,0.42152886988152727,0.0,0.42121542896875863,0.0,0.44107997403408844,0.0
aligned,5,0.5,1,0.0,0.0,20270927.0,0.0,5.0,0.0,16.0,0.0,1.0,0.0,0.5,0.0,0.5,0.0,4.0,0.0,2.5,0.0,0.17540457668959458,0.0,0.17540457668959458,0.0,0.17540457668959458,0.0,0.0,0.0,0.736319657640882,0.0,0.5421666382283857,0.0,0.7887004526662893,0.0,0.5421666382283857,0.0,0.0,0.0,17.621827611730133,0.0,17.621827611730133,0.0,17.99944502858056,0.0,3.599889005716112,0.0,0.736319657640882,0.0,0.736319657640882,0.0,0.7441671215192669,0.0,0.736319657640882,0.0,0.877022883447973,0.0
aligned,6,0.1,1,0.0,0.0,20270927.0,0.0,6.0,0.0,16.0,0.0,1.0,0.0,0.1,0.0,0.1,0.0,4.0,0.0,0.6,0.0,0.035344293392556084,0.0,0.035344293392556084,0.0,0.035344293392556084,0.0,0.0,0.0,0.20976777199298285,0.0,0.04400251816690004,0.0,0.23582284437790513,0.0,0.04400251816690004,0.0,0.0,0.0,35.224020376200414,0.0,35.22402037620041,0.0,35.22707876727142,0.0,5.871179794545236,0.0,0.20976777199298285,0.0,0.20976777199298285,0.0,0.20977687853375557,0.0,0.2097677719929831,0.0,0.2120657603553365,0.0
aligned,6,0.25,1,0.0,0.0,20270927.0,0.0,6.0,0.0,16.0,0.0,1.0,0.0,0.25,0.0,0.25,0.0,4.0,0.0,1.5,0.0,0.08821599480681769,0.0,0.08821599480681769,0.0,0.08821599480681769,0.0,0.0,0.0,0.4951367467791021,0.0,0.24516039801099265,0.0,0.5467452952462635,0.0,0.24516039801099265,0.0,0.0,0.0,31.503270753884326,0.0,31.503270753884323,0.0,31.605742076945546,0.0,5.267623679490924,0.0,0.4951367467791021,0.0,0.4951367467791021,0.0,0.49594136364454383,0.0,0.4951367467791021,0.0,0.5292959688409061,0.0
aligned,6,0.5,1,0.0,0.0,20270927.0,0.0,6.0,0.0,16.0,0.0,1.0,0.0,0.5,0.0,0.5,0.0,4.0,0.0,3.0,0.0,0.17540457668959458,0.0,0.17540457668959458,0.0,0.17540457668959458,0.0,0.0,0.0,0.8217953106714897,0.0,0.6753475326416503,0.0,0.8663855974622838,0.0,0.6753475326416502,0.0,1.1102230246251565e-16,0.0,21.950553499762293,0.0,22.45487702105752,0.0,22.925200680472543,0.0,3.8208667800787572,0.0,0.8217953106714896,0.0,0.8311822520779693,0.0,0.8398418148192281,0.0,0.8217953106714897,0.0,1.0,0.0
aligned,7,0.1,1,0.0,0.0,20270927.0,0.0,7.0,0.0,16.0,0.0,1.0,0.0,0.1,0.0,0.1,0.0,4.0,0.0,0.7,0.0,0.035344293392556084,0.0,0.035344293392556084,0.0,0.035344293392556084,0.0,0.0,0.0,0.2437456392136235,0.0,0.059411936635657914,0.0,0.2736613023512382,0.0,0.059411936635657914,0.0,0.0,0.0,47.5592614655893,0.0,47.559261465589294,0.0,47.56720051545473,0.0,6.795314359350676,0.0,0.24374563921362352,0.0,0.2437456392136235,0.0,0.243765982549228,0.0,0.2437456392136235,0.0,0.2474100537478926,0.0
aligned,7,0.25,1,0.0,0.0,20270927.0,0.0,7.0,0.0,16.0,0.0,1.0,0.0,0.25,0.0,0.25,0.0,4.0,0.0,1.75,0.0,0.08821599480681769,0.0,0.08821599480681769,0.0,0.08821599480681769,0.0,0.0,0.0,0.5639674182163823,0.0,0.31805924880965186,0.0,0.6184260942949786,0.0,0.31805924880965186,0.0,0.0,0.0,40.870820541653075,0.0,40.87082054165308,0.0,41.12208181241312,0.0,5.874583116059017,0.0,0.5639674182163823,0.0,0.5639674182163823,0.0,0.5656983114094616,0.0,0.5639674182163823,0.0,0.6175119636477238,0.0
aligned,7,0.5,1,0.0,0.0,20270927.0,0.0,7.0,0.0,16.0,0.0,1.0,0.0,0.5,0.0,0.5,0.0,4.0,0.0,3.5,0.0,0.17540457668959458,0.0,0.17540457668959458,0.0,0.17540457668959458,0.0,0.0,0.0,0.8852879944798262,0.0,0.7837348331701128,0.0,0.9198816862723658,0.0,0.7837348331701126,0.0,2.220446049250313e-16,0.0,25.473423020938508,0.0,27.287926430384907,0.0,27.48900565392656,0.0,3.9270008077037946,0.0,0.8852879944798261,0.0,0.9162757413084905,0.0,0.9196454705117668,0.0,0.8852879944798262,0.0,1.0,0.0
aligned,8,0.1,1,0.0,0.0,20270927.0,0.0,8.0,0.0,16.0,0.0,1.0,0.0,0.1,0.0,0.1,0.0,4.0,0.0,0.7999999999999999,0.0,0.035344293392556084,0.0,0.035344293392556084,0.0,0.035344293392556084,0.0,0.0,0.0,0.27727901762189694,0.0,0.07688365361336423,0.0,0.31084348322064836,0.0,0.07688365361336424,0.0,1.3877787807814457e-17,0.0,61.54537272621425,0.0,61.54537272621424,0.0,61.56328697860533,0.0,7.695410872325667,0.0,0.27727901762189694,0.0,0.27727901762189694,0.0,0.2773193690299563,0.0,0.27727901762189694,0.0,0.28275434714044867,0.0
aligned,8,0.25,1,0.0,0.0,20270927.0,0.0,8.0,0.0,16.0,0.0,1.0,0.0,0.25,0.0,0.25,0.0,4.0,0.0,2.0,0.0,0.08821599480681769,0.0,0.08821599480681769,0.0,0.08821599480681769,0.0,0.0,0.0,0.6272713450233213,0.0,0.3934693402873666,0.0,0.6826894921370859,0.0,0.3934693402873666,0.0,0.0,0.0,50.561066391601116,0.0,50.56106639160112,0.0,51.09245647723975,0.0,6.386557059654969,0.0,0.6272713450233213,0.0,0.6272713450233213,0.0,0.6305589986208276,0.0,0.6272713450233213,0.0,0.7057279584545415,0.0
aligned,8,0.5,1,0.0,0.0,20270927.0,0.0,8.0,0.0,16.0,0.0,1.0,0.0,0.5,0.0,0.5,0.0,4.0,0.0,4.0,0.0,0.17540457668959458,0.0,0.17540457668959458,0.0,0.17540457668959458,0.0,0.0,0.0,0.9298734950321937,0.0,0.8646647167633872,0.0,0.9544997361036416,0.0,0.8646647167633873,0.0,1.1102230246251565e-16,0.0,28.103854989194954,0.0,32.12097583971229,0.0,31.682527005267698,0.0,3.960315875658462,0.0,0.9298734950321937,0.0,0.9941119313495052,0.0,0.9873038435901919,0.0,0.9298734950321937,0.0,1.0,0.0
aligned,9,0.1,1,0.0,0.0,20270927.0,0.0,9.0,0.0,16.0,0.0,1.0,0.0,0.1,0.0,0.1,0.0,4.0,0.0,0.8999999999999999,0.0,0.035344293392556084,0.0,0.035344293392556084,0.0,0.035344293392556084,0.0,0.0,0.0,0.31031100871030015,0.0,0.09629292212680397,0.0,0.34728955942415984,0.0,0.09629292212680396,0.0,1.3877787807814457e-17,0.0,77.08249419302211,0.0,77.08249419302211,0.0,77.1189080595805,0.0,8.568767562175612,0.0,0.31031100871030015,0.0,0.31031100871030015,0.0,0.31038429571020254,0.0,0.31031100871030015,0.0,0.31809864053300474,0.0
aligned,9,0.25,1,0.0,0.0,20270927.0,0.0,9.0,0.0,16.0,0.0,1.0,0.0,0.25,0.0,0.25,0.0,4.0,0.0,2.25,0.0,0.08821599480681769,0.0,0.08821599480681769,0.0,0.08821599480681769,0.0,0.0,0.0,0.6847656598900493,0.0,0.46890400896465473,0.0,0.7394109657263823,0.0,0.4689040089646548,0.0,5.551115123125783e-17,0.0,60.25447042769512,0.0,60.254470427695125,0.0,61.25946016609073,0.0,6.806606685121192,0.0,0.6847656598900493,0.0,0.6847656598900493,0.0,0.6904526784339903,0.0,0.6847656598900493,0.0,0.7939439532613592,0.0
aligned,9,0.5,1,0.0,0.0,20270927.0,0.0,9.0,0.0,16.0,0.0,1.0,0.0,0.5,0.0,0.5,0.0,4.0,0.0,4.5,0.0,0.17540457668959458,0.0,0.17540457668959458,0.0,0.17540457668959458,0.0,0.0,0.0,0.9593958991374584,0.0,0.9204404912817722,0.0,0.9755510546899107,0.0,0.9204404912817724,0.0,2.220446049250313e-16,0.0,29.91671290809125,0.0,36.954025249039674,0.0,35.891614132121376,0.0,3.987957125791264,0.0,0.9593958991374585,0.0,1.0,0.0,1.0,0.0,0.9593958991374584,0.0,1.0,0.0
aligned,10,0.1,1,0.0,0.0,20270927.0,0.0,10.0,0.0,16.0,0.0,1.0,0.0,0.1,0.0,0.1,0.0,4.0,0.0,0.9999999999999999,0.0,0.035344293392556084,0.0,0.035344293392556084,0.0,0.035344293392556084,0.0,0.0,0.0,0.34278724803499405,0.0,0.11750309741540453,0.0,0.382924922548026,0.0,0.11750309741540454,0.0,1.3877787807814457e-17,0.0,94.06124172094076,0.0,94.06124172094076,0.0,94.1294837822787,0.0,9.41294837822787,0.0,0.34278724803499405,0.0,0.34278724803499405,0.0,0.3429115727125199,0.0,0.34278724803499405,0.0,0.3534429339255608,0.0
aligned,10,0.25,1,0.0,0.0,20270927.0,0.0,10.0,0.0,16.0,0.0,1.0,0.0,0.25,0.0,0.25,0.0,4.0,0.0,2.5,0.0,0.08821599480681769,0.0,0.08821599480681769,0.0,0.08821599480681769,0.0,0.0,0.0,0.736319657640882,0.0,0.5421666382283857,0.0,0.7887004526662893,0.0,0.5421666382283857,0.0,0.0,0.0,69.66876598506029,0.0,69.94787446378912,0.0,71.40940141020222,0.0,7.140940141020222,0.0,0.736319657640882,0.0,0.7377931130350452,0.0,0.7454611797895632,0.0,0.736319657640882,0.0,0.8821599480681769,0.0
aligned,10,0.5,1,0.0,0.0,20270927.0,0.0,10.0,0.0,16.0,0.0,1.0,0.0,0.5,0.0,0.5,0.0,4.0,0.0,5.0,0.0,0.17540457668959458,0.0,0.17540457668959458,0.0,0.17540457668959458,0.0,0.0,0.0,0.9777847750791544,0.0,0.9560630663765926,0.0,0.9875806693484477,0.0,0.9560630663765927,0.0,1.1102230246251565e-16,0.0,31.074539364285705,0.0,41.78707465836706,0.0,45.032314641529084,0.0,4.5032314641529085,0.0,0.9777847750791544,0.0,1.0,0.0,1.0,0.0,0.9777847750791544,0.0,1.0,0.0
aligned,11,0.1,1,0.0,0.0,20270927.0,0.0,11.0,0.0,16.0,0.0,1.0,0.0,0.1,0.0,0.1,0.0,4.0,0.0,1.0999999999999999,0.0,0.035344293392556084,0.0,0.035344293392556084,0.0,0.035344293392556084,0.0,0.0,0.0,0.3746561575597787,0.0,0.14036723639745774,0.0,0.4176806264233073,0.0,0.14036723639745774,0.0,0.0,0.0,112.36398735775614,0.0,112.36398735775614,0.0,112.48380439023384,0.0,10.225800399112167,0.0,0.3746561575597787,0.0,0.3746561575597787,0.0,0.37485585779068326,0.0,0.3746561575597789,0.0,0.38878722731811693,0.0
aligned,11,0.25,1,0.0,0.0,20270927.0,0.0,11.0,0.0,16.0,0.0,1.0,0.0,0.25,0.0,0.25,0.0,4.0,0.0,2.75,0.0,0.08821599480681769,0.0,0.08821599480681769,0.0,0.08821599480681769,0.0,0.0,0.0,0.7819474870396578,0.0,0.6114418724876357,0.0,0.8308685552973287,0.0,0.6114418724876358,0.0,1.1102230246251565e-16,0.0,78.57067868839202,0.0,79.64127849988313,0.0,81.3782054818189,0.0,7.398018680165354,0.0,0.7819474870396579,0.0,0.7872568490138597,0.0,0.7957953375900767,0.0,0.7819474870396578,0.0,0.9703759428749945,0.0
aligned,11,0.5,1,0.0,0.0,20270927.0,0.0,11.0,0.0,16.0,0.0,1.0,0.0,0.5,0.0,0.5,0.0,4.0,0.0,5.5,0.0,0.17540457668959458,0.0,0.17540457668959458,0.0,0.17540457668959458,0.0,0.0,0.0,0.9885372118015526,0.0,0.9772058191163877,0.0,0.9940404735298909,0.0,0.9772058191163878,0.0,1.1102230246251565e-16,0.0,31.761733886684848,0.0,46.62012406769445,0.0,54.081483856702576,0.0,4.916498532427507,0.0,0.9885372118015526,0.0,1.0,0.0,1.0,0.0,0.9885372118015526,0.0,1.0,0.0
aligned,12,0.1,1,0.0,0.0,20270927.0,0.0,12.0,0.0,16.0,0.0,1.0,0.0,0.1,0.0,0.1,0.0,4.0,0.0,1.2,0.0,0.035344293392556084,0.0,0.035344293392556084,0.0,0.035344293392556084,0.0,0.0,0.0,0.40586917669210604,0.0,0.164729788588728,0.0,0.4514937644998529,0.0,0.164729788588728,0.0,0.0,0.0,131.86621292463457,0.0,131.86621292463454,0.0,132.06559894265095,0.0,11.005466578554246,0.0,0.4058691766921061,0.0,0.405869176692106,0.0,0.4061759045115871,0.0,0.40586917669210604,0.0,0.424131520710673,0.0
aligned,12,0.25,1,0.0,0.0,20270927.0,0.0,12.0,0.0,16.0,0.0,1.0,0.0,0.25,0.0,0.25,0.0,4.0,0.0,3.0,0.0,0.08821599480681769,0.0,0.08821599480681769,0.0,0.08821599480681769,0.0,0.0,0.0,0.8217953106714897,0.0,0.6753475326416503,0.0,0.8663855974622838,0.0,0.6753475326416502,0.0,1.1102230246251565e-16,0.0,86.78259762338804,0.0,89.33468253597712,0.0,91.05231143320518,0.0,7.587692619433764,0.0,0.8217953106714896,0.0,0.8337913497971297,0.0,0.8417687979016197,0.0,0.8217953106714897,0.0,1.0,0.0
aligned,12,0.5,1,0.0,0.0,20270927.0,0.0,12.0,0.0,16.0,0.0,1.0,0.0,0.5,0.0,0.5,0.0,4.0,0.0,6.0,0.0,0.17540457668959458,0.0,0.17540457668959458,0.0,0.17540457668959458,0.0,0.0,0.0,0.9944299892208389,0.0,0.9888910034617578,0.0,0.9973002039367398,0.0,0.988891003461758,0.0,1.1102230246251565e-16,0.0,32.141532807581676,0.0,51.453173477021835,0.0,62.7754358094176,0.0,5.231286317451467,0.0,0.9944299892208389,0.0,1.0,0.0,1.0,0.0,0.9944299892208389,0.0,1.0,0.0
aligned,13,0.1,1,0.0,0.0,20270927.0,0.0,13.0,0.0,16.0,0.0,1.0,0.0,0.1,0.0,0.1,0.0,4.0,0.0,1.3,0.0,0.035344293392556084,0.0,0.035344293392556084,0.0,0.035344293392556084,0.0,0.0,0.0,0.43638097040557705,0.0,0.1904283513321131,0.0,0.48430777838827055,0.0,0.1904283513321131,0.0,0.0,0.0,152.4379150776487,0.0,152.43791507764868,0.0,152.75511897844262,0.0,11.75039376757251,0.0,0.43638097040557705,0.0,0.436380970405577,0.0,0.43683476108911273,0.0,0.43638097040557705,0.0,0.4594758141032291,0.0
aligned,13,0.25,1,0.0,0.0,20270927.0,0.0,13.0,0.0,16.0,0.0,1.0,0.0,0.25,0.0,0.25,0.0,4.0,0.0,3.25,0.0,0.08821599480681769,0.0,0.08821599480681769,0.0,0.08821599480681769,0.0,0.0,0.0,0.8561239190524095,0.0,0.7329481647736565,0.0,0.8958374411695609,0.0,0.7329481647736567,0.0,1.1102230246251565e-16,0.0,94.18431635272427,0.0,99.02808657207112,0.0,100.36596837970725,0.0,7.720459106131328,0.0,0.8561239190524094,0.0,0.8778625653676135,0.0,0.8837726871211448,0.0,0.8561239190524095,0.0,1.0,0.0
aligned,13,0.5,1,0.0,0.0,20270927.0,0.0,13.0,0.0,16.0,0.0,1.0,0.0,0.5,0.0,0.5,0.0,4.0,0.0,6.5,0.0,0.17540457668959458,0.0,0.17540457668959458,0.0,0.17540457668959458,0.0,0.0,0.0,0.997453723622799,0.0,0.9949139307689872,0.0,0.9988459499152185,0.0,0.9949139307689876,0.0,4.440892098500626e-16,0.0,32.33729362951789,0.0,56.28622288634922,0.0,70.95506022628064,0.0,5.458081555867741,0.0,0.9974537236227992,0.0,1.0,0.0,1.0,0.0,0.997453723622799,0.0,1.0,0.0
aligned,14,0.1,1,0.0,0.0,20270927.0,0.0,14.0,0.0,16.0,0.0,1.0,0.0,0.1,0.0,0.1,0.0,4.0,0.0,1.4000000000000001,0.0,0.035344293392556084,0.0,0.035344293392556084,0.0,0.035344293392556084,0.0,0.0,0.0,0.46614961306229985,0.0,0.21729546175813186,0.0,0.5160726955538539,0.0,0.21729546175813186,0.0,0.0,0.0,173.94503977233484,0.0,173.94503977233484,0.0,174.43070486046412,0.0,12.459336061461723,0.0,0.46614961306229985,0.0,0.46614961306229985,0.0,0.46679991843453444,0.0,0.46614961306229985,0.0,0.4948201074957852,0.0
aligned,14,0.25,1,0.0,0.0,20270927.0,0.0,14.0,0.0,16.0,0.0,1.0,0.0,0.25,0.0,0.25,0.0,4.0,0.0,3.5,0.0,0.08821599480681769,0.0,0.08821599480681769,0.0,0.08821599480681769,0.0,0.0,0.0,0.8852879944798262,0.0,0.7837348331701128,0.0,0.9198816862723658,0.0,0.7837348331701128,0.0,0.0,0.0,100.71043630587248,0.0,108.72149060816513,0.0,109.29656721512214,0.0,7.80689765822301,0.0,0.8852879944798261,0.0,0.9198246313026717,0.0,0.9222541049035916,0.0,0.8852879944798262,0.0,1.0,0.0
aligned,14,0.5,1,0.0,0.0,20270927.0,0.0,14.0,0.0,16.0,0.0,1.0,0.0,0.5,0.0,0.5,0.0,4.0,0.0,7.0,0.0,0.17540457668959458,0.0,0.17540457668959458,0.0,0.17540457668959458,0.0,0.0,0.0,0.9989056556461261,0.0,0.997812508881817,0.0,0.9995347418419289,0.0,0.9978125088818174,0.0,3.3306690738754696e-16,0.0,32.4315049664425,0.0,61.119272295676595,0.0,78.54981213086751,0.0,5.610700866490537,0.0,0.9989056556461261,0.0,1.0,0.0,1.0,0.0,0.9989056556461261,0.0,1.0,0.0
aligned,15,0.1,1,0.0,0.0,20270927.0,0.0,15.0,0.0,16.0,0.0,1.0,0.0,0.1,0.0,0.1,0.0,4.0,0.0,1.5000000000000002,0.0,0.035344293392556084,0.0,0.035344293392556084,0.0,0.035344293392556084,0.0,0.0,0.0,0.4951367467791022,0.0,0.24516039801099276,0.0,0.5467452952462635,0.0,0.24516039801099276,0.0,0.0,0.0,196.25092414534834,0.0,196.25092414534834,0.0,196.9703043673639,0.0,13.131353624490925,0.0,0.4951367467791022,0.0,0.4951367467791022,0.0,0.49604340687767823,0.0,0.4951367467791021,0.0,0.5301644008883413,0.0
aligned,15,0.25,1,0.0,0.0,20270927.0,0.0,15.0,0.0,16.0,0.0,1.0,0.0,0.25,0.0,0.25,0.0,4.0,0.0,3.75,0.0,0.08821599480681769,0.0,0.08821599480681769,0.0,0.08821599480681769,0.0,0.0,0.0,0.9097133483170659,0.0,0.8275783761062472,0.0,0.9392072764694772,0.0,0.8275783761062472,0.0,0.0,0.0,106.34436011711,0.0,118.41489464425914,0.0,117.85956093748733,0.0,7.857304062499155,0.0,0.9097133483170659,0.0,0.959954176525309,0.0,0.9577005689860052,0.0,0.9097133483170659,0.0,1.0,0.0
aligned,15,0.5,1,0.0,0.0,20270927.0,0.0,15.0,0.0,16.0,0.0,1.0,0.0,0.5,0.0,0.5,0.0,4.0,0.0,7.5,0.0,0.17540457668959458,0.0,0.17540457668959458,0.0,0.17540457668959458,0.0,0.0,0.0,0.999557989159741,0.0,0.9991161736930649,0.0,0.9998231654295984,0.0,0.9991161736930652,0.0,2.220446049250313e-16,0.0,32.47387746771325,0.0,65.95232170500398,0.0,85.55996348649464,0.0,5.70399756576631,0.0,0.9995579891597411,0.0,1.0,0.0,1.0,0.0,0.999557989159741,0.0,1.0,0.0
aligned,16,0.1,1,0.0,0.0,20270927.0,0.0,16.0,0.0,16.0,0.0,1.0,0.0,0.1,0.0,0.1,0.0,4.0,0.0,1.6000000000000003,0.0,0.035344293392556084,0.0,0.035344293392556084,0.0,0.035344293392556084,0.0,0.0,0.0,0.5233077134213762,0.0,0.27385096292630917,0.0,0.5762892028332067,0.0,0.27385096292630917,0.0,0.0,0.0,219.21772434866048,0.0,219.21772434866045,0.0,220.25291587542463,0.0,13.76580724221404,0.0,0.5233077134213762,0.0,0.5233077134213762,0.0,0.5245418419232685,0.0,0.5233077134213762,0.0,0.5655086942808973,0.0
aligned,16,0.25,1,0.0,0.0,20270927.0,0.0,16.0,0.0,16.0,0.0,1.0,0.0,0.25,0.0,0.25,0.0,4.0,0.0,4.0,0.0,0.08821599480681769,0.0,0.08821599480681769,0.0,0.08821599480681769,0.0,0.0,0.0,0.9298734950321937,0.0,0.8646647167633872,0.0,0.9544997361036416,0.0,0.8646647167633874,0.0,2.220446049250313e-16,0.0,111.10997903628098,0.0,128.1082986803531,0.0,126.10423662235617,0.0,7.8815147888972605,0.0,0.9298734950321937,0.0,0.9984721777323954,0.0,0.9906315940045707,0.0,0.9298734950321937,0.0,1.0,0.0
aligned,16,0.5,1,0.0,0.0,20270927.0,0.0,16.0,0.0,16.0,0.0,1.0,0.0,0.5,0.0,0.5,0.0,4.0,0.0,8.0,0.0,0.17540457668959458,0.0,0.17540457668959458,0.0,0.17540457668959458,0.0,0.0,0.0,0.9998322546167919,0.0,0.9996645373720975,0.0,0.9999366575163338,0.0,0.9996645373720978,0.0,3.3306690738754696e-16,0.0,32.491700715288985,0.0,70.78537111433137,0.0,92.04298371674889,0.0,5.752686482296806,0.0,0.999832254616792,0.0,1.0,0.0,1.0,0.0,0.9998322546167919,0.0,1.0,0.0
alternating,2,0.1,1,0.0,0.0,20270927.0,0.0,2.0,0.0,16.0,0.0,1.0,0.0,0.1,0.0,0.1,0.0,4.0,0.0,0.0,0.0,0.035344293392556084,0.0,0.035344293392556084,0.0,0.035344293392556084,0.0,0.0,0.0,0.0,0.0,0.0,0.0,0.0,0.0,-1.1038040679807351e-16,0.0,1.1038040679807351e-16,0.0,1.0,0.0,2.0,0.0,4.000000000000089,0.0,2.0000000000000444,0.0,0.035344293392556084,0.0,0.049984379068246584,0.0,0.07068858678511296,0.0,0.07062238177318633,0.0,0.07068858678511217,0.0
alternating,2,0.25,1,0.0,0.0,20270927.0,0.0,2.0,0.0,16.0,0.0,1.0,0.0,0.25,0.0,0.25,0.0,4.0,0.0,0.0,0.0,0.08821599480681769,0.0,0.08821599480681769,0.0,0.08821599480681769,0.0,0.0,0.0,0.0,0.0,0.0,0.0,0.0,0.0,-1.1038580295749829e-16,0.0,1.1038580295749829e-16,0.0,1.0,0.0,2.0,0.0,4.000000000000014,0.0,2.000000000000007,0.0,0.08821599480681769,0.0,0.12475625627403611,0.0,0.17643198961363568,0.0,0.17540457668959458,0.0,0.17643198961363538,0.0
alternating,2,0.5,1,0.0,0.0,20270927.0,0.0,2.0,0.0,16.0,0.0,1.0,0.0,0.5,0.0,0.5,0.0,4.0,0.0,0.0,0.0,0.17540457668959458,0.0,0.17540457668959458,0.0,0.17540457668959458,0.0,0.0,0.0,0.0,0.0,0.0,0.0,0.0,0.0,-1.1700049287156663e-17,0.0,1.1700049287156663e-17,0.0,1.0,0.0,2.0,0.0,4.0,0.0,2.0,0.0,0.17540457668959458,0.0,0.24805953125673633,0.0,0.35080915337918916,0.0,0.34278724803499405,0.0,0.35080915337918916,0.0
alternating,3,0.1,1,0.0,0.0,20270927.0,0.0,3.0,0.0,16.0,0.0,1.0,0.0,0.1,0.0,0.1,0.0,4.0,0.0,0.1,0.0,0.035344293392556084,0.0,0.035344293392556084,0.0,0.035344293392556084,0.0,0.0,0.0,0.035344293392556084,0.0,0.0012492190754190837,0.0,0.03987761167674497,0.0,0.0012492190754188623,0.0,2.2139408362154e-16,0.0,3.9999999999999996,0.0,5.0,0.0,9.000000000000178,0.0,3.0000000000000595,0.0,0.07068858678511215,0.0,0.07903224264245207,0.0,0.1060328801776693,0.0,0.10576840449192237,0.0,0.10603288017766825,0.0
alternating,3,0.25,1,0.0,0.0,20270927.0,0.0,3.0,0.0,16.0,0.0,1.0,0.0,0.25,0.0,0.25,0.0,4.0,0.0,0.25,0.0,0.08821599480681769,0.0,0.08821599480681769,0.0,0.08821599480681769,0.0,0.0,0.0,0.08821599480681769,0.0,0.007782061739756485,0.0,0.09947644966022584,0.0,0.007782061739756265,0.0,2.203098814490545e-16,0.0,4.0,0.0,5.0,0.0,9.000000000000028,0.0,3.0000000000000093,0.0,0.17643198961363538,0.0,0.19725696109081278,0.0,0.2646479844204535,0.0,0.260571501973014,0.0,0.26464798442045306,0.0
alternating,3,0.5,1,0.0,0.0,20270927.0,0.0,3.0,0.0,16.0,0.0,1.0,0.0,0.5,0.0,0.5,0.0,4.0,0.0,0.5,0.0,0.17540457668959458,0.0,0.17540457668959458,0.0,0.17540457668959458,0.0,0.0,0.0,0.17540457668959458,0.0,0.030766765523655867,0.0,0.1974126513658474,0.0,0.030766765523655856,0.0,1.0408340855860843e-17,0.0,4.0,0.0,5.0,0.0,9.000000000000004,0.0,3.000000000000001,0.0,0.35080915337918916,0.0,0.3922165570425085,0.0,0.5262137300687838,0.0,0.4951367467791021,0.0,0.5262137300687837,0.0
alternating,4,0.1,1,0.0,0.0,20270927.0,0.0,4.0,0.0,16.0,0.0,1.0,0.0,0.1,0.0,0.1,0.0,4.0,0.0,0.0,0.0,0.035344293392556084,0.0,0.035344293392556084,0.0,0.035344293392556084,0.0,0.0,0.0,0.0,0.0,0.0,0.0,0.0,0.0,-4.4249921862165616e-16,0.0,4.4249921862165616e-16,0.0,3.9999999999999996,0.0,7.999999999999999,0.0,16.00000000000035,0.0,4.000000000000088,0.0,0.07068858678511215,0.0,0.09996875813649315,0.0,0.14137717357022586,0.0,0.14071718691490656,0.0,0.14137717357022433,0.0
alternating,4,0.25,1,0.0,0.0,20270927.0,0.0,4.0,0.0,16.0,0.0,1.0,0.0,0.25,0.0,0.25,0.0,4.0,0.0,0.0,0.0,0.08821599480681769,0.0,0.08821599480681769,0.0,0.08821599480681769,0.0,0.0,0.0,0.0,0.0,0.0,0.0,0.0,0.0,-4.411353202081666e-16,0.0,4.411353202081666e-16,0.0,4.0,0.0,8.0,0.0,16.00000000000006,0.0,4.000000000000015,0.0,0.17643198961363538,0.0,0.24951251254807222,0.0,0.35286397922727136,0.0,0.34278724803499405,0.0,0.35286397922727075,0.0
alternating,4,0.5,1,0.0,0.0,20270927.0,0.0,4.0,0.0,16.0,0.0,1.0,0.0,0.5,0.0,0.5,0.0,4.0,0.0,0.0,0.0,0.17540457668959458,0.0,0.17540457668959458,0.0,0.17540457668959458,0.0,0.0,0.0,0.0,0.0,0.0,0.0,0.0,0.0,-3.117386925369835e-17,0.0,3.117386925369835e-17,0.0,4.0,0.0,8.0,0.0,16.0,0.0,4.0,0.0,0.35080915337918916,0.0,0.49611906251347265,0.0,0.7016183067583783,0.0,0.6272713450233213,0.0,0.7016183067583783,0.0
alternating,5,0.1,1,0.0,0.0,20270927.0,0.0,5.0,0.0,16.0,0.0,1.0,0.0,0.1,0.0,0.1,0.0,4.0,0.0,0.1,0.0,0.035344293392556084,0.0,0.035344293392556084,0.0,0.035344293392556084,0.0,0.0,0.0,0.035344293392556084,0.0,0.0012492190754190837,0.0,0.03987761167674497,0.0,0.0012492190754184193,0.0,6.643990912991171e-16,0.0,9.0,0.0,12.999999999999998,0.0,25.000000000000526,0.0,5.000000000000105,0.0,0.10603288017766825,0.0,0.12743566212190402,0.0,0.17672146696278226,0.0,0.17540457668959458,0.0,0.1767214669627804,0.0
alternating,5,0.25,1,0.0,0.0,20270927.0,0.0,5.0,0.0,16.0,0.0,1.0,0.0,0.25,0.0,0.25,0.0,4.0,0.0,0.25,0.0,0.08821599480681769,0.0,0.08821599480681769,0.0,0.08821599480681769,0.0,0.0,0.0,0.08821599480681769,0.0,0.007782061739756485,0.0,0.09947644966022584,0.0,0.007782061739755823,0.0,6.617970060851519e-16,0.0,9.0,0.0,13.0,0.0,25.000000000000075,0.0,5.000000000000015,0.0,0.26464798442045306,0.0,0.31806729259204614,0.0,0.44107997403408905,0.0,0.42121542896875863,0.0,0.44107997403408844,0.0
alternating,5,0.5,1,0.0,0.0,20270927.0,0.0,5.0,0.0,16.0,0.0,1.0,0.0,0.5,0.0,0.5,0.0,4.0,0.0,0.5,0.0,0.17540457668959458,0.0,0.17540457668959458,0.0,0.17540457668959458,0.0,0.0,0.0,0.17540457668959458,0.0,0.030766765523655867,0.0,0.1974126513658474,0.0,0.03076676552365584,0.0,2.7755575615628914e-17,0.0,9.0,0.0,13.000000000000002,0.0,25.000000000000004,0.0,5.000000000000001,0.0,0.5262137300687837,0.0,0.6324301952053889,0.0,0.877022883447973,0.0,0.736319657640882,0.0,0.877022883447973,0.0
alternating,6,0.1,1,0.0,0.0,20270927.0,0.0,6.0,0.0,16.0,0.0,1.0,0.0,0.1,0.0,0.1,0.0,4.0,0.0,0.0,0.0,0.035344293392556084,0.0,0.035344293392556084,0.0,0.035344293392556084,0.0,0.0,0.0,0.0,0.0,0.0,0.0,0.0,0.0,-9.963919773033305e-16,0.0,9.963919773033305e-16,0.0,9.0,0.0,17.999999999999996,0.0,36.00000000000078,0.0,6.000000000000131,0.0,0.10603288017766825,0.0,0.14995313720473974,0.0,0.2120657603553388,0.0,0.2097677719929831,0.0,0.2120657603553365,0.0
alternating,6,0.25,1,0.0,0.0,20270927.0,0.0,6.0,0.0,16.0,0.0,1.0,0.0,0.25,0.0,0.25,0.0,4.0,0.0,0.0,0.0,0.08821599480681769,0.0,0.08821599480681769,0.0,0.08821599480681769,0.0,0.0,0.0,0.0,0.0,0.0,0.0,0.0,0.0,-9.926564433738316e-16,0.0,9.926564433738316e-16,0.0,9.0,0.0,18.0,0.0,36.000000000000135,0.0,6.000000000000022,0.0,0.26464798442045306,0.0,0.37426876882210824,0.0,0.5292959688409071,0.0,0.4951367467791021,0.0,0.5292959688409061,0.0
alternating,6,0.5,1,0.0,0.0,20270927.0,0.0,6.0,0.0,16.0,0.0,1.0,0.0,0.5,0.0,0.5,0.0,4.0,0.0,0.0,0.0,0.17540457668959458,0.0,0.17540457668959458,0.0,0.17540457668959458,0.0,0.0,0.0,0.0,0.0,0.0,0.0,0.0,0.0,-4.2873918540855025e-17,0.0,4.2873918540855025e-17,0.0,9.0,0.0,18.000000000000004,0.0,36.00000000000001,0.0,6.000000000000001,0.0,0.5262137300687837,0.0,0.744178593770209,0.0,1.0,0.0,0.8217953106714897,0.0,1.0,0.0
alternating,7,0.1,1,0.0,0.0,20270927.0,0.0,7.0,0.0,16.0,0.0,1.0,0.0,0.1,0.0,0.1,0.0,4.0,0.0,0.1,0.0,0.035344293392556084,0.0,0.035344293392556084,0.0,0.035344293392556084,0.0,0.0,0.0,0.035344293392556084,0.0,0.0012492190754190837,0.0,0.03987761167674497,0.0,0.001249219075417755,0.0,1.3287981825982342e-15,0.0,15.999999999999998,0.0,24.999999999999996,0.0,49.00000000000108,0.0,7.0000000000001545,0.0,0.1413771735702243,0.0,0.1767214669627804,0.0,0.24741005374789532,0.0,0.2437456392136235,0.0,0.2474100537478926,0.0
alternating,7,0.25,1,0.0,0.0,20270927.0,0.0,7.0,0.0,16.0,0.0,1.0,0.0,0.25,0.0,0.25,0.0,4.0,0.0,0.25,0.0,0.08821599480681769,0.0,0.08821599480681769,0.0,0.08821599480681769,0.0,0.0,0.0,0.08821599480681769,0.0,0.007782061739756485,0.0,0.09947644966022584,0.0,0.007782061739755162,0.0,1.3227266504323154e-15,0.0,16.0,0.0,25.0,0.0,49.00000000000018,0.0,7.000000000000026,0.0,0.35286397922727075,0.0,0.44107997403408844,0.0,0.6175119636477249,0.0,0.5639674182163823,0.0,0.6175119636477238,0.0
alternating,7,0.5,1,0.0,0.0,20270927.0,0.0,7.0,0.0,16.0,0.0,1.0,0.0,0.5,0.0,0.5,0.0,4.0,0.0,0.5,0.0,0.17540457668959458,0.0,0.17540457668959458,0.0,0.17540457668959458,0.0,0.0,0.0,0.17540457668959458,0.0,0.030766765523655867,0.0,0.1974126513658474,0.0,0.03076676552365583,0.0,3.8163916471489756e-17,0.0,16.0,0.0,25.000000000000004,0.0,49.00000000000002,0.0,7.000000000000003,0.0,0.7016183067583783,0.0,0.877022883447973,0.0,1.0,0.0,0.8852879944798262,0.0,1.0,0.0
alternating,8,0.1,1,0.0,0.0,20270927.0,0.0,8.0,0.0,16.0,0.0,1.0,0.0,0.1,0.0,0.1,0.0,4.0,0.0,0.0,0.0,0.035344293392556084,0.0,0.035344293392556084,0.0,0.035344293392556084,0.0,0.0,0.0,0.0,0.0,0.0,0.0,0.0,0.0,-1.7720231410105142e-15,0.0,1.7720231410105142e-15,0.0,15.999999999999998,0.0,31.999999999999993,0.0,64.00000000000139,0.0,8.000000000000174,0.0,0.1413771735702243,0.0,0.1999375162729863,0.0,0.2827543471404517,0.0,0.27727901762189694,0.0,0.28275434714044867,0.0
alternating,8,0.25,1,0.0,0.0,20270927.0,0.0,8.0,0.0,16.0,0.0,1.0,0.0,0.25,0.0,0.25,0.0,4.0,0.0,0.0,0.0,0.08821599480681769,0.0,0.08821599480681769,0.0,0.08821599480681769,0.0,0.0,0.0,0.0,0.0,0.0,0.0,0.0,0.0,-1.7645412808326664e-15,0.0,1.7645412808326664e-15,0.0,16.0,0.0,32.0,0.0,64.00000000000023,0.0,8.000000000000028,0.0,0.35286397922727075,0.0,0.49902502509614444,0.0,0.7057279584545427,0.0,0.6272713450233213,0.0,0.7057279584545415,0.0
alternating,8,0.5,1,0.0,0.0,20270927.0,0.0,8.0,0.0,16.0,0.0,1.0,0.0,0.5,0.0,0.5,0.0,4.0,0.0,0.0,0.0,0.17540457668959458,0.0,0.17540457668959458,0.0,0.17540457668959458,0.0,0.0,0.0,0.0,0.0,0.0,0.0,0.0,0.0,-6.234773850739672e-17,0.0,6.234773850739672e-17,0.0,16.0,0.0,32.00000000000001,0.0,64.00000000000001,0.0,8.000000000000002,0.0,0.7016183067583783,0.0,0.9922381250269453,0.0,1.0,0.0,0.9298734950321937,0.0,1.0,0.0
alternating,9,0.1,1,0.0,0.0,20270927.0,0.0,9.0,0.0,16.0,0.0,1.0,0.0,0.1,0.0,0.1,0.0,4.0,0.0,0.1,0.0,0.035344293392556084,0.0,0.035344293392556084,0.0,0.035344293392556084,0.0,0.0,0.0,0.035344293392556084,0.0,0.0012492190754190837,0.0,0.03987761167674497,0.0,0.0012492190754168687,0.0,2.2150250383878856e-15,0.0,25.0,0.0,40.99999999999999,0.0,81.00000000000175,0.0,9.000000000000194,0.0,0.1767214669627804,0.0,0.22631390167681353,0.0,0.3180986405330082,0.0,0.31031100871030015,0.0,0.31809864053300474,0.0
alternating,9,0.25,1,0.0,0.0,20270927.0,0.0,9.0,0.0,16.0,0.0,1.0,0.0,0.25,0.0,0.25,0.0,4.0,0.0,0.25,0.0,0.08821599480681769,0.0,0.08821599480681769,0.0,0.08821599480681769,0.0,0.0,0.0,0.08821599480681769,0.0,0.007782061739756485,0.0,0.09947644966022584,0.0,0.00778206173975428,0.0,2.204833537966522e-15,0.0,25.0,0.0,41.0,0.0,81.00000000000028,0.0,9.000000000000032,0.0,0.44107997403408844,0.0,0.5648579744767847,0.0,0.7939439532613606,0.0,0.6847656598900493,0.0,0.7939439532613592,0.0
alternating,9,0.5,1,0.0,0.0,20270927.0,0.0,9.0,0.0,16.0,0.0,1.0,0.0,0.5,0.0,0.5,0.0,4.0,0.0,0.5,0.0,0.17540457668959458,0.0,0.17540457668959458,0.0,0.17540457668959458,0.0,0.0,0.0,0.17540457668959458,0.0,0.030766765523655867,0.0,0.1974126513658474,0.0,0.030766765523655797,0.0,6.938893903907228e-17,0.0,25.0,0.0,41.00000000000001,0.0,81.0,0.0,9.0,0.0,0.877022883447973,0.0,1.0,0.0,1.0,0.0,0.9593958991374584,0.0,1.0,0.0
alternating,10,0.1,1,0.0,0.0,20270927.0,0.0,10.0,0.0,16.0,0.0,1.0,0.0,0.1,0.0,0.1,0.0,4.0,0.0,0.0,0.0,0.035344293392556084,0.0,0.035344293392556084,0.0,0.035344293392556084,0.0,0.0,0.0,0.0,0.0,0.0,0.0,0.0,0.0,-2.7694282515757895e-15,0.0,2.7694282515757895e-15,0.0,25.0,0.0,49.999999999999986,0.0,100.00000000000225,0.0,10.000000000000224,0.0,0.1767214669627804,0.0,0.2499218953412329,0.0,0.3534429339255648,0.0,0.34278724803499405,0.0,0.3534429339255608,0.0
alternating,10,0.25,1,0.0,0.0,20270927.0,0.0,10.0,0.0,16.0,0.0,1.0,0.0,0.25,0.0,0.25,0.0,4.0,0.0,0.0,0.0,0.08821599480681769,0.0,0.08821599480681769,0.0,0.08821599480681769,0.0,0.0,0.0,0.0,0.0,0.0,0.0,0.0,0.0,-2.757197724206498e-15,0.0,2.757197724206498e-15,0.0,25.0,0.0,50.0,0.0,100.00000000000037,0.0,10.000000000000037,0.0,0.44107997403408844,0.0,0.6237812813701805,0.0,0.8821599480681784,0.0,0.736319657640882,0.0,0.8821599480681769,0.0
alternating,10,0.5,1,0.0,0.0,20270927.0,0.0,10.0,0.0,16.0,0.0,1.0,0.0,0.5,0.0,0.5,0.0,4.0,0.0,0.0,0.0,0.17540457668959458,0.0,0.17540457668959458,0.0,0.17540457668959458,0.0,0.0,0.0,0.0,0.0,0.0,0.0,0.0,0.0,-7.404778779455337e-17,0.0,7.404778779455337e-17,0.0,25.0,0.0,50.000000000000014,0.0,100.00000000000001,0.0,10.000000000000002,0.0,0.877022883447973,0.0,1.0,0.0,1.0,0.0,0.9777847750791544,0.0,1.0,0.0
alternating,11,0.1,1,0.0,0.0,20270927.0,0.0,11.0,0.0,16.0,0.0,1.0,0.0,0.1,0.0,0.1,0.0,4.0,0.0,0.1,0.0,0.035344293392556084,0.0,0.035344293392556084,0.0,0.035344293392556084,0.0,0.0,0.0,0.035344293392556084,0.0,0.0012492190754190837,0.0,0.03987761167674497,0.0,0.001249219075415761,0.0,3.322645977799077e-15,0.0,36.0,0.0,60.99999999999999,0.0,121.00000000000264,0.0,11.00000000000024,0.0,0.2120657603553365,0.0,0.2760477560143608,0.0,0.3887872273181212,0.0,0.3746561575597789,0.0,0.38878722731811693,0.0
alternating,11,0.25,1,0.0,0.0,20270927.0,0.0,11.0,0.0,16.0,0.0,1.0,0.0,0.25,0.0,0.25,0.0,4.0,0.0,0.25,0.0,0.08821599480681769,0.0,0.08821599480681769,0.0,0.08821599480681769,0.0,0.0,0.0,0.08821599480681769,0.0,0.007782061739756485,0.0,0.09947644966022584,0.0,0.007782061739753179,0.0,3.3063829452117943e-15,0.0,36.0,0.0,61.0,0.0,121.00000000000043,0.0,11.000000000000039,0.0,0.5292959688409061,0.0,0.6889889448497309,0.0,0.9703759428749963,0.0,0.7819474870396578,0.0,0.9703759428749945,0.0
alternating,11,0.5,1,0.0,0.0,20270927.0,0.0,11.0,0.0,16.0,0.0,1.0,0.0,0.5,0.0,0.5,0.0,4.0,0.0,0.5,0.0,0.17540457668959458,0.0,0.17540457668959458,0.0,0.17540457668959458,0.0,0.0,0.0,0.17540457668959458,0.0,0.030766765523655867,0.0,0.1974126513658474,0.0,0.0307667655236558,0.0,6.591949208711867e-17,0.0,36.0,0.0,61.000000000000014,0.0,121.0,0.0,11.0,0.0,1.0,0.0,1.0,0.0,1.0,0.0,0.9885372118015526,0.0,1.0,0.0
alternating,12,0.1,1,0.0,0.0,20270927.0,0.0,12.0,0.0,16.0,0.0,1.0,0.0,0.1,0.0,0.1,0.0,4.0,0.0,0.0,0.0,0.035344293392556084,0.0,0.035344293392556084,0.0,0.035344293392556084,0.0,0.0,0.0,0.0,0.0,0.0,0.0,0.0,0.0,-3.988571767166574e-15,0.0,3.988571767166574e-15,0.0,36.0,0.0,71.99999999999999,0.0,144.00000000000318,0.0,12.000000000000265,0.0,0.2120657603553365,0.0,0.2999062744094795,0.0,0.4241315207106777,0.0,0.40586917669210604,0.0,0.424131520710673,0.0
alternating,12,0.25,1,0.0,0.0,20270927.0,0.0,12.0,0.0,16.0,0.0,1.0,0.0,0.25,0.0,0.25,0.0,4.0,0.0,0.0,0.0,0.08821599480681769,0.0,0.08821599480681769,0.0,0.08821599480681769,0.0,0.0,0.0,0.0,0.0,0.0,0.0,0.0,0.0,-3.970217881873499e-15,0.0,3.970217881873499e-15,0.0,36.0,0.0,72.0,0.0,144.00000000000048,0.0,12.00000000000004,0.0,0.5292959688409061,0.0,0.7485375376442165,0.0,1.0,0.0,0.8217953106714897,0.0,1.0,0.0
alternating,12,0.5,1,0.0,0.0,20270927.0,0.0,12.0,0.0,16.0,0.0,1.0,0.0,0.5,0.0,0.5,0.0,4.0,0.0,0.0,0.0,0.17540457668959458,0.0,0.17540457668959458,0.0,0.17540457668959458,0.0,0.0,0.0,0.0,0.0,0.0,0.0,0.0,0.0,-9.352160776109506e-17,0.0,9.352160776109506e-17,0.0,36.0,0.0,72.00000000000001,0.0,144.0,0.0,12.0,0.0,1.0,0.0,1.0,0.0,1.0,0.0,0.9944299892208389,0.0,1.0,0.0
alternating,13,0.1,1,0.0,0.0,20270927.0,0.0,13.0,0.0,16.0,0.0,1.0,0.0,0.1,0.0,0.1,0.0,4.0,0.0,0.1,0.0,0.035344293392556084,0.0,0.035344293392556084,0.0,0.035344293392556084,0.0,0.0,0.0,0.035344293392556084,0.0,0.0012492190754190837,0.0,0.03987761167674497,0.0,0.0012492190754144303,0.0,4.653395724307785e-15,0.0,49.0,0.0,84.99999999999999,0.0,169.00000000000372,0.0,13.000000000000286,0.0,0.2474100537478926,0.0,0.32585828424427404,0.0,0.4594758141032342,0.0,0.43638097040557705,0.0,0.4594758141032291,0.0
alternating,13,0.25,1,0.0,0.0,20270927.0,0.0,13.0,0.0,16.0,0.0,1.0,0.0,0.25,0.0,0.25,0.0,4.0,0.0,0.25,0.0,0.08821599480681769,0.0,0.08821599480681769,0.0,0.08821599480681769,0.0,0.0,0.0,0.08821599480681769,0.0,0.007782061739756485,0.0,0.09947644966022584,0.0,0.007782061739751856,0.0,4.62910959564411e-15,0.0,49.0,0.0,85.0,0.0,169.00000000000057,0.0,13.000000000000044,0.0,0.6175119636477238,0.0,0.8133112859657742,0.0,1.0,0.0,0.8561239190524095,0.0,1.0,0.0
alternating,13,0.5,1,0.0,0.0,20270927.0,0.0,13.0,0.0,16.0,0.0,1.0,0.0,0.5,0.0,0.5,0.0,4.0,0.0,0.5,0.0,0.17540457668959458,0.0,0.17540457668959458,0.0,0.17540457668959458,0.0,0.0,0.0,0.17540457668959458,0.0,0.030766765523655867,0.0,0.1974126513658474,0.0,0.030766765523655783,0.0,8.326672684688674e-17,0.0,49.0,0.0,85.00000000000001,0.0,169.0,0.0,13.0,0.0,1.0,0.0,1.0,0.0,1.0,0.0,0.997453723622799,0.0,1.0,0.0
alternating,14,0.1,1,0.0,0.0,20270927.0,0.0,14.0,0.0,16.0,0.0,1.0,0.0,0.1,0.0,0.1,0.0,4.0,0.0,0.0,0.0,0.035344293392556084,0.0,0.035344293392556084,0.0,0.035344293392556084,0.0,0.0,0.0,0.0,0.0,0.0,0.0,0.0,0.0,-5.429489229615451e-15,0.0,5.429489229615451e-15,0.0,49.0,0.0,97.99999999999997,0.0,196.00000000000432,0.0,14.000000000000309,0.0,0.2474100537478926,0.0,0.349890653477726,0.0,0.49482010749579064,0.0,0.46614961306229985,0.0,0.4948201074957852,0.0
alternating,14,0.25,1,0.0,0.0,20270927.0,0.0,14.0,0.0,16.0,0.0,1.0,0.0,0.25,0.0,0.25,0.0,4.0,0.0,0.0,0.0,0.08821599480681769,0.0,0.08821599480681769,0.0,0.08821599480681769,0.0,0.0,0.0,0.0,0.0,0.0,0.0,0.0,0.0,-5.404009645455498e-15,0.0,5.404009645455498e-15,0.0,49.0,0.0,98.0,0.0,196.00000000000068,0.0,14.00000000000005,0.0,0.6175119636477238,0.0,0.8732937939182527,0.0,1.0,0.0,0.8852879944798262,0.0,1.0,0.0
alternating,14,0.5,1,0.0,0.0,20270927.0,0.0,14.0,0.0,16.0,0.0,1.0,0.0,0.5,0.0,0.5,0.0,4.0,0.0,0.0,0.0,0.17540457668959458,0.0,0.17540457668959458,0.0,0.17540457668959458,0.0,0.0,0.0,0.0,0.0,0.0,0.0,0.0,0.0,-1.0522165704825172e-16,0.0,1.0522165704825172e-16,0.0,49.0,0.0,98.00000000000003,0.0,196.00000000000003,0.0,14.000000000000002,0.0,1.0,0.0,1.0,0.0,1.0,0.0,0.9989056556461261,0.0,1.0,0.0
alternating,15,0.1,1,0.0,0.0,20270927.0,0.0,15.0,0.0,16.0,0.0,1.0,0.0,0.1,0.0,0.1,0.0,4.0,0.0,0.1,0.0,0.035344293392556084,0.0,0.035344293392556084,0.0,0.035344293392556084,0.0,0.0,0.0,0.035344293392556084,0.0,0.0012492190754190837,0.0,0.03987761167674497,0.0,0.001249219075412879,0.0,6.204672192700045e-15,0.0,64.0,0.0,112.99999999999997,0.0,225.000000000005,0.0,15.000000000000334,0.0,0.28275434714044867,0.0,0.37571499241094497,0.0,0.5301644008883472,0.0,0.4951367467791021,0.0,0.5301644008883413,0.0
alternating,15,0.25,1,0.0,0.0,20270927.0,0.0,15.0,0.0,16.0,0.0,1.0,0.0,0.25,0.0,0.25,0.0,4.0,0.0,0.25,0.0,0.08821599480681769,0.0,0.08821599480681769,0.0,0.08821599480681769,0.0,0.0,0.0,0.08821599480681769,0.0,0.007782061739756485,0.0,0.09947644966022584,0.0,0.007782061739750314,0.0,6.171278765787491e-15,0.0,64.0,0.0,113.0,0.0,225.0000000000008,0.0,15.000000000000053,0.0,0.7057279584545415,0.0,0.9377488878119147,0.0,1.0,0.0,0.9097133483170659,0.0,1.0,0.0
alternating,15,0.5,1,0.0,0.0,20270927.0,0.0,15.0,0.0,16.0,0.0,1.0,0.0,0.5,0.0,0.5,0.0,4.0,0.0,0.5,0.0,0.17540457668959458,0.0,0.17540457668959458,0.0,0.17540457668959458,0.0,0.0,0.0,0.17540457668959458,0.0,0.030766765523655867,0.0,0.1974126513658474,0.0,0.030766765523655756,0.0,1.1102230246251565e-16,0.0,64.0,0.0,113.00000000000003,0.0,225.00000000000006,0.0,15.000000000000004,0.0,1.0,0.0,1.0,0.0,1.0,0.0,0.999557989159741,0.0,1.0,0.0
alternating,16,0.1,1,0.0,0.0,20270927.0,0.0,16.0,0.0,16.0,0.0,1.0,0.0,0.1,0.0,0.1,0.0,4.0,0.0,0.0,0.0,0.035344293392556084,0.0,0.035344293392556084,0.0,0.035344293392556084,0.0,0.0,0.0,0.0,0.0,0.0,0.0,0.0,0.0,-7.092145097089836e-15,0.0,7.092145097089836e-15,0.0,64.0,0.0,127.99999999999997,0.0,256.00000000000557,0.0,16.000000000000348,0.0,0.28275434714044867,0.0,0.3998750325459726,0.0,0.5655086942809034,0.0,0.5233077134213762,0.0,0.5655086942808973,0.0
alternating,16,0.25,1,0.0,0.0,20270927.0,0.0,16.0,0.0,16.0,0.0,1.0,0.0,0.25,0.0,0.25,0.0,4.0,0.0,0.0,0.0,0.08821599480681769,0.0,0.08821599480681769,0.0,0.08821599480681769,0.0,0.0,0.0,0.0,0.0,0.0,0.0,0.0,0.0,-7.0581651233306656e-15,0.0,7.0581651233306656e-15,0.0,64.0,0.0,128.0,0.0,256.00000000000097,0.0,16.00000000000006,0.0,0.7057279584545415,0.0,0.9980500501922889,0.0,1.0,0.0,0.9298734950321937,0.0,1.0,0.0
alternating,16,0.5,1,0.0,0.0,20270927.0,0.0,16.0,0.0,16.0,0.0,1.0,0.0,0.5,0.0,0.5,0.0,4.0,0.0,0.0,0.0,0.17540457668959458,0.0,0.17540457668959458,0.0,0.17540457668959458,0.0,0.0,0.0,0.0,0.0,0.0,0.0,0.0,0.0,-1.246954770147934e-16,0.0,1.246954770147934e-16,0.0,64.0,0.0,128.00000000000003,0.0,255.99999999999991,0.0,15.999999999999995,0.0,1.0,0.0,1.0,0.0,1.0,0.0,0.9998322546167919,0.0,1.0,0.0
clustered,2,0.1,1,0.0,0.0,20270927.0,0.0,2.0,0.0,16.0,0.0,1.0,0.0,0.1,0.0,0.1,0.0,4.0,0.0,0.2,0.0,0.035344293392556084,0.0,0.035344293392556084,0.0,0.035344293392556084,0.0,0.0,0.0,0.07062238177318633,0.0,0.004987520807317681,0.0,0.07965567455405798,0.0,0.00498752080731768,0.0,8.673617379884035e-19,0.0,3.9925109257913665,0.0,3.9925109257913665,0.0,3.9925109257913665,0.0,1.9962554628956832,0.0,0.07062238177318632,0.0,0.07062238177318632,0.0,0.07062238177318632,0.0,0.07062238177318633,0.0,0.07068858678511217,0.0
clustered,2,0.25,1,0.0,0.0,20270927.0,0.0,2.0,0.0,16.0,0.0,1.0,0.0,0.25,0.0,0.25,0.0,4.0,0.0,0.5,0.0,0.08821599480681769,0.0,0.08821599480681769,0.0,0.08821599480681769,0.0,0.0,0.0,0.17540457668959458,0.0,0.030766765523655867,0.0,0.1974126513658474,0.0,0.03076676552365587,0.0,3.469446951953614e-18,0.0,3.953549400215709,0.0,3.953549400215709,0.0,3.953549400215709,0.0,1.9767747001078546,0.0,0.17540457668959458,0.0,0.17540457668959458,0.0,0.17540457668959458,0.0,0.17540457668959458,0.0,0.17643198961363538,0.0
clustered,2,0.5,1,0.0,0.0,20270927.0,0.0,2.0,0.0,16.0,0.0,1.0,0.0,0.5,0.0,0.5,0.0,4.0,0.0,1.0,0.0,0.17540457668959458,0.0,0.17540457668959458,0.0,0.17540457668959458,0.0,0.0,0.0,0.34278724803499405,0.0,0.11750309741540453,0.0,0.38292492254802624,0.0,0.11750309741540454,0.0,1.3877787807814457e-17,0.0,3.8191566586698587,0.0,3.8191566586698587,0.0,3.8191566586698587,0.0,1.9095783293349293,0.0,0.34278724803499405,0.0,0.34278724803499405,0.0,0.34278724803499405,0.0,0.34278724803499405,0.0,0.35080915337918916,0.0
clustered,3,0.1,1,0.0,0.0,20270927.0,0.0,3.0,0.0,16.0,0.0,1.0,0.0,0.1,0.0,0.1,0.0,4.0,0.0,0.30000000000000004,0.0,0.035344293392556084,0.0,0.035344293392556084,0.0,0.035344293392556084,0.0,0.0,0.0,0.10576840449192237,0.0,0.011186955388766904,0.0,0.119235384740485,0.0,0.011186955388766906,0.0,1.734723475976807e-18,0.0,8.955158954016088,0.0,8.955158954016088,0.0,8.95518690377233,0.0,2.985062301257443,0.0,0.10576840449192237,0.0,0.10576840449192237,0.0,0.105768569547553,0.0,0.10576840449192237,0.0,0.10603288017766825,0.0
clustered,3,0.25,1,0.0,0.0,20270927.0,0.0,3.0,0.0,16.0,0.0,1.0,0.0,0.25,0.0,0.25,0.0,4.0,0.0,0.75,0.0,0.08821599480681769,0.0,0.08821599480681769,0.0,0.08821599480681769,0.0,0.0,0.0,0.260571501973014,0.0,0.06789750764047243,0.0,0.2923395333454475,0.0,0.06789750764047243,0.0,0.0,0.0,8.724873935862279,0.0,8.724873935862279,0.0,8.725930466786057,0.0,2.9086434889286856,0.0,0.26057150197301393,0.0,0.26057150197301393,0.0,0.2605872783336731,0.0,0.260571501973014,0.0,0.26464798442045306,0.0
clustered,3,0.5,1,0.0,0.0,20270927.0,0.0,3.0,0.0,16.0,0.0,1.0,0.0,0.5,0.0,0.5,0.0,4.0,0.0,1.5,0.0,0.17540457668959458,0.0,0.17540457668959458,0.0,0.17540457668959458,0.0,0.0,0.0,0.4951367467791021,0.0,0.24516039801099265,0.0,0.5467452952462635,0.0,0.24516039801099265,0.0,0.0,0.0,7.968351363502751,0.0,7.968351363502751,0.0,7.983385085842935,0.0,2.661128361947645,0.0,0.4951367467791021,0.0,0.4951367467791021,0.0,0.4956036087652922,0.0,0.4951367467791021,0.0,0.5262137300687837,0.0
clustered,4,0.1,1,0.0,0.0,20270927.0,0.0,4.0,0.0,16.0,0.0,1.0,0.0,0.1,0.0,0.1,0.0,4.0,0.0,0.4,0.0,0.035344293392556084,0.0,0.035344293392556084,0.0,0.035344293392556084,0.0,0.0,0.0,0.14071718691490656,0.0,0.01980132669324475,0.0,0.15851941887820598,0.0,0.019801326693244744,0.0,6.938893903907228e-18,0.0,15.850964080581196,0.0,15.850964080581196,0.0,15.851186332684584,0.0,3.962796583171146,0.0,0.14071718691490653,0.0,0.14071718691490653,0.0,0.14071817343474813,0.0,0.14071718691490656,0.0,0.14137717357022433,0.0
clustered,4,0.25,1,0.0,0.0,20270927.0,0.0,4.0,0.0,16.0,0.0,1.0,0.0,0.25,0.0,0.25,0.0,4.0,0.0,1.0,0.0,0.08821599480681769,0.0,0.08821599480681769,0.0,0.08821599480681769,0.0,0.0,0.0,0.34278724803499405,0.0,0.11750309741540453,0.0,0.38292492254802624,0.0,0.11750309741540456,0.0,2.7755575615628914e-17,0.0,15.09922451721405,0.0,15.09922451721405,0.0,15.10736491687933,0.0,3.7768412292198326,0.0,0.34278724803499405,0.0,0.34278724803499405,0.0,0.3428796385150131,0.0,0.34278724803499405,0.0,0.35286397922727075,0.0
clustered,4,0.5,1,0.0,0.0,20270927.0,0.0,4.0,0.0,16.0,0.0,1.0,0.0,0.5,0.0,0.5,0.0,4.0,0.0,2.0,0.0,0.17540457668959458,0.0,0.17540457668959458,0.0,0.17540457668959458,0.0,0.0,0.0,0.6272713450233213,0.0,0.3934693402873666,0.0,0.6826894921370859,0.0,0.3934693402873666,0.0,0.0,0.0,12.78877820240275,0.0,12.78877820240275,0.0,12.89253217366609,0.0,3.2231330434165226,0.0,0.6272713450233213,0.0,0.6272713450233213,0.0,0.6298106972681345,0.0,0.6272713450233213,0.0,0.7016183067583783,0.0
clustered,5,0.1,1,0.0,0.0,20270927.0,0.0,5.0,0.0,16.0,0.0,1.0,0.0,0.1,0.0,0.1,0.0,4.0,0.0,0.4123105625617661,0.0,0.035344293392556084,0.0,0.035344293392556084,0.0,0.035344293392556084,0.0,0.0,0.0,0.14500279160636903,0.0,0.021025809573640086,0.0,0.16333038214732687,0.0,0.021025809573639975,0.0,1.1102230246251565e-16,0.0,16.831162753887913,0.0,16.850964080581196,0.0,19.81402427217916,0.0,3.962804854435832,0.0,0.14500279160636864,0.0,0.14508806211630174,0.0,0.1573278649242496,0.0,0.17540457668959458,0.0,0.1767214669627804,0.0
clustered,5,0.25,1,0.0,0.0,20270927.0,0.0,5.0,0.0,16.0,0.0,1.0,0.0,0.25,0.0,0.25,0.0,4.0,0.0,1.0307764064044151,0.0,0.08821599480681769,0.0,0.08821599480681769,0.0,0.08821599480681769,0.0,0.0,0.0,0.3526623637368492,0.0,0.12437074279646175,0.0,0.3937182257035725,0.0,0.12437074279646178,0.0,2.7755575615628914e-17,0.0,15.98172141979865,0.0,16.09922451721405,0.0,18.885760656689264,0.0,3.7771521313378527,0.0,0.3526623637368493,0.0,0.35395643680425,0.0,0.38336686793803637,0.0,0.42121542896875863,0.0,0.44107997403408844,0.0
clustered,5,0.5,1,0.0,0.0,20270927.0,0.0,5.0,0.0,16.0,0.0,1.0,0.0,0.5,0.0,0.5,0.0,4.0,0.0,2.0615528128088303,0.0,0.17540457668959458,0.0,0.17540457668959458,0.0,0.17540457668959458,0.0,0.0,0.0,0.6419737742911726,0.0,0.4121303268776535,0.0,0.6973543152328547,0.0,0.41213032687765344,0.0,5.551115123125783e-17,0.0,13.395308862115384,0.0,13.78877820240275,0.0,16.1375674819852,0.0,3.22751349639704,0.0,0.6419737742911726,0.0,0.6513340969203305,0.0,0.7046280968286833,0.0,0.736319657640882,0.0,0.877022883447973,0.0
clustered,6,0.1,1,0.0,0.0,20270927.0,0.0,6.0,0.0,16.0,0.0,1.0,0.0,0.1,0.0,0.1,0.0,4.0,0.0,0.447213595499958,0.0,0.035344293392556084,0.0,0.035344293392556084,0.0,0.035344293392556084,0.0,0.0,0.0,0.15713079892773213,0.0,0.024690087971667385,0.0,0.17693672624187862,0.0,0.024690087971667385,0.0,0.0,0.0,19.764417993204628,0.0,19.843475006372564,0.0,23.777449108643253,0.0,3.962908184773876,0.0,0.15713079892773213,0.0,0.1574447442773573,0.0,0.1723462880114441,0.0,0.2097677719929831,0.0,0.2120657603553365,0.0
clustered,6,0.25,1,0.0,0.0,20270927.0,0.0,6.0,0.0,16.0,0.0,1.0,0.0,0.25,0.0,0.25,0.0,4.0,0.0,1.118033988749895,0.0,0.08821599480681769,0.0,0.08821599480681769,0.0,0.08821599480681769,0.0,0.0,0.0,0.38033494802946716,0.0,0.14465467269257748,0.0,0.4238498779694211,0.0,0.1446546726925775,0.0,2.7755575615628914e-17,0.0,18.588219617119613,0.0,19.05277391742976,0.0,22.686125712420377,0.0,3.7810209520700626,0.0,0.3803349480294671,0.0,0.3850582591492623,0.0,0.42017238239790633,0.0,0.4951367467791021,0.0,0.5292959688409061,0.0
clustered,6,0.5,1,0.0,0.0,20270927.0,0.0,6.0,0.0,16.0,0.0,1.0,0.0,0.5,0.0,0.5,0.0,4.0,0.0,2.23606797749979,0.0,0.17540457668959458,0.0,0.17540457668959458,0.0,0.17540457668959458,0.0,0.0,0.0,0.6817173692088312,0.0,0.4647385714810099,0.0,0.7364475227170273,0.0,0.4647385714810097,0.0,1.6653345369377348e-16,0.0,15.105213810131675,0.0,16.607934861072607,0.0,19.682064397942288,0.0,3.2803440663237144,0.0,0.6817173692088311,0.0,0.7148233611898615,0.0,0.7781731557648242,0.0,0.8217953106714897,0.0,1.0,0.0
clustered,7,0.1,1,0.0,0.0,20270927.0,0.0,7.0,0.0,16.0,0.0,1.0,0.0,0.1,0.0,0.1,0.0,4.0,0.0,0.5,0.0,0.035344293392556084,0.0,0.035344293392556084,0.0,0.035344293392556084,0.0,0.0,0.0,0.17540457668959458,0.0,0.030766765523655867,0.0,0.1974126513658474,0.0,0.03076676552365587,0.0,3.469446951953614e-18,0.0,24.628799006558832,0.0,24.806123034597285,0.0,27.744604076772465,0.0,3.963514868110352,0.0,0.17540457668959458,0.0,0.17603488882040302,0.0,0.18616951590594588,0.0,0.2437456392136235,0.0,0.2474100537478926,0.0
clustered,7,0.25,1,0.0,0.0,20270927.0,0.0,7.0,0.0,16.0,0.0,1.0,0.0,0.25,0.0,0.25,0.0,4.0,0.0,1.25,0.0,0.08821599480681769,0.0,0.08821599480681769,0.0,0.08821599480681769,0.0,0.0,0.0,0.42121542896875863,0.0,0.17742243760133536,0.0,0.4680289419025989,0.0,0.17742243760133536,0.0,0.0,0.0,22.79889874105358,0.0,23.82409845307633,0.0,26.621330791415264,0.0,3.8030472559164665,0.0,0.42121542896875863,0.0,0.43058170543565477,0.0,0.45515803828261014,0.0,0.5639674182163823,0.0,0.6175119636477238,0.0
clustered,7,0.5,1,0.0,0.0,20270927.0,0.0,7.0,0.0,16.0,0.0,1.0,0.0,0.5,0.0,0.5,0.0,4.0,0.0,2.5,0.0,0.17540457668959458,0.0,0.17540457668959458,0.0,0.17540457668959458,0.0,0.0,0.0,0.736319657640882,0.0,0.5421666382283857,0.0,0.7887004526662893,0.0,0.5421666382283857,0.0,0.0,0.0,17.621827611730133,0.0,20.7571295659055,0.0,24.446926499632617,0.0,3.4924180713760884,0.0,0.736319657640882,0.0,0.7991431275424693,0.0,0.8672674647352141,0.0,0.8852879944798262,0.0,1.0,0.0
clustered,8,0.1,1,0.0,0.0,20270927.0,0.0,8.0,0.0,16.0,0.0,1.0,0.0,0.1,0.0,0.1,0.0,4.0,0.0,0.5656854249492381,0.0,0.035344293392556084,0.0,0.035344293392556084,0.0,0.035344293392556084,0.0,0.0,0.0,0.19801656710406032,0.0,0.03921056084767682,0.0,0.22270258921047859,0.0,0.03921056084767682,0.0,0.0,0.0,31.388058042999866,0.0,31.701928161162392,0.0,32.01720542845883,0.0,4.002150678557354,0.0,0.19801656710406032,0.0,0.19900415419405065,0.0,0.19999125921610228,0.0,0.27727901762189694,0.0,0.28275434714044867,0.0
clustered,8,0.25,1,0.0,0.0,20270927.0,0.0,8.0,0.0,16.0,0.0,1.0,0.0,0.25,0.0,0.25,0.0,4.0,0.0,1.4142135623730951,0.0,0.08821599480681769,0.0,0.08821599480681769,0.0,0.08821599480681769,0.0,0.0,0.0,0.47031820816187325,0.0,0.22119921692859515,0.0,0.5204998778130467,0.0,0.22119921692859515,0.0,0.0,0.0,28.424243385084843,0.0,30.1984490344281,0.0,32.019789447058244,0.0,4.0024736808822805,0.0,0.47031820816187325,0.0,0.48477437517963873,0.0,0.4991793048304491,0.0,0.6272713450233213,0.0,0.7057279584545415,0.0
clustered,8,0.5,1,0.0,0.0,20270927.0,0.0,8.0,0.0,16.0,0.0,1.0,0.0,0.5,0.0,0.5,0.0,4.0,0.0,2.8284271247461903,0.0,0.17540457668959458,0.0,0.17540457668959458,0.0,0.17540457668959458,0.0,0.0,0.0,0.7950600976206502,0.0,0.6321205588285579,0.0,0.842700792949715,0.0,0.6321205588285576,0.0,3.3306690738754696e-16,0.0,20.545564282424632,0.0,25.5775564048055,0.0,31.070169135319425,0.0,3.883771141914928,0.0,0.79506009762065,0.0,0.887095643419994,0.0,0.9777160163190036,0.0,0.9298734950321937,0.0,1.0,0.0
clustered,9,0.1,1,0.0,0.0,20270927.0,0.0,9.0,0.0,16.0,0.0,1.0,0.0,0.1,0.0,0.1,0.0,4.0,0.0,0.574456264653803,0.0,0.035344293392556084,0.0,0.035344293392556084,0.0,0.035344293392556084,0.0,0.0,0.0,0.20102437002146573,0.0,0.040410797342527165,0.0,0.22606235304360234,0.0,0.04041079734252717,0.0,6.938893903907228e-18,0.0,32.34884748215224,0.0,32.70192816116239,0.0,36.01935611396813,0.0,4.002150679329792,0.0,0.20102437002146575,0.0,0.20211846145740517,0.0,0.21212276337508423,0.0,0.31031100871030015,0.0,0.31809864053300474,0.0
clustered,9,0.25,1,0.0,0.0,20270927.0,0.0,9.0,0.0,16.0,0.0,1.0,0.0,0.25,0.0,0.25,0.0,4.0,0.0,1.4361406616345072,0.0,0.08821599480681769,0.0,0.08821599480681769,0.0,0.08821599480681769,0.0,0.0,0.0,0.47671783342500146,0.0,0.22725989270542743,0.0,0.527286077264941,0.0,0.22725989270542749,0.0,5.551115123125783e-17,0.0,29.203044168156243,0.0,31.1984490344281,0.0,36.02227265536918,0.0,4.002474739485464,0.0,0.47671783342500146,0.0,0.4927354833686789,0.0,0.5294596772280442,0.0,0.6847656598900493,0.0,0.7939439532613592,0.0
clustered,9,0.5,1,0.0,0.0,20270927.0,0.0,9.0,0.0,16.0,0.0,1.0,0.0,0.5,0.0,0.5,0.0,4.0,0.0,2.8722813232690143,0.0,0.17540457668959458,0.0,0.17540457668959458,0.0,0.17540457668959458,0.0,0.0,0.0,0.8021465074012684,0.0,0.6434390193360531,0.0,0.8490376802397479,0.0,0.643439019336053,0.0,1.1102230246251565e-16,0.0,20.913443723596075,0.0,26.5775564048055,0.0,34.95555120269076,0.0,3.883950133632307,0.0,0.8021465074012682,0.0,0.9042706708162048,0.0,1.0,0.0,0.9593958991374584,0.0,1.0,0.0
clustered,10,0.1,1,0.0,0.0,20270927.0,0.0,10.0,0.0,16.0,0.0,1.0,0.0,0.1,0.0,0.1,0.0,4.0,0.0,0.6000000000000001,0.0,0.035344293392556084,0.0,0.035344293392556084,0.0,0.035344293392556084,0.0,0.0,0.0,0.2097677719929831,0.0,0.044002518166900144,0.0,0.23582284437790535,0.0,0.04400251816690015,0.0,6.938893903907228e-18,0.0,35.2240203762005,0.0,35.69443908695376,0.0,40.02150688949183,0.0,4.002150688949183,0.0,0.2097677719929831,0.0,0.2111638562676084,0.0,0.22359702554678468,0.0,0.34278724803499405,0.0,0.3534429339255608,0.0
clustered,10,0.25,1,0.0,0.0,20270927.0,0.0,10.0,0.0,16.0,0.0,1.0,0.0,0.25,0.0,0.25,0.0,4.0,0.0,1.5,0.0,0.08821599480681769,0.0,0.08821599480681769,0.0,0.08821599480681769,0.0,0.0,0.0,0.4951367467791021,0.0,0.24516039801099265,0.0,0.5467452952462635,0.0,0.24516039801099268,0.0,2.7755575615628914e-17,0.0,31.503270753884326,0.0,34.15199843464381,0.0,40.02487667753054,0.0,4.002487667753054,0.0,0.4951367467791021,0.0,0.5155317258466883,0.0,0.5581004044351536,0.0,0.736319657640882,0.0,0.8821599480681769,0.0
clustered,10,0.5,1,0.0,0.0,20270927.0,0.0,10.0,0.0,16.0,0.0,1.0,0.0,0.5,0.0,0.5,0.0,4.0,0.0,3.0,0.0,0.17540457668959458,0.0,0.17540457668959458,0.0,0.17540457668959458,0.0,0.0,0.0,0.8217953106714897,0.0,0.6753475326416503,0.0,0.8663855974622838,0.0,0.6753475326416502,0.0,1.1102230246251565e-16,0.0,21.950553499762293,0.0,29.396713063475357,0.0,38.8599397037224,0.0,3.88599397037224,0.0,0.8217953106714896,0.0,0.9510214392904808,0.0,1.0,0.0,0.9777847750791544,0.0,1.0,0.0
clustered,11,0.1,1,0.0,0.0,20270927.0,0.0,11.0,0.0,16.0,0.0,1.0,0.0,0.1,0.0,0.1,0.0,4.0,0.0,0.6403124237432849,0.0,0.035344293392556084,0.0,0.035344293392556084,0.0,0.035344293392556084,0.0,0.0,0.0,0.22351480810333843,0.0,0.0499588694414722,0.0,0.2511500846222767,0.0,0.0499588694414722,0.0,0.0,0.0,39.992080191948865,0.0,40.657087115178484,0.0,44.02365819741208,0.0,4.00215074521928,0.0,0.22351480810333846,0.0,0.22536550041045858,0.0,0.23451054046660008,0.0,0.3746561575597789,0.0,0.38878722731811693,0.0
clustered,11,0.25,1,0.0,0.0,20270927.0,0.0,11.0,0.0,16.0,0.0,1.0,0.0,0.25,0.0,0.25,0.0,4.0,0.0,1.6007810593582121,0.0,0.08821599480681769,0.0,0.08821599480681769,0.0,0.08821599480681769,0.0,0.0,0.0,0.5235244493312531,0.0,0.2740778490475918,0.0,0.5765154337839347,0.0,0.2740778490475918,0.0,0.0,0.0,35.21918203853368,0.0,38.92332297029038,0.0,44.02816977834368,0.0,4.002560888940335,0.0,0.5235244493312531,0.0,0.5503668798822123,0.0,0.5853459964017446,0.0,0.7819474870396578,0.0,0.9703759428749945,0.0
clustered,11,0.5,1,0.0,0.0,20270927.0,0.0,11.0,0.0,16.0,0.0,1.0,0.0,0.5,0.0,0.5,0.0,4.0,0.0,3.2015621187164243,0.0,0.17540457668959458,0.0,0.17540457668959458,0.0,0.17540457668959458,0.0,0.0,0.0,0.8498882450335515,0.0,0.7223100290462101,0.0,0.8905745798719953,0.0,0.7223100290462099,0.0,2.220446049250313e-16,0.0,23.476956929087724,0.0,33.54590776830825,0.0,42.853310289622065,0.0,3.8957554808747332,0.0,0.8498882450335513,0.0,1.0,0.0,1.0,0.0,0.9885372118015526,0.0,1.0,0.0
clustered,12,0.1,1,0.0,0.0,20270927.0,0.0,12.0,0.0,16.0,0.0,1.0,0.0,0.1,0.0,0.1,0.0,4.0,0.0,0.692820323027551,0.0,0.035344293392556084,0.0,0.035344293392556084,0.0,0.035344293392556084,0.0,0.0,0.0,0.2413202569527707,0.0,0.05823546641575128,0.0,0.2709655104611959,0.0,0.05823546641575128,0.0,0.0,0.0,46.617496932005025,0.0,47.55289224174359,0.0,48.02798015989586,0.0,4.002331679991322,0.0,0.2413202569527707,0.0,0.24372931723478455,0.0,0.24494380777964403,0.0,0.40586917669210604,0.0,0.424131520710673,0.0
clustered,12,0.25,1,0.0,0.0,20270927.0,0.0,12.0,0.0,16.0,0.0,1.0,0.0,0.25,0.0,0.25,0.0,4.0,0.0,1.7320508075688772,0.0,0.08821599480681769,0.0,0.08821599480681769,0.0,0.08821599480681769,0.0,0.0,0.0,0.5592054373922233,0.0,0.31271072120902776,0.0,0.6135237692287672,0.0,0.3127107212090278,0.0,5.551115123125783e-17,0.0,40.1835312628621,0.0,45.29767355164215,0.0,48.10859347877671,0.0,4.009049456564726,0.0,0.5592054373922233,0.0,0.5937249297833245,0.0,0.6118693035809908,0.0,0.8217953106714897,0.0,1.0,0.0
clustered,12,0.5,1,0.0,0.0,20270927.0,0.0,12.0,0.0,16.0,0.0,1.0,0.0,0.5,0.0,0.5,0.0,4.0,0.0,3.4641016151377544,0.0,0.17540457668959458,0.0,0.17540457668959458,0.0,0.17540457668959458,0.0,0.0,0.0,0.8814022009568447,0.0,0.7768698398515701,0.0,0.9167354833364496,0.0,0.7768698398515701,0.0,0.0,0.0,25.250292860790076,0.0,38.366334607208245,0.0,47.529607828303654,0.0,3.960800652358638,0.0,0.8814022009568446,0.0,1.0,0.0,1.0,0.0,0.9944299892208389,0.0,1.0,0.0
clustered,13,0.1,1,0.0,0.0,20270927.0,0.0,13.0,0.0,16.0,0.0,1.0,0.0,0.1,0.0,0.1,0.0,4.0,0.0,0.7000000000000001,0.0,0.035344293392556084,0.0,0.035344293392556084,0.0,0.035344293392556084,0.0,0.0,0.0,0.2437456392136235,0.0,0.059411936635657914,0.0,0.2736613023512382,0.0,0.059411936635657914,0.0,0.0,0.0,47.5592614655893,0.0,48.55289224174359,0.0,52.03031184140005,0.0,4.002331680107696,0.0,0.24374563921362352,0.0,0.2462787021956087,0.0,0.25494559822103297,0.0,0.43638097040557705,0.0,0.4594758141032291,0.0
clustered,13,0.25,1,0.0,0.0,20270927.0,0.0,13.0,0.0,16.0,0.0,1.0,0.0,0.25,0.0,0.25,0.0,4.0,0.0,1.75,0.0,0.08821599480681769,0.0,0.08821599480681769,0.0,0.08821599480681769,0.0,0.0,0.0,0.5639674182163823,0.0,0.31805924880965186,0.0,0.6184260942949786,0.0,0.3180592488096519,0.0,5.551115123125783e-17,0.0,40.870820541653075,0.0,46.29767355164215,0.0,52.11764519784482,0.0,4.009049630603448,0.0,0.5639674182163823,0.0,0.6002427458836718,0.0,0.6368537765141631,0.0,0.8561239190524095,0.0,1.0,0.0
clustered,13,0.5,1,0.0,0.0,20270927.0,0.0,13.0,0.0,16.0,0.0,1.0,0.0,0.5,0.0,0.5,0.0,4.0,0.0,3.5,0.0,0.17540457668959458,0.0,0.17540457668959458,0.0,0.17540457668959458,0.0,0.0,0.0,0.8852879944798262,0.0,0.7837348331701128,0.0,0.9198816862723658,0.0,0.7837348331701126,0.0,2.220446049250313e-16,0.0,25.473423020938505,0.0,39.366334607208245,0.0,51.49091505594271,0.0,3.9608396196879005,0.0,0.8852879944798261,0.0,1.0,0.0,1.0,0.0,0.997453723622799,0.0,1.0,0.0
clustered,14,0.1,1,0.0,0.0,20270927.0,0.0,14.0,0.0,16.0,0.0,1.0,0.0,0.1,0.0,0.1,0.0,4.0,0.0,0.7211102550927979,0.0,0.035344293392556084,0.0,0.035344293392556084,0.0,0.035344293392556084,0.0,0.0,0.0,0.2508635816984932,0.0,0.06293253662259658,0.0,0.2815679610896611,0.0,0.06293253662259657,0.0,1.3877787807814457e-17,0.0,50.37750212186296,0.0,51.54540316753496,0.0,56.03264354179696,0.0,4.002331681556925,0.0,0.2508635816984932,0.0,0.25375480465806344,0.0,0.2645695507018347,0.0,0.46614961306229985,0.0,0.4948201074957852,0.0
clustered,14,0.25,1,0.0,0.0,20270927.0,0.0,14.0,0.0,16.0,0.0,1.0,0.0,0.25,0.0,0.25,0.0,4.0,0.0,1.8027756377319946,0.0,0.08821599480681769,0.0,0.08821599480681769,0.0,0.08821599480681769,0.0,0.0,0.0,0.5778030713803035,0.0,0.3338563892965121,0.0,0.6326178442791042,0.0,0.33385638929651223,0.0,1.1102230246251565e-16,0.0,42.90076337880083,0.0,49.25122295185786,0.0,56.12672457985579,0.0,4.009051755703985,0.0,0.5778030713803035,0.0,0.6190929314488007,0.0,0.6608945724778995,0.0,0.8852879944798262,0.0,1.0,0.0
clustered,14,0.5,1,0.0,0.0,20270927.0,0.0,14.0,0.0,16.0,0.0,1.0,0.0,0.5,0.0,0.5,0.0,4.0,0.0,3.605551275463989,0.0,0.17540457668959458,0.0,0.17540457668959458,0.0,0.17540457668959458,0.0,0.0,0.0,0.8961519540768775,0.0,0.803088324795806,0.0,0.928576542270148,0.0,0.8030883247958058,0.0,2.220446049250313e-16,0.0,26.102461897671024,0.0,42.185491265878106,0.0,55.45796806591458,0.0,3.9612834332796125,0.0,0.8961519540768774,0.0,1.0,0.0,1.0,0.0,0.9989056556461261,0.0,1.0,0.0
clustered,15,0.1,1,0.0,0.0,20270927.0,0.0,15.0,0.0,16.0,0.0,1.0,0.0,0.1,0.0,0.1,0.0,4.0,0.0,0.754983443527075,0.0,0.035344293392556084,0.0,0.035344293392556084,0.0,0.035344293392556084,0.0,0.0,0.0,0.2622421480991971,0.0,0.06877094423968123,0.0,0.29419178478626207,0.0,0.06877094423968122,0.0,1.3877787807814457e-17,0.0,55.051148027506855,0.0,56.50805119575968,0.0,60.03497535052193,0.0,4.002331690034795,0.0,0.2622421480991971,0.0,0.2656895471570177,0.0,0.2738555027750702,0.0,0.4951367467791021,0.0,0.5301644008883413,0.0
clustered,15,0.25,1,0.0,0.0,20270927.0,0.0,15.0,0.0,16.0,0.0,1.0,0.0,0.25,0.0,0.25,0.0,4.0,0.0,1.8874586088176875,0.0,0.08821599480681769,0.0,0.08821599480681769,0.0,0.08821599480681769,0.0,0.0,0.0,0.5994797329909932,0.0,0.3593759502669525,0.0,0.654692004959919,0.0,0.3593759502669526,0.0,1.1102230246251565e-16,0.0,46.18004357778303,0.0,54.02254748750443,0.0,60.13595714562203,0.0,4.0090638097081355,0.0,0.5994797329909932,0.0,0.6483878468067443,0.0,0.6840919026611708,0.0,0.9097133483170659,0.0,1.0,0.0
clustered,15,0.5,1,0.0,0.0,20270927.0,0.0,15.0,0.0,16.0,0.0,1.0,0.0,0.5,0.0,0.5,0.0,4.0,0.0,3.774917217635375,0.0,0.17540457668959458,0.0,0.17540457668959458,0.0,0.17540457668959458,0.0,0.0,0.0,0.91190598129512,0.0,0.8315725187218158,0.0,0.9409013314899692,0.0,0.8315725187218156,0.0,2.220446049250313e-16,0.0,27.0282723766474,0.0,46.334685970711,0.0,59.451621481232294,0.0,3.9634414320821527,0.0,0.9119059812951199,0.0,1.0,0.0,1.0,0.0,0.999557989159741,0.0,1.0,0.0
clustered,16,0.1,1,0.0,0.0,20270927.0,0.0,16.0,0.0,16.0,0.0,1.0,0.0,0.1,0.0,0.1,0.0,4.0,0.0,0.8,0.0,0.035344293392556084,0.0,0.035344293392556084,0.0,0.035344293392556084,0.0,0.0,0.0,0.27727901762189694,0.0,0.07688365361336423,0.0,0.31084348322064836,0.0,0.07688365361336424,0.0,1.3877787807814457e-17,0.0,61.54537272621425,0.0,63.403856322324785,0.0,64.03801612052551,0.0,4.0023760075328445,0.0,0.27727901762189694,0.0,0.28143437382981307,0.0,0.28283831298067674,0.0,0.5233077134213762,0.0,0.5655086942808973,0.0
clustered,16,0.25,1,0.0,0.0,20270927.0,0.0,16.0,0.0,16.0,0.0,1.0,0.0,0.25,0.0,0.25,0.0,4.0,0.0,2.0,0.0,0.08821599480681769,0.0,0.08821599480681769,0.0,0.08821599480681769,0.0,0.0,0.0,0.6272713450233213,0.0,0.3934693402873666,0.0,0.6826894921370859,0.0,0.3934693402873666,0.0,0.0,0.0,50.561066391601116,0.0,60.3968980688562,0.0,64.17185853735059,0.0,4.010741158584412,0.0,0.6272713450233213,0.0,0.6855744960699881,0.0,0.7066748651909035,0.0,0.9298734950321937,0.0,1.0,0.0
clustered,16,0.5,1,0.0,0.0,20270927.0,0.0,16.0,0.0,16.0,0.0,1.0,0.0,0.5,0.0,0.5,0.0,4.0,0.0,4.0,0.0,0.17540457668959458,0.0,0.17540457668959458,0.0,0.17540457668959458,0.0,0.0,0.0,0.9298734950321937,0.0,0.8646647167633872,0.0,0.9544997361036416,0.0,0.8646647167633872,0.0,0.0,0.0,28.43111853321037,0.0,51.155112809611,0.0,63.748549869757895,0.0,3.9842843668598684,0.0,0.9352719163358592,0.0,1.0,0.0,1.0,0.0,0.9998322546167919,0.0,1.0,0.0
orthogonal,2,0.1,1,0.0,0.0,20270927.0,0.0,2.0,0.0,16.0,0.0,1.0,0.0,0.1,0.0,0.1,0.0,4.0,0.0,0.14142135623730953,0.0,0.035344293392556084,0.0,0.035344293392556084,0.0,0.035344293392556084,0.0,0.0,0.0,0.04996876626994022,0.0,0.0024968776025399153,0.0,0.05637197779701664,0.0,0.0024968776025399157,0.0,4.336808689942018e-19,0.0,1.9987507809246923,0.0,2.0,0.0,2.0012492190753077,0.0,1.0006246095376539,0.0,0.04996876626994022,0.0,0.049984379068246584,0.0,0.049999986991362495,0.0,0.07062238177318633,0.0,0.07068858678511217,0.0
orthogonal,2,0.25,1,0.0,0.0,20270927.0,0.0,2.0,0.0,16.0,0.0,1.0,0.0,0.25,0.0,0.25,0.0,4.0,0.0,0.3535533905932738,0.0,0.08821599480681769,0.0,0.08821599480681769,0.0,0.08821599480681769,0.0,0.0,0.0,0.12451330448828168,0.0,0.015503562994591548,0.0,0.14031620480133378,0.0,0.015503562994591547,0.0,1.734723475976807e-18,0.0,1.992217938260238,0.0,2.0,0.0,2.007782061739762,0.0,1.003891030869881,0.0,0.12451330448828168,0.0,0.12475625627403611,0.0,0.12499873585134529,0.0,0.17540457668959458,0.0,0.17643198961363538,0.0
orthogonal,2,0.5,1,0.0,0.0,20270927.0,0.0,2.0,0.0,16.0,0.0,1.0,0.0,0.5,0.0,0.5,0.0,4.0,0.0,0.7071067811865476,0.0,0.17540457668959458,0.0,0.17540457668959458,0.0,0.17540457668959458,0.0,0.0,0.0,0.24614413904564983,0.0,0.0605869371865242,0.0,0.2763263901682369,0.0,0.060586937186524185,0.0,1.3877787807814457e-17,0.0,1.9692332344763464,0.0,2.0,0.0,2.0307667655236536,0.0,1.0153833827618268,0.0,0.2461441390456498,0.0,0.24805953125673633,0.0,0.24996024665554178,0.0,0.34278724803499405,0.0,0.35080915337918916,0.0
orthogonal,3,0.1,1,0.0,0.0,20270927.0,0.0,3.0,0.0,16.0,0.0,1.0,0.0,0.1,0.0,0.1,0.0,4.0,0.0,0.17320508075688776,0.0,0.035344293392556084,0.0,0.035344293392556084,0.0,0.035344293392556084,0.0,0.0,0.0,0.06117987848001149,0.0,0.003742977530828973,0.0,0.06901255344043289,0.0,0.0037429775308289734,0.0,4.336808689942018e-19,0.0,2.996253903322195,0.0,3.0,0.0,3.0018746091036577,0.0,1.0006248697012192,0.0,0.061179878480011496,0.0,0.06121811191352809,0.0,0.06123723559819217,0.0,0.10576840449192237,0.0,0.10603288017766825,0.0
orthogonal,3,0.25,1,0.0,0.0,20270927.0,0.0,3.0,0.0,16.0,0.0,1.0,0.0,0.25,0.0,0.25,0.0,4.0,0.0,0.4330127018922193,0.0,0.08821599480681769,0.0,0.08821599480681769,0.0,0.08821599480681769,0.0,0.0,0.0,0.15220044365880794,0.0,0.02316497504993797,0.0,0.17140692478135344,0.0,0.023164975049937975,0.0,3.469446951953614e-18,0.0,2.976714375265654,0.0,3.0,0.0,3.0117034252623998,0.0,1.0039011417541333,0.0,0.15220044365880794,0.0,0.15279458504564045,0.0,0.15309233160817715,0.0,0.260571501973014,0.0,0.26464798442045306,0.0
orthogonal,3,0.5,1,0.0,0.0,20270927.0,0.0,3.0,0.0,16.0,0.0,1.0,0.0,0.5,0.0,0.5,0.0,4.0,0.0,0.8660254037844386,0.0,0.17540457668959458,0.0,0.17540457668959458,0.0,0.17540457668959458,0.0,0.0,0.0,0.2991481883949255,0.0,0.08948963861996585,0.0,0.3349944578979709,0.0,0.08948963861996584,0.0,1.3877787807814457e-17,0.0,2.908646297289823,0.0,3.0,0.0,3.04662669219867,0.0,1.01554223073289,0.0,0.29914818839492546,0.0,0.30380963870648936,0.0,0.3061614754945301,0.0,0.4951367467791021,0.0,0.5262137300687837,0.0
orthogonal,4,0.1,1,0.0,0.0,20270927.0,0.0,4.0,0.0,16.0,0.0,1.0,0.0,0.1,0.0,0.1,0.0,4.0,0.0,0.2,0.0,0.035344293392556084,0.0,0.035344293392556084,0.0,0.035344293392556084,0.0,0.0,0.0,0.07062238177318633,0.0,0.004987520807317681,0.0,0.07965567455405798,0.0,0.004987520807317681,0.0,0.0,0.0,3.992510925791367,0.0,4.0,0.0,4.002499731522149,0.0,1.0006249328805372,0.0,0.07062238177318633,0.0,0.07068858678511217,0.0,0.07071067114642053,0.0,0.14071718691490656,0.0,0.14137717357022433,0.0
orthogonal,4,0.25,1,0.0,0.0,20270927.0,0.0,4.0,0.0,16.0,0.0,1.0,0.0,0.25,0.0,0.25,0.0,4.0,0.0,0.5,0.0,0.08821599480681769,0.0,0.08821599480681769,0.0,0.08821599480681769,0.0,0.0,0.0,0.17540457668959458,0.0,0.030766765523655867,0.0,0.1974126513658474,0.0,0.03076676552365587,0.0,3.469446951953614e-18,0.0,3.953549400215709,0.0,4.0,0.0,4.015614431789057,0.0,1.0039036079472643,0.0,0.17540457668959458,0.0,0.17643198961363538,0.0,0.1767760148641201,0.0,0.34278724803499405,0.0,0.35286397922727075,0.0
orthogonal,4,0.5,1,0.0,0.0,20270927.0,0.0,4.0,0.0,16.0,0.0,1.0,0.0,0.5,0.0,0.5,0.0,4.0,0.0,1.0,0.0,0.17540457668959458,0.0,0.17540457668959458,0.0,0.17540457668959458,0.0,0.0,0.0,0.34278724803499405,0.0,0.11750309741540453,0.0,0.38292492254802624,0.0,0.11750309741540454,0.0,1.3877787807814457e-17,0.0,3.8191566586698578,0.0,4.0,0.0,4.06232632500402,0.0,1.015581581251005,0.0,0.342787248034994,0.0,0.35080915337918916,0.0,0.3535316697581326,0.0,0.6272713450233213,0.0,0.7016183067583783,0.0
orthogonal,5,0.1,1,0.0,0.0,20270927.0,0.0,5.0,0.0,16.0,0.0,1.0,0.0,0.1,0.0,0.1,0.0,4.0,0.0,0.223606797749979,0.0,0.035344293392556084,0.0,0.035344293392556084,0.0,0.035344293392556084,0.0,0.0,0.0,0.07893357572418279,0.0,0.0062305093766052986,0.0,0.08902070748936608,0.0,0.0062305093766052986,0.0,0.0,0.0,4.987523404984117,0.0,5.0,0.0,5.003124793323815,0.0,1.000624958664763,0.0,0.07893357572418279,0.0,0.07903224264245207,0.0,0.07905693472758901,0.0,0.17540457668959458,0.0,0.1767214669627804,0.0
orthogonal,5,0.25,1,0.0,0.0,20270927.0,0.0,5.0,0.0,16.0,0.0,1.0,0.0,0.25,0.0,0.25,0.0,4.0,0.0,0.5590169943749475,0.0,0.08821599480681769,0.0,0.08821599480681769,0.0,0.08821599480681769,0.0,0.0,0.0,0.1957278682113886,0.0,0.0383093983945747,0.0,0.22014538203508094,0.0,0.0383093983945747,0.0,0.0,0.0,4.92278263469206,0.0,5.0,0.0,5.01952307867456,0.0,1.0039046157349119,0.0,0.19572786821138857,0.0,0.19725696109081278,0.0,0.1976416922169459,0.0,0.42121542896875863,0.0,0.44107997403408844,0.0
orthogonal,5,0.5,1,0.0,0.0,20270927.0,0.0,5.0,0.0,16.0,0.0,1.0,0.0,0.5,0.0,0.5,0.0,4.0,0.0,1.118033988749895,0.0,0.17540457668959458,0.0,0.17540457668959458,0.0,0.17540457668959458,0.0,0.0,0.0,0.38033494802946716,0.0,0.14465467269257748,0.0,0.4238498779694211,0.0,0.14465467269257748,0.0,0.0,0.0,4.7016535612544565,0.0,5.0,0.0,5.077988680100467,0.0,1.0155977360200934,0.0,0.38033494802946716,0.0,0.3922165570425085,0.0,0.3952635665634132,0.0,0.736319657640882,0.0,0.877022883447973,0.0
orthogonal,6,0.1,1,0.0,0.0,20270927.0,0.0,6.0,0.0,16.0,0.0,1.0,0.0,0.1,0.0,0.1,0.0,4.0,0.0,0.24494897427831783,0.0,0.035344293392556084,0.0,0.035344293392556084,0.0,0.035344293392556084,0.0,0.0,0.0,0.08644041404841593,0.0,0.0074719451808615825,0.0,0.09747674982232057,0.0,0.007471945180861584,0.0,1.734723475976807e-18,0.0,5.981292895607539,0.0,6.0,0.0,6.003749831169792,0.0,1.000624971861632,0.0,0.08644041404841593,0.0,0.08657548413098537,0.0,0.08660253352611232,0.0,0.2097677719929831,0.0,0.2120657603553365,0.0
orthogonal,6,0.25,1,0.0,0.0,20270927.0,0.0,6.0,0.0,16.0,0.0,1.0,0.0,0.25,0.0,0.25,0.0,4.0,0.0,0.6123724356957945,0.0,0.08821599480681769,0.0,0.08821599480681769,0.0,0.08821599480681769,0.0,0.0,0.0,0.21399377100937225,0.0,0.04579333403081165,0.0,0.24053713462006643,0.0,0.04579333403081165,0.0,0.0,0.0,5.884473236297481,0.0,6.0,0.0,6.023430791197873,0.0,1.0039051318663121,0.0,0.21399377100937225,0.0,0.21608417442871403,0.0,0.21650568191678501,0.0,0.4951367467791021,0.0,0.5292959688409061,0.0
orthogonal,6,0.5,1,0.0,0.0,20270927.0,0.0,6.0,0.0,16.0,0.0,1.0,0.0,0.5,0.0,0.5,0.0,4.0,0.0,1.224744871391589,0.0,0.17540457668959458,0.0,0.17540457668959458,0.0,0.17540457668959458,0.0,0.0,0.0,0.41348625348323204,0.0,0.17097088181959963,0.0,0.45970862539257995,0.0,0.1709708818195996,0.0,2.7755575615628914e-17,0.0,5.556998888561879,0.0,6.0,0.0,6.0936361698916315,0.0,1.015606028315272,0.0,0.41348625348323204,0.0,0.4296517114383872,0.0,0.43299131079679215,0.0,0.8217953106714897,0.0,1.0,0.0
orthogonal,7,0.1,1,0.0,0.0,20270927.0,0.0,7.0,0.0,16.0,0.0,1.0,0.0,0.1,0.0,0.1,0.0,4.0,0.0,0.2645751311064591,0.0,0.035344293392556084,0.0,0.035344293392556084,0.0,0.035344293392556084,0.0,0.0,0.0,0.09333718530055551,0.0,0.008711830159830236,0.0,0.10524315781125249,0.0,0.008711830159830238,0.0,1.734723475976807e-18,0.0,6.973820950426667,0.0,7.0,0.0,7.0043748569198385,0.0,1.0006249795599769,0.0,0.09333718530055551,0.0,0.09351221058200682,0.0,0.09354142762781675,0.0,0.2437456392136235,0.0,0.2474100537478926,0.0
orthogonal,7,0.25,1,0.0,0.0,20270927.0,0.0,7.0,0.0,16.0,0.0,1.0,0.0,0.25,0.0,0.25,0.0,4.0,0.0,0.6614378277661477,0.0,0.08821599480681769,0.0,0.08821599480681769,0.0,0.08821599480681769,0.0,0.0,0.0,0.23069249926660196,0.0,0.053219029217871146,0.0,0.25914318570613126,0.0,0.05321902921787114,0.0,6.938893903907228e-18,0.0,6.838679902266678,0.0,7.0,0.0,7.0273380314470755,0.0,1.003905433063868,0.0,0.23069249926660196,0.0,0.23339758391700502,0.0,0.2338528991200664,0.0,0.5639674182163823,0.0,0.6175119636477238,0.0
orthogonal,7,0.5,1,0.0,0.0,20270927.0,0.0,7.0,0.0,16.0,0.0,1.0,0.0,0.5,0.0,0.5,0.0,4.0,0.0,1.3228756555322954,0.0,0.17540457668959458,0.0,0.17540457668959458,0.0,0.17540457668959458,0.0,0.0,0.0,0.44325774252791045,0.0,0.19647742631093934,0.0,0.4916684264478546,0.0,0.19647742631093923,0.0,1.1102230246251565e-16,0.0,6.386028006742281,0.0,7.0,0.0,7.109276118150464,0.0,1.0156108740214949,0.0,0.4432577425279103,0.0,0.4640768887432244,0.0,0.4676851840395008,0.0,0.8852879944798262,0.0,1.0,0.0
orthogonal,8,0.1,1,0.0,0.0,20270927.0,0.0,8.0,0.0,16.0,0.0,1.0,0.0,0.1,0.0,0.1,0.0,4.0,0.0,0.28284271247461906,0.0,0.035344293392556084,0.0,0.035344293392556084,0.0,0.035344293392556084,0.0,0.0,0.0,0.09975052005294009,0.0,0.009950166250832003,0.0,0.11246291601828484,0.0,0.009950166250831895,0.0,1.0755285551056204e-16,0.0,7.965109120266873,0.0,8.0,0.0,8.00499987564679,0.0,1.0006249844558488,0.0,0.09975052005293954,0.0,0.09996875813649317,0.0,0.09999999271692654,0.0,0.27727901762189694,0.0,0.28275434714044867,0.0
orthogonal,8,0.25,1,0.0,0.0,20270927.0,0.0,8.0,0.0,16.0,0.0,1.0,0.0,0.25,0.0,0.25,0.0,4.0,0.0,0.7071067811865476,0.0,0.08821599480681769,0.0,0.08821599480681769,0.0,0.08821599480681769,0.0,0.0,0.0,0.24614413904564983,0.0,0.0605869371865242,0.0,0.2763263901682369,0.0,0.0605869371865242,0.0,0.0,0.0,7.7854608730488,0.0,8.0,0.0,8.031244997309894,0.0,1.0039056246637368,0.0,0.24614413904564983,0.0,0.24951251254807222,0.0,0.24999928883134048,0.0,0.6272713450233213,0.0,0.7057279584545415,0.0
orthogonal,8,0.5,1,0.0,0.0,20270927.0,0.0,8.0,0.0,16.0,0.0,1.0,0.0,0.5,0.0,0.5,0.0,4.0,0.0,1.4142135623730951,0.0,0.17540457668959458,0.0,0.17540457668959458,0.0,0.17540457668959458,0.0,0.0,0.0,0.47031820816187325,0.0,0.22119921692859515,0.0,0.5204998778130467,0.0,0.22119921692859512,0.0,2.7755575615628914e-17,0.0,7.1895505804313435,0.0,8.0,0.0,8.124911674671027,0.0,1.0156139593338784,0.0,0.4703182081618732,0.0,0.49611906251347265,0.0,0.49997725187754055,0.0,0.9298734950321937,0.0,1.0,0.0
orthogonal,9,0.1,1,0.0,0.0,20270927.0,0.0,9.0,0.0,16.0,0.0,1.0,0.0,0.1,0.0,0.1,0.0,4.0,0.0,0.30000000000000004,0.0,0.035344293392556084,0.0,0.035344293392556084,0.0,0.035344293392556084,0.0,0.0,0.0,0.10576840449192237,0.0,0.011186955388766904,0.0,0.119235384740485,0.0,0.011186955388766908,0.0,3.469446951953614e-18,0.0,8.95515895401609,0.0,9.0,0.0,9.005624889909015,0.0,1.0006249877676683,0.0,0.10576840449192239,0.0,0.10603288017766825,0.0,0.10606600962864224,0.0,0.31031100871030015,0.0,0.31809864053300474,0.0
orthogonal,9,0.25,1,0.0,0.0,20270927.0,0.0,9.0,0.0,16.0,0.0,1.0,0.0,0.25,0.0,0.25,0.0,4.0,0.0,0.75,0.0,0.08821599480681769,0.0,0.08821599480681769,0.0,0.08821599480681769,0.0,0.0,0.0,0.260571501973014,0.0,0.06789750764047243,0.0,0.2923395333454475,0.0,0.06789750764047242,0.0,1.3877787807814457e-17,0.0,8.724873935862279,0.0,9.0,0.0,9.035151788661274,0.0,1.003905754295697,0.0,0.26057150197301393,0.0,0.26464798442045306,0.0,0.2651643057567011,0.0,0.6847656598900493,0.0,0.7939439532613592,0.0
orthogonal,9,0.5,1,0.0,0.0,20270927.0,0.0,9.0,0.0,16.0,0.0,1.0,0.0,0.5,0.0,0.5,0.0,4.0,0.0,1.5,0.0,0.17540457668959458,0.0,0.17540457668959458,0.0,0.17540457668959458,0.0,0.0,0.0,0.4951367467791021,0.0,0.24516039801099265,0.0,0.5467452952462635,0.0,0.24516039801099265,0.0,0.0,0.0,7.968351363502751,0.0,9.0,0.0,9.140544433524306,0.0,1.0156160481693675,0.0,0.4951367467791021,0.0,0.5262137300687837,0.0,0.5303065032080977,0.0,0.9593958991374584,0.0,1.0,0.0
orthogonal,10,0.1,1,0.0,0.0,20270927.0,0.0,10.0,0.0,16.0,0.0,1.0,0.0,0.1,0.0,0.1,0.0,4.0,0.0,0.31622776601683794,0.0,0.035344293392556084,0.0,0.035344293392556084,0.0,0.035344293392556084,0.0,0.0,0.0,0.1114549214082472,0.0,0.01242219950611856,0.0,0.12563293883710824,0.0,0.01242219950611856,0.0,0.0,0.0,9.943971998627386,0.0,10.0,0.0,10.00624990114579,0.0,1.000624990114579,0.0,0.1114549214082472,0.0,0.11176846940971696,0.0,0.11180339104840085,0.0,0.34278724803499405,0.0,0.3534429339255608,0.0
orthogonal,10,0.25,1,0.0,0.0,20270927.0,0.0,10.0,0.0,16.0,0.0,1.0,0.0,0.25,0.0,0.25,0.0,4.0,0.0,0.7905694150420949,0.0,0.08821599480681769,0.0,0.08821599480681769,0.0,0.08821599480681769,0.0,0.0,0.0,0.27413716782624564,0.0,0.07515118678379516,0.0,0.30736721595803984,0.0,0.07515118678379518,0.0,1.3877787807814457e-17,0.0,9.656976428221808,0.0,10.0,0.0,10.039058461719883,0.0,1.0039058461719883,0.0,0.27413716782624564,0.0,0.27896346964712937,0.0,0.2795077329129355,0.0,0.736319657640882,0.0,0.8821599480681769,0.0
orthogonal,10,0.5,1,0.0,0.0,20270927.0,0.0,10.0,0.0,16.0,0.0,1.0,0.0,0.5,0.0,0.5,0.0,4.0,0.0,1.5811388300841898,0.0,0.17540457668959458,0.0,0.17540457668959458,0.0,0.17540457668959458,0.0,0.0,0.0,0.5180582699401277,0.0,0.2683843710533582,0.0,0.5708046995596507,0.0,0.2683843710533582,0.0,0.0,0.0,8.72319096549176,0.0,10.0,0.0,10.156175293725925,0.0,1.0156175293725924,0.0,0.5180582699401277,0.0,0.5546779743567962,0.0,0.5589925436704968,0.0,0.9777847750791544,0.0,1.0,0.0
orthogonal,11,0.1,1,0.0,0.0,20270927.0,0.0,11.0,0.0,16.0,0.0,1.0,0.0,0.1,0.0,0.1,0.0,4.0,0.0,0.33166247903554,0.0,0.035344293392556084,0.0,0.035344293392556084,0.0,0.035344293392556084,0.0,0.0,0.0,0.11685846367703093,0.0,0.013655900532955956,0.0,0.13171023908946577,0.0,0.013655900532955957,0.0,1.734723475976807e-18,0.0,10.931549799121283,0.0,11.0,0.0,11.00687491023269,0.0,1.0006249918393355,0.0,0.11685846367703094,0.0,0.11722375966334607,0.0,0.11726038588804999,0.0,0.3746561575597789,0.0,0.38878722731811693,0.0
orthogonal,11,0.25,1,0.0,0.0,20270927.0,0.0,11.0,0.0,16.0,0.0,1.0,0.0,0.25,0.0,0.25,0.0,4.0,0.0,0.82915619758885,0.0,0.08821599480681769,0.0,0.08821599480681769,0.0,0.08821599480681769,0.0,0.0,0.0,0.2869641394811976,0.0,0.08234841734818422,0.0,0.32154921626224486,0.0,0.08234841734818421,0.0,1.3877787807814457e-17,0.0,10.581825241438015,0.0,11.0,0.0,11.042965050698191,0.0,1.0039059136998356,0.0,0.2869641394811976,0.0,0.29257935528215473,0.0,0.29315019327045727,0.0,0.7819474870396578,0.0,0.9703759428749945,0.0
orthogonal,11,0.5,1,0.0,0.0,20270927.0,0.0,11.0,0.0,16.0,0.0,1.0,0.0,0.5,0.0,0.5,0.0,4.0,0.0,1.6583123951777,0.0,0.17540457668959458,0.0,0.17540457668959458,0.0,0.17540457668959458,0.0,0.0,0.0,0.5393457310136065,0.0,0.2908938175626016,0.0,0.5929839727286257,0.0,0.2908938175626016,0.0,0.0,0.0,9.454806594438402,0.0,11.0,0.0,11.171804803167497,0.0,1.0156186184697724,0.0,0.5393457310136065,0.0,0.5817511673905043,0.0,0.5862766402093015,0.0,0.9885372118015526,0.0,1.0,0.0
orthogonal,12,0.1,1,0.0,0.0,20270927.0,0.0,12.0,0.0,16.0,0.0,1.0,0.0,0.1,0.0,0.1,0.0,4.0,0.0,0.3464101615137755,0.0,0.035344293392556084,0.0,0.035344293392556084,0.0,0.035344293392556084,0.0,0.0,0.0,0.12201663983628361,0.0,0.014888060396937353,0.0,0.13750976986407837,0.0,0.014888060396937354,0.0,1.734723475976807e-18,0.0,11.917893898588414,0.0,12.0,0.0,12.007499917734563,0.0,1.000624993144547,0.0,0.12201663983628364,0.0,0.12243622382705618,0.0,0.1224744787509916,0.0,0.40586917669210604,0.0,0.424131520710673,0.0
orthogonal,12,0.25,1,0.0,0.0,20270927.0,0.0,12.0,0.0,16.0,0.0,1.0,0.0,0.25,0.0,0.25,0.0,4.0,0.0,0.8660254037844386,0.0,0.08821599480681769,0.0,0.08821599480681769,0.0,0.08821599480681769,0.0,0.0,0.0,0.2991481883949255,0.0,0.08948963861996585,0.0,0.3349944578979709,0.0,0.08948963861996584,0.0,1.3877787807814457e-17,0.0,11.499476824089824,0.0,12.0,0.0,12.046871577675208,0.0,1.0039059648062674,0.0,0.29914818839492546,0.0,0.3055891700912809,0.0,0.3061853987184662,0.0,0.8217953106714897,0.0,1.0,0.0
orthogonal,12,0.5,1,0.0,0.0,20270927.0,0.0,12.0,0.0,16.0,0.0,1.0,0.0,0.5,0.0,0.5,0.0,4.0,0.0,1.7320508075688772,0.0,0.17540457668959458,0.0,0.17540457668959458,0.0,0.17540457668959458,0.0,0.0,0.0,0.5592054373922233,0.0,0.31271072120902776,0.0,0.6135237692287672,0.0,0.31271072120902776,0.0,0.0,0.0,10.1639127768758,0.0,12.0,0.0,12.187433315826206,0.0,1.0156194429855172,0.0,0.5592054373922233,0.0,0.6076192774129787,0.0,0.6123462281775047,0.0,0.9944299892208389,0.0,1.0,0.0
orthogonal,13,0.1,1,0.0,0.0,20270927.0,0.0,13.0,0.0,16.0,0.0,1.0,0.0,0.1,0.0,0.1,0.0,4.0,0.0,0.36055512754639896,0.0,0.035344293392556084,0.0,0.035344293392556084,0.0,0.035344293392556084,0.0,0.0,0.0,0.1269593676075641,0.0,0.016118681023312598,0.0,0.1430653313947743,0.0,0.0161186810233126,0.0,3.469446951953614e-18,0.0,12.903005838191483,0.0,13.0,0.0,13.008124924032952,0.0,1.000624994156381,0.0,0.12695936760756413,0.0,0.12743566212190402,0.0,0.12747547917359003,0.0,0.43638097040557705,0.0,0.4594758141032291,0.0
orthogonal,13,0.25,1,0.0,0.0,20270927.0,0.0,13.0,0.0,16.0,0.0,1.0,0.0,0.25,0.0,0.25,0.0,4.0,0.0,0.9013878188659973,0.0,0.08821599480681769,0.0,0.08821599480681769,0.0,0.08821599480681769,0.0,0.0,0.0,0.3107656455706024,0.0,0.09657528646691325,0.0,0.3477898273935003,0.0,0.09657528646691327,0.0,1.3877787807814457e-17,0.0,12.40998718546986,0.0,13.0,0.0,13.050778057568252,0.0,1.003906004428327,0.0,0.3107656455706024,0.0,0.31806729259204614,0.0,0.3186878733115764,0.0,0.8561239190524095,0.0,1.0,0.0
orthogonal,13,0.5,1,0.0,0.0,20270927.0,0.0,13.0,0.0,16.0,0.0,1.0,0.0,0.5,0.0,0.5,0.0,4.0,0.0,1.8027756377319946,0.0,0.17540457668959458,0.0,0.17540457668959458,0.0,0.17540457668959458,0.0,0.0,0.0,0.5778030713803035,0.0,0.3338563892965121,0.0,0.6326178442791042,0.0,0.33385638929651223,0.0,1.1102230246251565e-16,0.0,10.851202055666773,0.0,13.0,0.0,13.20306107107514,0.0,1.0156200823903954,0.0,0.5778030713803035,0.0,0.6324301952053888,0.0,0.6373503621778821,0.0,0.997453723622799,0.0,1.0,0.0
orthogonal,14,0.1,1,0.0,0.0,20270927.0,0.0,14.0,0.0,16.0,0.0,1.0,0.0,0.1,0.0,0.1,0.0,4.0,0.0,0.37416573867739417,0.0,0.035344293392556084,0.0,0.035344293392556084,0.0,0.035344293392556084,0.0,0.0,0.0,0.13171091198122803,0.0,0.017347764334926796,0.0,0.14840434068716424,0.0,0.0173477643349268,0.0,3.469446951953614e-18,0.0,13.886887157168196,0.0,14.0,0.0,14.008749929395284,0.0,1.000624994956806,0.0,0.13171091198122806,0.0,0.13224623645256287,0.0,0.13228755661276811,0.0,0.46614961306229985,0.0,0.4948201074957852,0.0
orthogonal,14,0.25,1,0.0,0.0,20270927.0,0.0,14.0,0.0,16.0,0.0,1.0,0.0,0.25,0.0,0.25,0.0,4.0,0.0,0.9354143466934853,0.0,0.08821599480681769,0.0,0.08821599480681769,0.0,0.08821599480681769,0.0,0.0,0.0,0.3218785382172125,0.0,0.10360579336484954,0.0,0.36000598942255335,0.0,0.10360579336484954,0.0,0.0,0.0,13.313411899002944,0.0,14.0,0.0,14.054684500834513,0.0,1.0039060357738938,0.0,0.3218785382172125,0.0,0.330074028600541,0.0,0.3307180408116448,0.0,0.8852879944798262,0.0,1.0,0.0
orthogonal,14,0.5,1,0.0,0.0,20270927.0,0.0,14.0,0.0,16.0,0.0,1.0,0.0,0.5,0.0,0.5,0.0,4.0,0.0,1.8708286933869707,0.0,0.17540457668959458,0.0,0.17540457668959458,0.0,0.17540457668959458,0.0,0.0,0.0,0.5952742843195126,0.0,0.3543514735721079,0.0,0.6504251938767018,0.0,0.35435147357210794,0.0,5.551115123125783e-17,0.0,11.517345666370263,0.0,14.0,0.0,14.218688236841157,0.0,1.015620588345797,0.0,0.5952742843195126,0.0,0.6563038300445778,0.0,0.661409893361791,0.0,0.9989056556461261,0.0,1.0,0.0
orthogonal,15,0.1,1,0.0,0.0,20270927.0,0.0,15.0,0.0,16.0,0.0,1.0,0.0,0.1,0.0,0.1,0.0,4.0,0.0,0.3872983346207417,0.0,0.035344293392556084,0.0,0.035344293392556084,0.0,0.035344293392556084,0.0,0.0,0.0,0.1362912772418795,0.0,0.01857531225222286,0.0,0.15354940312340948,0.0,0.018575312252222868,0.0,6.938893903907228e-18,0.0,14.86953939283331,0.0,15.0,0.0,15.00937493401471,0.0,1.0006249956009807,0.0,0.13629127724187953,0.0,0.13688785969283856,0.0,0.13693063016611084,0.0,0.4951367467791021,0.0,0.5301644008883413,0.0
orthogonal,15,0.25,1,0.0,0.0,20270927.0,0.0,15.0,0.0,16.0,0.0,1.0,0.0,0.25,0.0,0.25,0.0,4.0,0.0,0.9682458365518543,0.0,0.08821599480681769,0.0,0.08821599480681769,0.0,0.08821599480681769,0.0,0.0,0.0,0.3325381007103463,0.0,0.1105815884240444,0.0,0.3717013628240786,0.0,0.11058158842404442,0.0,1.3877787807814457e-17,0.0,14.209806105638107,0.0,15.0,0.0,15.05859091503037,0.0,1.0039060610020247,0.0,0.3325381007103463,0.0,0.3416590787559249,0.0,0.34232569902726034,0.0,0.9097133483170659,0.0,1.0,0.0
orthogonal,15,0.5,1,0.0,0.0,20270927.0,0.0,15.0,0.0,16.0,0.0,1.0,0.0,0.5,0.0,0.5,0.0,4.0,0.0,1.9364916731037085,0.0,0.17540457668959458,0.0,0.17540457668959458,0.0,0.17540457668959458,0.0,0.0,0.0,0.611731959599471,0.0,0.37421599039540887,0.0,0.6670783919344341,0.0,0.37421599039540887,0.0,0.0,0.0,12.162994192798156,0.0,15.0,0.0,15.234314934543429,0.0,1.0156209956362285,0.0,0.611731959599471,0.0,0.6793390043673615,0.0,0.6846244193020188,0.0,0.999557989159741,0.0,1.0,0.0
orthogonal,16,0.1,1,0.0,0.0,20270927.0,0.0,16.0,0.0,16.0,0.0,1.0,0.0,0.1,0.0,0.1,0.0,4.0,0.0,0.4,0.0,0.035344293392556084,0.0,0.035344293392556084,0.0,0.035344293392556084,0.0,0.0,0.0,0.14071718691490656,0.0,0.01980132669324475,0.0,0.15851941887820598,0.0,0.019801326693244754,0.0,3.469446951953614e-18,0.0,15.850964080581202,0.0,16.0,0.0,16.00999993803445,0.0,1.0006249961271532,0.0,0.14071718691490656,0.0,0.14137717357022433,0.0,0.1414213467622586,0.0,0.5233077134213762,0.0,0.5655086942808973,0.0
orthogonal,16,0.25,1,0.0,0.0,20270927.0,0.0,16.0,0.0,16.0,0.0,1.0,0.0,0.25,0.0,0.25,0.0,4.0,0.0,1.0,0.0,0.08821599480681769,0.0,0.08821599480681769,0.0,0.08821599480681769,0.0,0.0,0.0,0.34278724803499405,0.0,0.11750309741540453,0.0,0.38292492254802624,0.0,0.11750309741540454,0.0,1.3877787807814457e-17,0.0,15.099224517214049,0.0,16.0,0.0,16.06249730575673,0.0,1.0039060816097956,0.0,0.34278724803499405,0.0,0.35286397922727075,0.0,0.3535524653118276,0.0,0.9298734950321937,0.0,1.0,0.0
orthogonal,16,0.5,1,0.0,0.0,20270927.0,0.0,16.0,0.0,16.0,0.0,1.0,0.0,0.5,0.0,0.5,0.0,4.0,0.0,2.0,0.0,0.17540457668959458,0.0,0.17540457668959458,0.0,0.17540457668959458,0.0,0.0,0.0,0.6272713450233213,0.0,0.3934693402873666,0.0,0.6826894921370859,0.0,0.3934693402873666,0.0,0.0,0.0,12.788778202402748,0.0,16.0,0.0,16.249941254225938,0.0,1.0156213283891211,0.0,0.6272713450233213,0.0,0.7016183067583783,0.0,0.7070771756618592,0.0,0.9998322546167919,0.0,1.0,0.0
random,2,0.1,50,24.5,14.577379737113251,20270951.5,14.577379737113251,2.0,0.0,16.0,0.0,1.0,0.0,0.09999999999999998,2.803736533363884e-17,0.09999999999999998,2.803736533363884e-17,4.0,0.0,0.138977037589297,0.01890122416166176,0.03534429339255608,7.00934133340971e-18,0.03534429339255608,7.00934133340971e-18,0.03534429339255608,7.00934133340971e-18,0.0,0.0,0.04910460516365425,0.006671468858077058,0.0024548805750681858,0.0006249305136837971,0.05539689072515172,0.0075237691229800485,0.0024548805750681858,0.0006249305136837969,3.8380756905986857e-19,1.9739310848574345e-19,1.9729101294495093,0.482226491375259,2.1840438388557577,0.26196510584255867,2.4029555216526335,0.2929346261331645,1.2014777608263167,0.14646731306658226,0.04925425537940189,0.006277209735039466,0.0521472843355213,0.003032134272313252,0.05469478015961459,0.003241771108815932,0.07062238177318633,0.0,0.07068858678511215,1.401868266681942e-17
random,2,0.25,50,24.5,14.577379737113251,20270951.5,14.577379737113251,2.0,0.0,16.0,0.0,1.0,0.0,0.25,0.0,0.25,0.0,4.0,0.0,0.34744259397324256,0.04725306040415441,0.08821599480681767,1.401868266681942e-17,0.08821599480681767,1.401868266681942e-17,0.08821599480681767,1.401868266681942e-17,0.0,0.0,0.12235346875278777,0.016533470280336186,0.01523825984255996,0.003857809278675987,0.13787941155718533,0.01859156139367713,0.015238259842559963,0.003857809278675983,3.2786273695961652e-18,1.5726455460012496e-17,1.9658862713085115,0.47769407174538536,2.1790304553451794,0.2561810499477584,2.3999346001894097,0.29039024606339797,1.1999673000947049,0.14519512303169899,0.12272603812295957,0.01555004768364558,0.1300135831861222,0.007410536033047899,0.13643092688425681,0.008020472500862756,0.17540457668959458,0.0,0.17643198961363535,2.803736533363884e-17
random,2,0.5,50,24.5,14.577379737113251,20270951.5,14.577379737113251,2.0,0.0,16.0,0.0,1.0,0.0,0.5,0.0,0.5,0.0,4.0,0.0,0.6948851879464851,0.09450612080830882,0.17540457668959458,0.0,0.17540457668959458,0.0,0.1754045766895946,6.75229172810329e-17,1.3322676295501878e-17,6.593014924743647e-17,0.24183102981486204,0.03205109218546638,0.05948897404139233,0.014766299977210644,0.27146474257432085,0.03567252176214583,0.05948897404139232,0.014766299977210648,1.0963452368173421e-17,2.1812007090196013e-17,1.9412423456008074,0.4618841671998938,2.1614760038624468,0.23608141276576522,2.389405434697821,0.283055546389472,1.1947027173489104,0.141527773194736,0.24256515207106372,0.030100089369206315,0.25752524023633294,0.01364177396835528,0.2706980828525336,0.015545348088859863,0.34278724803499405,0.0,0.35080915337918916,0.0
random,3,0.1,50,24.5,14.577379737113251,20270951.5,14.577379737113251,3.0,0.0,16.0,0.0,1.0,0.0,0.09999999999999998,2.803736533363884e-17,0.09999999999999998,2.803736533363884e-17,4.0,0.0,0.17470770076845535,0.02273581771239047,0.03534429339255608,7.00934133340971e-18,0.03534429339255608,7.00934133340971e-18,0.03534429339255608,7.00934133340971e-18,0.0,0.0,0.06170669845836985,0.008014820875538838,0.003870669241225817,0.0009962813950151138,0.06960534407358625,0.009034939394861708,0.003870669241225817,0.0009962813950151138,5.247538514829841e-19,4.800767227633322e-19,3.174611136567248,0.7062772602670309,3.6859044247060013,0.4545313103869293,4.24973578910883,0.5990470605157401,1.4165785963696098,0.19968235350524666,0.06261045626996234,0.006829972547887388,0.06773918701933143,0.004028553631467737,0.07269043875783048,0.005045823332426618,0.10576840449192236,1.401868266681942e-17,0.10603288017766825,0.0
random,3,0.25,50,24.5,14.577379737113251,20270951.5,14.577379737113251,3.0,0.0,16.0,0.0,1.0,0.0,0.25,0.0,0.25,0.0,4.0,0.0,0.43676925192113847,0.056839544280976165,0.08821599480681767,1.401868266681942e-17,0.08821599480681767,1.401868266681942e-17,0.08821599480681767,1.401868266681942e-17,0.0,0.0,0.15346007923901298,0.019731439122352725,0.023931539016086478,0.006093925635151119,0.17280313754119536,0.02212972309977069,0.023931539016086478,0.006093925635151122,1.0200174038743626e-17,3.022286232294312e-17,3.1513723386669996,0.6917060480763314,3.6661623602802353,0.44096006373677754,4.234099573917621,0.5949712149608233,1.411366524639207,0.19832373832027442,0.155719516902033,0.01676993666596384,0.16863065021792537,0.009794086239001123,0.1810970569002292,0.0125307897766759,0.260571501973014,0.0,0.264647984420453,5.607473066727768e-17
random,3,0.5,50,24.5,14.577379737113251,20270951.5,14.577379737113251,3.0,0.0,16.0,0.0,1.0,0.0,0.5,0.0,0.5,0.0,4.0,0.0,0.8735385038422769,0.11367908856195233,0.17540457668959458,0.0,0.17540457668959458,0.0,0.1754045766895946,9.128304805072237e-17,2.6645352591003756e-17,9.127615850408434e-17,0.30127902312533444,0.0373570788417994,0.09213669008815639,0.022577883454273515,0.3372201940407457,0.041154366178586796,0.09213669008815639,0.022577883454273508,2.151057110211241e-17,3.382688084155625e-17,3.0711491780952325,0.642018677423185,3.5978130679881044,0.3955777894946028,4.183106758234249,0.5829829695594886,1.3943689194114166,0.19432765651982953,0.3058115663792891,0.03143851335073284,0.33224296745509674,0.01771894055680302,0.3579248828540852,0.024545730434310638,0.4951367467791021,0.0,0.5262137300687836,1.1214946133455537e-16
random,4,0.1,50,24.5,14.577379737113251,20270951.5,14.577379737113251,4.0,0.0,16.0,0.0,1.0,0.0,0.09999999999999998,2.803736533363884e-17,0.09999999999999998,2.803736533363884e-17,4.0,0.0,0.2029015264852207,0.02477912350117174,0.03534429339255608,7.00934133340971e-18,0.03534429339255608,7.00934133340971e-18,0.03534429339255608,7.00934133340971e-18,0.0,0.0,0.07164034998994123,0.008727909018127969,0.0052069926145934175,0.0012291722095612205,0.08080138005414098,0.009836081007075344,0.005206992614593415,0.0012291722095612227,2.9577035265404562e-18,1.5732685321667872e-17,4.304189914897447,0.8268104419875756,5.301887317717635,0.5246941839384694,6.2829602006992955,0.7530326277392474,1.5707400501748239,0.18825815693481185,0.07299641445589666,0.007027614808541785,0.08128672341782707,0.004000939814220463,0.08843894461964086,0.0052825093929206,0.14071718691490653,2.803736533363884e-17,0.1413771735702243,2.803736533363884e-17
random,4,0.25,50,24.5,14.577379737113251,20270951.5,14.577379737113251,4.0,0.0,16.0,0.0,1.0,0.0,0.25,0.0,0.25,0.0,4.0,0.0,0.5072538162130517,0.06194780875292936,0.08821599480681767,1.401868266681942e-17,0.08821599480681767,1.401868266681942e-17,0.08821599480681767,1.401868266681942e-17,0.0,0.0,0.17784782734416585,0.021393789115333867,0.032078390019497374,0.007476743520922884,0.20012524119180086,0.023953051007323162,0.032078390019497374,0.007476743520922883,6.869504964868156e-18,2.2026402065585622e-17,4.257556619422723,0.8048652717078785,5.2615991789133885,0.5082384801430724,6.252703464554992,0.7538206312458618,1.563175866138748,0.18845515781146546,0.18122769464400026,0.017175301645378494,0.20212276880119215,0.009714075223342222,0.2201986136090494,0.0132285624116291,0.34278724803499405,0.0,0.3528639792272707,5.607473066727768e-17
random,4,0.5,50,24.5,14.577379737113251,20270951.5,14.577379737113251,4.0,0.0,16.0,0.0,1.0,0.0,0.5,0.0,0.5,0.0,4.0,0.0,1.0145076324261033,0.12389561750585872,0.17540457668959458,0.0,0.17540457668959458,0.0,0.1754045766895946,1.0109015833935136e-16,3.3306690738754695e-17,1.0093451520109983e-16,0.3469926788118202,0.03987702230497287,0.12196229251875615,0.02715579896122503,0.3873619023004199,0.04363477232542492,0.12196229251875611,0.027155798961225032,2.581268532253489e-17,3.3994655109558425e-17,4.097766309757932,0.731292742104078,5.123396919962333,0.4544493093393694,6.156359915111384,0.7579546118060899,1.539089978777846,0.18948865295152248,0.3536830579367831,0.0316761313530383,0.396647514341813,0.017528434263143478,0.4344146433812023,0.026634326544103196,0.6272713450233213,0.0,0.7016183067583783,0.0
random,5,0.1,50,24.5,14.577379737113251,20270951.5,14.577379737113251,5.0,0.0,16.0,0.0,1.0,0.0,0.09999999999999998,2.803736533363884e-17,0.09999999999999998,2.803736533363884e-17,4.0,0.0,0.22319434534578325,0.03014173471540707,0.03534429339255608,7.00934133340971e-18,0.03534429339255608,7.00934133340971e-18,0.03534429339255608,7.00934133340971e-18,0.0,0.0,0.07878188638559352,0.01060650299893319,0.006316833570221618,0.0016730494254628729,0.08884735639613338,0.011949350550209339,0.0063168335702216164,0.0016730494254628746,3.0184188481996443e-18,1.5730311286208458e-17,5.336521147901432,1.1296383478961836,7.021665758991733,0.7241159011493786,8.632650191805096,1.0075085626200657,1.7265300383610194,0.2015017125240131,0.0812109724216787,0.008527385216690499,0.09353737847910992,0.004776391196550933,0.10367389577231202,0.006043602319380213,0.17540457668959458,0.0,0.17672146696278038,2.803736533363884e-17
random,5,0.25,50,24.5,14.577379737113251,20270951.5,14.577379737113251,5.0,0.0,16.0,0.0,1.0,0.0,0.25,0.0,0.25,0.0,4.0,0.0,0.557985863364458,0.07535433678851768,0.08821599480681767,1.401868266681942e-17,0.08821599480681767,1.401868266681942e-17,0.08821599480681767,1.401868266681942e-17,0.0,0.0,0.1952738873075589,0.025867006328893157,0.03878761104029585,0.01010194397503818,0.21960119970285155,0.028903880767909354,0.03878761104029585,0.010101943975038184,9.08995101411847e-18,2.623488874956787e-17,5.260542334747734,1.0902425909695745,6.952119000780893,0.6932878274444468,8.572565739659785,1.0030749505992975,1.7145131479319569,0.2006149901198595,0.20129055902012535,0.0207013773320496,0.2323202849151238,0.01147777369291228,0.25785627672677264,0.015063688153145396,0.4212154289687585,1.1214946133455537e-16,0.44107997403408844,0.0
random,5,0.5,50,24.5,14.577379737113251,20270951.5,14.577379737113251,5.0,0.0,16.0,0.0,1.0,0.0,0.5,0.0,0.5,0.0,4.0,0.0,1.115971726728916,0.15070867357703535,0.17540457668959458,0.0,0.17540457668959458,0.0,0.1754045766895946,1.1002656663151754e-16,3.9968028886505634e-17,1.0933278371293962e-16,0.3789509264449356,0.04735387599075397,0.1458013464333958,0.035749371470888754,0.42209072274313914,0.051423787987300434,0.14580134643339576,0.03574937147088876,3.2612801348363975e-17,4.380137343164024e-17,5.0042952231060465,0.9600719935171634,6.716473211064822,0.595225416536837,8.383555944542529,0.9914364156204541,1.6767111889085058,0.1982872831240908,0.39064885533246596,0.03724504579969436,0.4541510719556057,0.01997345872375136,0.5070089292085015,0.02991221344712211,0.736319657640882,0.0,0.8770228834479729,1.1214946133455537e-16
random,6,0.1,50,24.5,14.577379737113251,20270951.5,14.577379737113251,6.0,0.0,16.0,0.0,1.0,0.0,0.09999999999999998,2.803736533363884e-17,0.09999999999999998,2.803736533363884e-17,4.0,0.0,0.24488325518116774,0.03321550262097853,0.03534429339255608,7.00934133340971e-18,0.03534429339255608,7.00934133340971e-18,0.03534429339255608,7.00934133340971e-18,0.0,0.0,0.08640869734435519,0.011678968748180231,0.007600133321548925,0.0019871896912389358,0.09743780070736525,0.013154171048658224,0.007600133321548923,0.001987189691238939,7.164407955784213e-18,2.6440998238882903e-17,6.622078305297851,1.3226699418300778,9.078060293358233,0.8493045904569166,11.45197695978263,1.2208992695277505,1.9086628266304382,0.2034832115879584,0.09050196244787381,0.009137349400227084,0.10637947588219017,0.004937693142508813,0.1194380144691038,0.006435612738888873,0.20976777199298308,2.803736533363884e-17,0.2120657603553365,0.0
random,6,0.25,50,24.5,14.577379737113251,20270951.5,14.577379737113251,6.0,0.0,16.0,0.0,1.0,0.0,0.25,0.0,0.25,0.0,4.0,0.0,0.6122081379529193,0.08303875655244632,0.08821599480681767,1.401868266681942e-17,0.08821599480681767,1.401868266681942e-17,0.08821599480681767,1.401868266681942e-17,0.0,0.0,0.21380677249163946,0.02836600406670887,0.04650187354626997,0.011924358205904153,0.2402804138034059,0.03164568580181301,0.04650187354626997,0.011924358205904165,1.672273430841642e-17,3.5044533703871243e-17,6.506789919254093,1.2660653297752547,8.964380091305681,0.8030751854437856,11.343352454275506,1.1993536878968585,1.8905587423792503,0.19989228131614306,0.2239644900534603,0.022042354275209317,0.2638680438295122,0.011737554188932369,0.29669618187158764,0.01584506611587167,0.4951367467791021,0.0,0.529295968840906,1.1214946133455537e-16
random,6,0.5,50,24.5,14.577379737113251,20270951.5,14.577379737113251,6.0,0.0,16.0,0.0,1.0,0.0,0.5,0.0,0.5,0.0,4.0,0.0,1.2244162759058386,0.16607751310489263,0.17540457668959458,0.0,0.17540457668959458,0.0,0.1754045766895946,1.1002656663151754e-16,3.9968028886505634e-17,1.0933278371293962e-16,0.41243610810596837,0.05118449897839339,0.17267099914655376,0.041298197541198296,0.4582498650274077,0.05525289597280511,0.17267099914655376,0.041298197541198296,3.9968028886505634e-17,4.9336203868594566e-17,6.121954438761195,1.0828267069571664,8.58661882680009,0.6633219322368595,10.999210539342078,1.1384769559471024,1.8332017565570131,0.18974615932451708,0.43229664679696056,0.03876072507237898,0.5136150038035243,0.01974624617059264,0.5809585716502965,0.03025857333913545,0.8217953106714898,1.1214946133455537e-16,1.0,0.0
random,7,0.1,50,24.5,14.577379737113251,20270951.5,14.577379737113251,7.0,0.0,16.0,0.0,1.0,0.0,0.09999999999999998,2.803736533363884e-17,0.09999999999999998,2.803736533363884e-17,4.0,0.0,0.2618279898448536,0.040487860972778976,0.03534429339255608,7.00934133340971e-18,0.03534429339255608,7.00934133340971e-18,0.03534429339255608,7.00934133340971e-18,0.0,0.0,0.09235862230681174,0.014226087978320805,0.008728449061995889,0.002565382228551668,0.10413626197614832,0.016019311114872776,0.008728449061995887,0.0025653822285516704,7.389922007661198e-18,2.631785994440533e-17,7.875950043836024,1.7121040983983085,11.17875485572855,1.103069782448876,14.358734792264247,1.6029146182742353,2.0512478274663213,0.22898780261060503,0.09861720525584293,0.01075866330246433,0.11803415092646091,0.005772296635502033,0.13372478670401172,0.0074837798991092015,0.2437456392136235,0.0,0.2474100537478926,0.0
random,7,0.25,50,24.5,14.577379737113251,20270951.5,14.577379737113251,7.0,0.0,16.0,0.0,1.0,0.0,0.25,0.0,0.25,0.0,4.0,0.0,0.6545699746121341,0.10121965243194743,0.08821599480681767,1.401868266681942e-17,0.08821599480681767,1.401868266681942e-17,0.08821599480681767,1.401868266681942e-17,0.0,0.0,0.22815522985061912,0.03442669734786668,0.053216302448664814,0.015309001882679495,0.25624293096389156,0.038352766454530736,0.053216302448664814,0.015309001882679498,1.484923295436147e-17,2.8926083369588726e-17,7.7131018481086,1.62939446489543,11.01217114107009,1.0334851027212282,14.18962912413753,1.5672089672691982,2.02708987487679,0.22388699532417117,0.2436582962479933,0.025842329153102,0.29243090773946934,0.013611216384712903,0.33180387055153043,0.01837148953856339,0.5639674182163823,0.0,0.6175119636477236,1.1214946133455537e-16
random,7,0.5,50,24.5,14.577379737113251,20270951.5,14.577379737113251,7.0,0.0,16.0,0.0,1.0,0.0,0.5,0.0,0.5,0.0,4.0,0.0,1.3091399492242681,0.20243930486389486,0.17540457668959458,0.0,0.17540457668959458,0.0,0.1754045766895946,1.2601228459165814e-16,5.329070518200751e-17,1.2334401497138956e-16,0.4376604437821222,0.061330636219125066,0.19523288205182593,0.0520204956433512,0.48517601796795307,0.06586051516111278,0.19523288205182587,0.052020495643351206,4.218847493575595e-17,4.589571977277663e-17,7.175499059932192,1.368395394467299,10.465489681226433,0.825416305291906,13.658533226328581,1.4691326081333422,1.9512190323326548,0.20987608687619172,0.4677573942701628,0.04483435724447188,0.5670144161052558,0.02222149725271734,0.6473318959334587,0.034851077907789345,0.8852879944798262,0.0,1.0,0.0
random,8,0.1,50,24.5,14.577379737113251,20270951.5,14.577379737113251,8.0,0.0,16.0,0.0,1.0,0.0,0.09999999999999998,2.803736533363884e-17,0.09999999999999998,2.803736533363884e-17,4.0,0.0,0.28501549472647925,0.04533261676170436,0.03534429339255608,7.00934133340971e-18,0.03534429339255608,7.00934133340971e-18,0.03534429339255608,7.00934133340971e-18,0.0,0.0,0.10049405231529245,0.015903415527157898,0.010346914803669591,0.0032088953794606506,0.11329273030503945,0.017898741468899172,0.010346914803669586,0.0032088953794606554,9.697104230710351e-18,2.994376035312219e-17,9.342865439169199,2.055872153543721,13.734904615492766,1.4369128298733238,17.33263090456166,1.95234952137837,2.1665788630702076,0.24404369017229624,0.10741291096371822,0.011682547771477723,0.13081702617984006,0.006762026791185623,0.14691791419288736,0.008291847630700554,0.27727901762189694,0.0,0.2827543471404486,5.607473066727768e-17
random,8,0.25,50,24.5,14.577379737113251,20270951.5,14.577379737113251,8.0,0.0,16.0,0.0,1.0,0.0,0.25,0.0,0.25,0.0,4.0,0.0,0.7125387368161981,0.1133315419042609,0.08821599480681767,1.401868266681942e-17,0.08821599480681767,1.401868266681942e-17,0.08821599480681767,1.401868266681942e-17,0.0,0.0,0.24769199627960578,0.038170761102634225,0.06277919188406753,0.018931409722093468,0.27794247278740825,0.04238814993616767,0.06277919188406753,0.018931409722093475,1.2836953722228373e-17,2.6135069610916238e-17,9.108519227496272,1.931879636262022,13.491028018132598,1.3290477039689357,17.095048025407863,1.8966633927616432,2.136881003175983,0.2370829240952054,0.2648133581874269,0.027791944061672277,0.32364213981095113,0.015771917321658457,0.3641882380031234,0.020244588039885325,0.6272713450233213,0.0,0.7057279584545414,1.1214946133455537e-16
random,8,0.5,50,24.5,14.577379737113251,20270951.5,14.577379737113251,8.0,0.0,16.0,0.0,1.0,0.0,0.5,0.0,0.5,0.0,4.0,0.0,1.4250774736323961,0.2266630838085218,0.17540457668959458,0.0,0.17540457668959458,0.0,0.1754045766895946,1.2601228459165814e-16,5.329070518200751e-17,1.2334401497138956e-16,0.47151417172679927,0.0660467866332316,0.22660054860329368,0.061823060214816566,0.5211133059515636,0.07008198284553967,0.22660054860329365,0.06182306021481657,4.246603069191224e-17,3.9889003141289423e-17,8.360056835440709,1.5463198706198393,12.699869991467269,1.0113715511553545,16.365190909767403,1.743699209095213,2.0456488637209254,0.21796240113690163,0.5050778732140465,0.046381849128598045,0.6246091353253749,0.024688886132089072,0.7085943048118395,0.037770826920106,0.929873495032194,2.2429892266911074e-16,1.0,0.0
random,9,0.1,50,24.5,14.577379737113251,20270951.5,14.577379737113251,9.0,0.0,16.0,0.0,1.0,0.0,0.09999999999999998,2.803736533363884e-17,0.09999999999999998,2.803736533363884e-17,4.0,0.0,0.3036870777842448,0.045496610988800895,0.03534429339255608,7.00934133340971e-18,0.03534429339255608,7.00934133340971e-18,0.03534429339255608,7.00934133340971e-18,0.0,0.0,0.10704069599732685,0.01594538709264399,0.011706880861735719,0.003414112631163073,0.12065938226129033,0.017940164723098694,0.011706880861735713,0.00341411263116308,1.0217521273503393e-17,2.9929194964365246e-17,10.884581426704433,2.1678580563622933,16.451577668623443,1.6034317331428762,20.97840269976889,2.320531858576178,2.3309336333076547,0.2578368731751308,0.11604474529861447,0.011554830899386173,0.14319264517061986,0.006961337355678559,0.1616420013388283,0.008949075174697245,0.31031100871030015,0.0,0.3180986405330048,5.607473066727768e-17
random,9,0.25,50,24.5,14.577379737113251,20270951.5,14.577379737113251,9.0,0.0,16.0,0.0,1.0,0.0,0.25,0.0,0.25,0.0,4.0,0.0,0.7592176944606119,0.11374152747200224,0.08821599480681767,1.401868266681942e-17,0.08821599480681767,1.401868266681942e-17,0.08821599480681767,1.401868266681942e-17,0.0,0.0,0.2633584594339271,0.03807596273232464,0.07077846151464491,0.02000455855771829,0.2953195385962142,0.042198792710498235,0.07077846151464491,0.0200045585577183,2.456368441983159e-17,4.0489731866734776e-17,10.58124592682327,2.0168496580072324,16.119737180102387,1.4737992759711196,20.63189321672879,2.214493710623598,2.292432579636532,0.24605485673595529,0.2856860729658853,0.027243737333454518,0.3538206900925332,0.016153259184894735,0.40013114788070303,0.021517228889877466,0.6847656598900492,1.1214946133455537e-16,0.7939439532613594,1.1214946133455537e-16
random,9,0.5,50,24.5,14.577379737113251,20270951.5,14.577379737113251,9.0,0.0,16.0,0.0,1.0,0.0,0.5,0.0,0.5,0.0,4.0,0.0,1.5184353889212239,0.22748305494400448,0.17540457668959458,0.0,0.17540457668959458,0.0,0.1754045766895946,1.401868266681942e-16,6.661338147750939e-17,1.3457935360146644e-16,0.49832159389122077,0.06468796597845992,0.2524252532218686,0.06377549180222379,0.5494225618422398,0.0681283217715382,0.2524252532218686,0.06377549180222379,5.495603971894525e-17,5.840661685558793e-17,9.609635176492452,1.562933163489002,15.05461086217076,1.1038472283496872,19.58091274319601,1.9472724071220457,2.1756569714662235,0.21636360079133843,0.5419807192590284,0.044196825475677014,0.6801258211426042,0.024960169523494297,0.7752274954440443,0.038646506516762894,0.9593958991374582,2.2429892266911074e-16,1.0,0.0
random,10,0.1,50,24.5,14.577379737113251,20270951.5,14.577379737113251,10.0,0.0,16.0,0.0,1.0,0.0,0.09999999999999998,2.803736533363884e-17,0.09999999999999998,2.803736533363884e-17,4.0,0.0,0.31953320831023446,0.0516697956891935,0.03534429339255608,7.00934133340971e-18,0.03534429339255608,7.00934133340971e-18,0.03534429339255608,7.00934133340971e-18,0.0,0.0,0.11258514572713096,0.018090861406187275,0.012996148719488832,0.004082568487636212,0.12689400473677703,0.02034731041186309,0.012996148719488822,0.0040825684876362196,1.438085761584773e-17,3.580261241416807e-17,12.37353320609724,2.59522636324406,19.238603158567805,2.00730292328025,24.514087345617554,2.8546951829360627,2.4514087345617557,0.2854695182936063,0.12368627176775203,0.012735932118236178,0.15482543237377264,0.007974163661289517,0.17471156392839549,0.010067879735908856,0.34278724803499405,0.0,0.35344293392556075,5.607473066727768e-17
random,10,0.25,50,24.5,14.577379737113251,20270951.5,14.577379737113251,10.0,0.0,16.0,0.0,1.0,0.0,0.25,0.0,0.25,0.0,4.0,0.0,0.7988330207755862,0.12917448922298372,0.08821599480681767,1.401868266681942e-17,0.08821599480681767,1.401868266681942e-17,0.08821599480681767,1.401868266681942e-17,0.0,0.0,0.27648241724533595,0.04297552532467711,0.0782524849072174,0.02372703210493951,0.3098148631933235,0.0475345422550295,0.07825248490721738,0.023727032104939517,1.8041124150158794e-17,3.275695516791645e-17,11.977274962034585,2.3930411131445926,18.800887571262738,1.8197172744926768,24.059197796764533,2.689229982338127,2.4059197796764535,0.2689229982338127,0.3038644600837137,0.02986847233144188,0.38207587433078893,0.01828610758924667,0.43204941615254805,0.023978405797060665,0.736319657640882,0.0,0.8821599480681769,0.0
random,10,0.5,50,24.5,14.577379737113251,20270951.5,14.577379737113251,10.0,0.0,16.0,0.0,1.0,0.0,0.5,0.0,0.5,0.0,4.0,0.0,1.5976660415511723,0.25834897844596744,0.17540457668959458,0.0,0.17540457668959458,0.0,0.17540457668959467,1.437308126516677e-16,7.993605777301127e-17,1.436914289510649e-16,0.5199134452833216,0.07172232837872981,0.2753512011266783,0.07361484096538254,0.5718623014146083,0.07502319413319812,0.2753512011266783,0.07361484096538254,5.495603971894525e-17,4.674426680296134e-17,10.733342654910393,1.8125096335274056,17.41618273394822,1.2987412778829681,22.671160027607222,2.2977295906085344,2.267116002760722,0.22977295906085346,0.5726980622357565,0.047885559368268535,0.7315196082292811,0.027080252399262008,0.8341253954348978,0.04229499667961167,0.9777847750791545,1.1214946133455537e-16,1.0,0.0
random,11,0.1,50,24.5,14.577379737113251,20270951.5,14.577379737113251,11.0,0.0,16.0,0.0,1.0,0.0,0.09999999999999998,2.803736533363884e-17,0.09999999999999998,2.803736533363884e-17,4.0,0.0,0.32971955551397697,0.05930704008174272,0.03534429339255608,7.00934133340971e-18,0.03534429339255608,7.00934133340971e-18,0.03534429339255608,7.00934133340971e-18,0.0,0.0,0.11614071897297017,0.020738878037724704,0.01391016564457678,0.004958951289499356,0.1308889925722421,0.023315973066991173,0.013910165644576773,0.0049589512894993625,1.2403272853234171e-17,3.2881044512607196e-17,13.723208927883098,3.1844173866684837,22.071179777512267,2.3284481602904434,28.249228678264835,2.8942633266601288,2.5681116980240764,0.26311484787819356,0.13012498275881793,0.014665774076941628,0.16582785926139607,0.00862246045753214,0.18761853613008345,0.00951691465013683,0.37465615755977894,5.607473066727768e-17,0.3887872273181168,1.1214946133455537e-16
random,11,0.25,50,24.5,14.577379737113251,20270951.5,14.577379737113251,11.0,0.0,16.0,0.0,1.0,0.0,0.25,0.0,0.25,0.0,4.0,0.0,0.8242988887849425,0.14826760020435678,0.08821599480681767,1.401868266681942e-17,0.08821599480681767,1.401868266681942e-17,0.08821599480681767,1.401868266681942e-17,0.0,0.0,0.2847935291428582,0.04894976139778991,0.0834555117997266,0.028499328097135446,0.31895047320287245,0.05401190810470387,0.0834555117997266,0.028499328097135453,2.4841240175987878e-17,4.0873295838208337e-17,13.238141346076555,2.891033894274104,21.522377444523812,2.071312612297515,27.65726383902187,2.673681485294377,2.5142967126383517,0.24306195320857973,0.3191980644238879,0.03399623242682493,0.40880040555373676,0.019449003928303194,0.46340574845867144,0.022261136709824932,0.7819474870396579,1.1214946133455537e-16,0.9703759428749946,1.1214946133455537e-16
random,11,0.5,50,24.5,14.577379737113251,20270951.5,14.577379737113251,11.0,0.0,16.0,0.0,1.0,0.0,0.5,0.0,0.5,0.0,4.0,0.0,1.648597777569885,0.29653520040871356,0.17540457668959458,0.0,0.17540457668959458,0.0,0.17540457668959467,1.4761612939138997e-16,8.659739592076221e-17,1.475777825588449e-16,0.5329981435589726,0.07998260061696023,0.29035629311073424,0.08528659463269156,0.5852338855276237,0.08304090608504489,0.2903562931107342,0.08528659463269155,6.356026815979021e-17,5.649998703688537e-17,11.742471205494438,2.0750926666818312,19.817444173587234,1.4033596688591583,25.900237822612347,2.1858891747737546,2.35456707478294,0.19871719770670493,0.5988336521587238,0.052256386095166085,0.7803702221014097,0.027497209956703142,0.8918950726821613,0.037657471011459755,0.9885372118015525,1.1214946133455537e-16,1.0,0.0
random,12,0.1,50,24.5,14.577379737113251,20270951.5,14.577379737113251,12.0,0.0,16.0,0.0,1.0,0.0,0.09999999999999998,2.803736533363884e-17,0.09999999999999998,2.803736533363884e-17,4.0,0.0,0.346838299939782,0.06289082129100951,0.03534429339255608,7.00934133340971e-18,0.03534429339255608,7.00934133340971e-18,0.03534429339255608,7.00934133340971e-18,0.0,0.0,0.12212202270608524,0.021975320127304326,0.015387044830629158,0.005436402538999833,0.13761171145523216,0.02469979033007389,0.015387044830629151,0.005436402538999842,2.6281060661048628e-17,5.567444028743912e-17,15.333518165229595,3.400012408535598,25.315001756357347,2.3921630002218146,32.10740217099939,3.093711481914872,2.675616847583283,0.2578092901595727,0.13759795760686486,0.01504162414256462,0.177638487950316,0.008363592568243322,0.20004784281615148,0.009585269244985846,0.4058691766921061,5.607473066727768e-17,0.424131520710673,0.0
random,12,0.25,50,24.5,14.577379737113251,20270951.5,14.577379737113251,12.0,0.0,16.0,0.0,1.0,0.0,0.25,0.0,0.25,0.0,4.0,0.0,0.8670957498494549,0.15722705322752376,0.08821599480681767,1.401868266681942e-17,0.08821599480681767,1.401868266681942e-17,0.08821599480681767,1.401868266681942e-17,0.0,0.0,0.29884764505076017,0.05165796360258086,0.0919250892518794,0.03111178772903312,0.3344294040573178,0.05690932529510566,0.0919250892518794,0.031111787729033127,3.2612801348363975e-17,4.19683397756882e-17,14.733958612160801,3.055217809156967,24.626069323910983,2.1036473594982077,31.40200711852029,2.856617604613054,2.616833926543358,0.23805146705108782,0.3368835017745079,0.03455374138750835,0.43737926355461243,0.018652889982996017,0.49384294254185995,0.02239502154485804,0.8217953106714898,1.1214946133455537e-16,1.0,0.0
random,12,0.5,50,24.5,14.577379737113251,20270951.5,14.577379737113251,12.0,0.0,16.0,0.0,1.0,0.0,0.5,0.0,0.5,0.0,4.0,0.0,1.7341914996989098,0.3144541064550475,0.17540457668959458,0.0,0.17540457668959458,0.0,0.17540457668959467,1.5140177280164974e-16,9.325873406851315e-17,1.5106494975305674e-16,0.5555290362654108,0.08312924295083549,0.3153847717468836,0.09162460742111646,0.6084172691615428,0.08575317753913565,0.31538477174688356,0.09162460742111643,7.16093850883226e-17,6.041775752533717e-17,12.902055118255493,2.0928119173313515,22.503165264174896,1.372721549713152,29.32358914953339,2.3695224501328482,2.4436324291277822,0.19746020417773738,0.6280244105149643,0.05090852534736563,0.8316953590013629,0.025403660320795385,0.9480125211196172,0.03676167215847419,0.994429989220839,1.1214946133455537e-16,1.0,0.0
random,13,0.1,50,24.5,14.577379737113251,20270951.5,14.577379737113251,13.0,0.0,16.0,0.0,1.0,0.0,0.09999999999999998,2.803736533363884e-17,0.09999999999999998,2.803736533363884e-17,4.0,0.0,0.3606336844640216,0.06371882214067641,0.03534429339255608,7.00934133340971e-18,0.03534429339255608,7.00934133340971e-18,0.03534429339255608,7.00934133340971e-18,0.0,0.0,0.1269394872593674,0.022243495035987812,0.016598511035658795,0.005724842256278505,0.14302534463064875,0.024993310376505398,0.01659851103565878,0.005724842256278505,2.1527918336872176e-17,5.262017918485113e-17,16.86006491976351,3.629465526380349,28.65416163024479,2.5881451109542315,36.575922439493205,3.2856413254702304,2.8135324953456315,0.25274164042078695,0.14432000645958737,0.015440816770103914,0.18900802389373975,0.008529193709464096,0.21354848683524685,0.009496711720926736,0.43638097040557705,0.0,0.459475814103229,5.607473066727768e-17
random,13,0.25,50,24.5,14.577379737113251,20270951.5,14.577379737113251,13.0,0.0,16.0,0.0,1.0,0.0,0.25,0.0,0.25,0.0,4.0,0.0,0.9015842111600538,0.159297055351691,0.08821599480681767,1.401868266681942e-17,0.08821599480681767,1.401868266681942e-17,0.08821599480681767,1.401868266681942e-17,0.0,0.0,0.31013522545059125,0.05202480110910937,0.0988363063971226,0.032580435163297505,0.34684839896157643,0.057200200388026604,0.0988363063971226,0.03258043516329752,2.8171909249863345e-17,4.534800080090663e-17,16.148031821104826,3.2306382868519337,27.80206086880625,2.2426231555652634,35.63941223089227,3.0259407528399453,2.7414932485301744,0.2327646732953804,0.3527773008399068,0.035184015090053866,0.46477099576707637,0.018770245320351132,0.5261796114656904,0.022203208704754066,0.8561239190524094,1.1214946133455537e-16,1.0,0.0
random,13,0.5,50,24.5,14.577379737113251,20270951.5,14.577379737113251,13.0,0.0,16.0,0.0,1.0,0.0,0.5,0.0,0.5,0.0,4.0,0.0,1.8031684223201077,0.318594110703382,0.17540457668959458,0.0,0.17540457668959458,0.0,0.17540457668959467,1.5140177280164974e-16,9.325873406851315e-17,1.5106494975305674e-16,0.5734618760084638,0.08215015218047694,0.3354721977883567,0.09397408095147776,0.6268162896222379,0.08407593522577271,0.3354721977883567,0.09397408095147779,6.994405055138486e-17,5.642132287183977e-17,13.993156250325878,2.129500372877452,25.20750540249258,1.399541298855751,32.94154130944526,2.5503950816606302,2.533964716111174,0.19618423705081764,0.654269352355253,0.05005886186601101,0.8803193046714861,0.02456415958694776,0.9866474264263352,0.01953481197594872,0.9974537236227989,1.1214946133455537e-16,1.0,0.0
random,14,0.1,50,24.5,14.577379737113251,20270951.5,14.577379737113251,14.0,0.0,16.0,0.0,1.0,0.0,0.09999999999999998,2.803736533363884e-17,0.09999999999999998,2.803736533363884e-17,4.0,0.0,0.37311060643020055,0.06950958583967229,0.03534429339255608,7.00934133340971e-18,0.03534429339255608,7.00934133340971e-18,0.03534429339255608,7.00934133340971e-18,0.0,0.0,0.13128390232975615,0.024231485966529194,0.017810884624832126,0.006557158309914989,0.14790269898994388,0.02721464379022204,0.017810884624832112,0.00655715830991499,2.8171909249863345e-17,5.669616994619462e-17,18.610151706694552,4.178662383896719,32.31539397684304,3.038651793406106,40.94676762518396,3.902497478875178,2.924769116084568,0.2787498199196556,0.15155743409937517,0.016857768682674815,0.2007053003625501,0.009388931386772862,0.22591969587644628,0.010679668325239552,0.4661496130622998,5.607473066727768e-17,0.4948201074957852,0.0
random,14,0.25,50,24.5,14.577379737113251,20270951.5,14.577379737113251,14.0,0.0,16.0,0.0,1.0,0.0,0.25,0.0,0.25,0.0,4.0,0.0,0.9327765160755015,0.1737739645991807,0.08821599480681767,1.401868266681942e-17,0.08821599480681767,1.401868266681942e-17,0.08821599480681767,1.401868266681942e-17,0.0,0.0,0.320161150219711,0.0562706682696926,0.10560622245537575,0.03690459696905058,0.35781589238001876,0.06170249281558369,0.10560622245537575,0.03690459696905058,3.511080315377057e-17,4.4999971360490345e-17,17.759717614022765,3.672360625289048,31.270455150978734,2.5993475681308746,39.829147560939006,3.5955322150126094,2.844939111495644,0.2568237296437578,0.3698516474690884,0.03802493566079024,0.4928882791484993,0.020447965150838254,0.5561849424021459,0.02497335735891238,0.8852879944798262,0.0,1.0,0.0
random,14,0.5,50,24.5,14.577379737113251,20270951.5,14.577379737113251,14.0,0.0,16.0,0.0,1.0,0.0,0.5,0.0,0.5,0.0,4.0,0.0,1.865553032151003,0.3475479291983614,0.17540457668959458,0.0,0.17540457668959458,0.0,0.1754045766895947,1.6174425334296218e-16,1.1990408665951691e-16,1.614952243217597e-16,0.5885663707242123,0.08673362040744473,0.35378263923827397,0.10273277454435434,0.6420081710328919,0.08799465696187742,0.3537826392382739,0.10273277454435437,7.105427357601002e-17,5.412300934648999e-17,15.236967476337595,2.336016290931009,28.131187561471407,1.5564074920128963,36.68060232509843,3.0549582438833336,2.6200430232213163,0.21821130313452383,0.682698365522777,0.05263609521000928,0.9299730519219768,0.025868077891007125,0.9985808304151322,0.00608957516743775,0.9989056556461261,0.0,1.0,0.0
random,15,0.1,50,24.5,14.577379737113251,20270951.5,14.577379737113251,15.0,0.0,16.0,0.0,1.0,0.0,0.09999999999999998,2.803736533363884e-17,0.09999999999999998,2.803736533363884e-17,4.0,0.0,0.3828733100580022,0.06888090562696526,0.03534429339255608,7.00934133340971e-18,0.03534429339255608,7.00934133340971e-18,0.03534429339255608,7.00934133340971e-18,0.0,0.0,0.13468956517227818,0.024002251541709513,0.018705864883787435,0.006593869373025147,0.15172849143672823,0.026953424305063846,0.01870586488378742,0.006593869373025156,3.263014858312374e-17,6.252741317907485e-17,20.063241619829704,4.216201723908726,36.03196681642448,3.1911327897702173,45.87443419274562,4.539711362229933,3.0582956128497085,0.3026474241486622,0.15747412105079334,0.016452942963390213,0.21195627147618568,0.009387315250409945,0.23910348114899438,0.011812461859037152,0.4951367467791021,0.0,0.5301644008883413,0.0
random,15,0.25,50,24.5,14.577379737113251,20270951.5,14.577379737113251,15.0,0.0,16.0,0.0,1.0,0.0,0.25,0.0,0.25,0.0,4.0,0.0,0.9571832751450056,0.17220226406741318,0.08821599480681767,1.401868266681942e-17,0.08821599480681767,1.401868266681942e-17,0.08821599480681767,1.401868266681942e-17,0.0,0.0,0.3280968854454134,0.05561363251170674,0.11067858483770494,0.037020390662352805,0.36652838449923664,0.06092860620611803,0.11067858483770494,0.037020390662352826,3.608224830031759e-17,5.052563501463047e-17,19.121160075796578,3.6901236407762976,34.802313549670096,2.7241566681314957,44.524004073587065,4.197576947762485,2.9682669382391382,0.2798384631841657,0.38400872673643444,0.03696863032960784,0.5200245421014674,0.02040979011919907,0.5879924152920549,0.027728055504867236,0.909713348317066,1.1214946133455537e-16,1.0,0.0
random,15,0.5,50,24.5,14.577379737113251,20270951.5,14.577379737113251,15.0,0.0,16.0,0.0,1.0,0.0,0.5,0.0,0.5,0.0,4.0,0.0,1.9143665502900111,0.34440452813482636,0.17540457668959458,0.0,0.17540457668959458,0.0,0.1754045766895947,1.6174425334296218e-16,1.1990408665951691e-16,1.614952243217597e-16,0.6009208725978575,0.08499840814770881,0.36818612992366195,0.10207519245291172,0.6545792099505319,0.0859348794931229,0.36818612992366195,0.10207519245291172,7.993605777301127e-17,7.598901907644524e-17,16.33833113032063,2.317167108833638,31.134116979801988,1.6578674450068545,40.74075136116362,3.5913050739144476,2.7160500907442406,0.23942033826096312,0.7072310736797914,0.05052592137474574,0.9762565712649615,0.02366758454921963,1.0,0.0,0.999557989159741,0.0,1.0,0.0
random,16,0.1,50,24.5,14.577379737113251,20270951.5,14.577379737113251,16.0,0.0,16.0,0.0,1.0,0.0,0.09999999999999998,2.803736533363884e-17,0.09999999999999998,2.803736533363884e-17,4.0,0.0,0.39475833258816556,0.07489607864879931,0.03534429339255608,7.00934133340971e-18,0.03534429339255608,7.00934133340971e-18,0.03534429339255608,7.00934133340971e-18,0.0,0.0,0.13881975117989598,0.026076959333518286,0.01993733096956857,0.007355140641102017,0.15636230559042397,0.02927531919128323,0.019937330969568557,0.007355140641102023,3.4659775050016606e-17,6.688183515535367e-17,21.721668691103684,4.540459990874702,40.12085817793631,3.506220099547248,51.06701726466808,5.175794970087289,3.191688579041755,0.3234871856304556,0.16386252525061937,0.017029257457127786,0.2236650772733449,0.009776824239737464,0.2522615200631273,0.01269812726106688,0.523307713421376,1.1214946133455537e-16,0.5655086942808972,1.1214946133455537e-16
random,16,0.25,50,24.5,14.577379737113251,20270951.5,14.577379737113251,16.0,0.0,16.0,0.0,1.0,0.0,0.25,0.0,0.25,0.0,4.0,0.0,0.9868958314704139,0.18724019662199828,0.08821599480681767,1.401868266681942e-17,0.08821599480681767,1.401868266681942e-17,0.08821599480681767,1.401868266681942e-17,0.0,0.0,0.3375290100066831,0.060165305262548686,0.11747329927428052,0.04102840280705237,0.37680428109638653,0.06581081743687099,0.11747329927428049,0.04102840280705238,3.608224830031759e-17,4.9384776851557424e-17,20.63577825413753,3.934435670473241,38.657180534487885,2.96369409812179,49.48018545327525,4.839671386192692,3.092511590829703,0.30247946163704326,0.39897358982911646,0.037917405411677534,0.5480856048789646,0.021061991319038485,0.6198114181404427,0.030163906575914817,0.929873495032194,2.2429892266911074e-16,1.0,0.0
random,16,0.5,50,24.5,14.577379737113251,20270951.5,14.577379737113251,16.0,0.0,16.0,0.0,1.0,0.0,0.5,0.0,0.5,0.0,4.0,0.0,1.9737916629408279,0.37448039324399657,0.17540457668959458,0.0,0.17540457668959458,0.0,0.1754045766895947,1.663445330955846e-16,1.3322676295501878e-16,1.6482537311859117e-16,0.6145788640795831,0.09064615447754386,0.38575957098848607,0.11080787482482606,0.6680953204293952,0.09117825053931555,0.38575957098848607,0.11080787482482607,9.159339953157541e-17,7.273521597653717e-17,17.462278481664175,2.38915185276755,34.33185539509578,1.752207548621879,45.04038305444803,4.15726154622636,2.815023940903002,0.2598288466391475,0.7312900986464577,0.05023027763839156,0.9972667467115308,0.007632307477158538,1.0,0.0,0.9998322546167919,0.0,1.0,0.0
