pattern,replicate,seed,k,dimension,sigma,r,r_over_sigma,cluster_block_size,endpoint_mean_distance,step_h_theory,step_h_min,step_h_max,step_h_max_abs_error,endpoint_h,endpoint_h2,endpoint_tv,decomposition_h2,decomposition_abs_error,chi,b_plus,spectral_factor,lambda_max,cert_exact_chi_h,cert_b_plus_h,cert_spectral_h,group_gaussian_h,triangle_h
aligned,0,20270927,2,16,1.0,0.1,0.1,4,0.2,0.035344293392556084,0.035344293392556084,0.035344293392556084,0.0,0.07062238177318633,0.004987520807317681,0.07965567455405798,0.00498752080731768,8.673617379884035e-19,3.9925109257913665,3.9925109257913665,3.9925109257913665,1.9962554628956832,0.07062238177318632,0.07062238177318632,0.07062238177318632,0.07062238177318633,0.07068858678511217
alternating,0,20270927,2,16,1.0,0.1,0.1,4,0.0,0.035344293392556084,0.035344293392556084,0.035344293392556084,0.0,0.0,0.0,0.0,-1.1038040679807351e-16,1.1038040679807351e-16,1.0,2.0,4.000000000000089,2.0000000000000444,0.035344293392556084,0.049984379068246584,0.07068858678511296,0.07062238177318633,0.07068858678511217
orthogonal,0,20270927,2,16,1.0,0.1,0.1,4,0.14142135623730953,0.035344293392556084,0.035344293392556084,0.035344293392556084,0.0,0.04996876626994022,0.0024968776025399153,0.05637197779701664,0.0024968776025399157,4.336808689942018e-19,1.9987507809246923,2.0,2.0012492190753077,1.0006246095376539,0.04996876626994022,0.049984379068246584,0.049999986991362495,0.07062238177318633,0.07068858678511217
clustered,0,20270927,2,16,1.0,0.1,0.1,4,0.2,0.035344293392556084,0.035344293392556084,0.035344293392556084,0.0,0.07062238177318633,0.004987520807317681,0.07965567455405798,0.00498752080731768,8.673617379884035e-19,3.9925109257913665,3.9925109257913665,3.9925109257913665,1.9962554628956832,0.07062238177318632,0.07062238177318632,0.07062238177318632,0.07062238177318633,0.07068858678511217
random,0,20270927,2,16,1.0,0.1,0.1,4,0.12917204992721418,0.035344293392556084,0.035344293392556084,0.035344293392556084,0.0,0.04564541375345095,0.002083503796723729,0.05149638805974277,0.0020835037967237295,4.336808689942018e-19,1.6678450063090517,2.0,2.3321549936909483,1.1660774968454741,0.04564541375345095,0.049984379068246584,0.05397566585927963,0.07062238177318633,0.07068858678511217
random,1,20270928,2,16,1.0,0.1,0.1,4,0.12803411429051134,0.035344293392556084,0.035344293392556084,0.035344293392556084,0.0,0.04524371610924244,0.0020469938473737237,0.0510433549720406,0.002046993847373724,4.336808689942018e-19,1.6386187880512517,2.0,2.3613812119487485,1.1806906059743743,0.04524371610924244,0.049984379068246584,0.05431282034936697,0.07062238177318633,0.07068858678511217
random,2,20270929,2,16,1.0,0.1,0.1,4,0.0971910451731049,0.035344293392556084,0.035344293392556084,0.035344293392556084,0.0,0.034352082645556795,0.0011800655820871644,0.03875836179038927,0.0011800655820871644,0.0,1.0,2.0,3.0553573786156925,1.5276786893078462,0.035344293392556084,0.049984379068246584,0.06178034250139093,0.07062238177318633,0.07068858678511217
random,3,20270930,2,16,1.0,0.1,0.1,4,0.16384163707291607,0.035344293392556084,0.035344293392556084,0.035344293392556084,0.0,0.057878206795769466,0.003349886821893855,0.06529032071787921,0.0033498868218938553,4.336808689942018e-19,2.681584749872673,2.681584749872673,2.681584749872673,1.3407923749363364,0.05787820679576947,0.05787820679576947,0.05787820679576947,0.07062238177318633,0.07068858678511217
random,4,20270931,2,16,1.0,0.1,0.1,4,0.1405315332737686,0.035344293392556084,0.035344293392556084,0.035344293392556084,0.0,0.04965475200992776,0.0024655943971674255,0.056017870597986574,0.002465594397167426,4.336808689942018e-19,1.9737085717653462,2.0,2.026291428234654,1.013145714117327,0.04965475200992777,0.049984379068246584,0.05031184656230488,0.07062238177318633,0.07068858678511217
random,5,20270932,2,16,1.0,0.1,0.1,4,0.15203790513551318,0.035344293392556084,0.035344293392556084,0.035344293392556084,0.0,0.05371471082507785,0.002885270159021736,0.06059598014163159,0.002885270159021736,0.0,2.3096590628459586,2.3096590628459586,2.3096590628459586,1.1548295314229793,0.05371471082507785,0.05371471082507785,0.05371471082507785,0.07062238177318633,0.07068858678511217
random,6,20270933,2,16,1.0,0.1,0.1,4,0.11865776331108459,0.035344293392556084,0.035344293392556084,0.035344293392556084,0.0,0.04193340292842895,0.0017584102811579738,0.04730984260904503,0.001758410281157974,2.168404344971009e-19,1.4076076132347475,2.0,2.5923923867652525,1.2961961933826263,0.04193340292842896,0.049984379068246584,0.056907521651521256,0.07062238177318633,0.07068858678511217
random,7,20270934,2,16,1.0,0.1,0.1,4,0.15788570243561717,0.035344293392556084,0.035344293392556084,0.035344293392556084,0.0,0.055777569241925534,0.0031111372305377975,0.06292192076887648,0.0031111372305377975,0.0,2.4904656771223928,2.4904656771223928,2.4904656771223928,1.2452328385611964,0.055777569241925534,0.055777569241925534,0.055777569241925534,0.07062238177318633,0.07068858678511217
random,8,20270935,2,16,1.0,0.1,0.1,4,0.10005459118811587,0.035344293392556084,0.035344293392556084,0.035344293392556084,0.0,0.03536357619559869,0.0012505825213419144,0.03989936318856713,0.0012505825213419146,2.168404344971009e-19,1.0010914386032517,2.0,2.9989085613967483,1.4994542806983742,0.03536357619559869,0.049984379068246584,0.06120697493206489,0.07062238177318633,0.07068858678511217
random,9,20270936,2,16,1.0,0.1,0.1,4,0.13857844912354458,0.035344293392556084,0.035344293392556084,0.035344293392556084,0.0,0.04896549221794742,0.0023976194281458696,0.0552405973217287,0.00239761942814587,4.336808689942018e-19,1.9192946019828627,2.0,2.0807053980171375,1.0403526990085687,0.04896549221794743,0.049984379068246584,0.05098290766061176,0.07062238177318633,0.07068858678511217
random,10,20270937,2,16,1.0,0.1,0.1,4,0.17038162520034217,0.035344293392556084,0.035344293392556084,0.035344293392556084,0.0,0.06018439469762308,0.003622161365119281,0.06789030548783659,0.0036221613651192808,4.336808689942018e-19,2.8995405500865656,2.8995405500865656,2.8995405500865656,1.4497702750432828,0.06018439469762308,0.06018439469762308,0.06018439469762308,0.07062238177318633,0.07068858678511217
random,11,20270938,2,16,1.0,0.1,0.1,4,0.15884236253913211,0.035344293392556084,0.035344293392556084,0.035344293392556084,0.0,0.056115005289954806,0.003148893818691656,0.06330237836215447,0.0031488938186916564,4.336808689942018e-19,2.5206898298725355,2.5206898298725355,2.5206898298725355,1.2603449149362678,0.056115005289954806,0.056115005289954806,0.056115005289954806,0.07062238177318633,0.07068858678511217
random,12,20270939,2,16,1.0,0.1,0.1,4,0.16890655326404194,0.035344293392556084,0.035344293392556084,0.035344293392556084,0.0,0.05966428333976655,0.003559826706447944,0.06730395008652112,0.0035598267064479443,4.336808689942018e-19,2.849641649326965,2.849641649326965,2.849641649326965,1.4248208246634826,0.05966428333976655,0.05966428333976655,0.05966428333976655,0.07062238177318633,0.07068858678511217
random,13,20270940,2,16,1.0,0.1,0.1,4,0.1483506244032417,0.035344293392556084,0.035344293392556084,0.035344293392556084,0.0,0.05241381467535376,0.0027472079688223294,0.05912911026664558,0.00274720796882233,4.336808689942018e-19,2.199140265209852,2.199140265209852,2.199140265209852,1.099570132604926,0.05241381467535377,0.05241381467535377,0.05241381467535377,0.07062238177318633,0.07068858678511217
random,14,20270941,2,16,1.0,0.1,0.1,4,0.15078333259465046,0.035344293392556084,0.035344293392556084,0.035344293392556084,0.0,0.053272104818217765,0.0028379171517631803,0.060096910328414355,0.002837917151763181,8.673617379884035e-19,2.271752975602879,2.271752975602879,2.271752975602879,1.1358764878014396,0.05327210481821777,0.05327210481821777,0.05327210481821777,0.07062238177318633,0.07068858678511217
random,15,20270942,2,16,1.0,0.1,0.1,4,0.1509670875871667,0.035344293392556084,0.035344293392556084,0.035344293392556084,0.0,0.05333693351170019,0.002844828476431527,0.06017000966989183,0.0028448284764315272,4.336808689942018e-19,2.2772854917198204,2.2772854917198204,2.2772854917198204,1.1386427458599102,0.05333693351170019,0.05333693351170019,0.05333693351170019,0.07062238177318633,0.07068858678511217
random,16,20270943,2,16,1.0,0.1,0.1,4,0.12971205245576667,0.035344293392556084,0.035344293392556084,0.035344293392556084,0.0,0.045836033798410766,0.002100941994369054,0.05171136717396263,0.002100941994369055,8.673617379884035e-19,1.681804285340614,2.0,2.318195714659386,1.159097857329693,0.045836033798410766,0.049984379068246584,0.05381388582240907,0.07062238177318633,0.07068858678511217
random,17,20270944,2,16,1.0,0.1,0.1,4,0.13891654728413996,0.035344293392556084,0.035344293392556084,0.035344293392556084,0.0,0.04908481241463045,0.0024093188097794593,0.05537515478935173,0.0024093188097794598,4.336808689942018e-19,1.9286599581992372,2.0,2.0713400418007626,1.0356700209003813,0.049084812414630453,0.049984379068246584,0.05086803998481635,0.07062238177318633,0.07068858678511217
random,18,20270945,2,16,1.0,0.1,0.1,4,0.12770164391040661,0.035344293392556084,0.035344293392556084,0.035344293392556084,0.0,0.045126350129546515,0.002036387476014423,0.05091098928281834,0.0020363874760144234,4.336808689942018e-19,1.6301283866733007,2.0,2.3698716133266995,1.1849358066633497,0.04512635012954652,0.049984379068246584,0.05441037424666285,0.07062238177318633,0.07068858678511217
random,19,20270946,2,16,1.0,0.1,0.1,4,0.1496808036583613,0.035344293392556084,0.035344293392556084,0.035344293392556084,0.0,0.052883125957325985,0.0027966250110184054,0.05965830407306627,0.002796625011018406,4.336808689942018e-19,2.238698612635421,2.238698612635421,2.238698612635421,1.1193493063177105,0.052883125957325985,0.052883125957325985,0.052883125957325985,0.07062238177318633,0.07068858678511217
random,20,20270947,2,16,1.0,0.1,0.1,4,0.1611827774612724,0.035344293392556084,0.035344293392556084,0.035344293392556084,0.0,0.05694048287171052,0.0032422185896635587,0.06423308527344496,0.003242218589663559,4.336808689942018e-19,2.595396318756877,2.595396318756877,2.595396318756877,1.2976981593784385,0.056940482871710524,0.056940482871710524,0.056940482871710524,0.07062238177318633,0.07068858678511217
random,21,20270948,2,16,1.0,0.1,0.1,4,0.1487156599910485,0.035344293392556084,0.035344293392556084,0.035344293392556084,0.0,0.05254260756377258,0.0027607256096006116,0.05927433734184073,0.002760725609600612,4.336808689942018e-19,2.209961138060955,2.209961138060955,2.209961138060955,1.1049805690304775,0.05254260756377258,0.05254260756377258,0.05254260756377258,0.07062238177318633,0.07068858678511217
random,22,20270949,2,16,1.0,0.1,0.1,4,0.1302598232588706,0.035344293392556084,0.035344293392556084,0.035344293392556084,0.0,0.046029393473989634,0.0021187050635833593,0.05192943505116232,0.0021187050635833597,4.336808689942018e-19,1.6960236240969855,2.0,2.3039763759030145,1.1519881879515073,0.046029393473989634,0.049984379068246584,0.0536485902712548,0.07062238177318633,0.07068858678511217
random,23,20270950,2,16,1.0,0.1,0.1,4,0.12573139014689666,0.035344293392556084,0.035344293392556084,0.035344293392556084,0.0,0.04443080813386644,0.0019740967114284524,0.050126547845685154,0.001974096711428453,4.336808689942018e-19,1.5802646231336084,2.0,2.4197353768663916,1.2098676884331958,0.04443080813386645,0.049984379068246584,0.054979810751291984,0.07062238177318633,0.07068858678511217
random,24,20270951,2,16,1.0,0.1,0.1,4,0.10084273305224964,0.035344293392556084,0.035344293392556084,0.035344293392556084,0.0,0.035641962954014804,0.0012703495232153637,0.04021338998552815,0.001270349523215364,4.336808689942018e-19,1.0169149256620116,2.0,2.983085074337988,1.491542537168994,0.03564196295401482,0.049984379068246584,0.06104528465377953,0.07062238177318633,0.07068858678511217
random,25,20270952,2,16,1.0,0.1,0.1,4,0.11636295027742201,0.035344293392556084,0.035344293392556084,0.035344293392556084,0.0,0.041123113733854126,0.001691110483167502,0.04639592357896416,0.0016911104831675021,2.168404344971009e-19,1.353734117932977,2.0,2.646265882067023,1.3231329410335115,0.041123113733854126,0.049984379068246584,0.05749578957200981,0.07062238177318633,0.07068858678511217
random,26,20270953,2,16,1.0,0.1,0.1,4,0.12541264480914657,0.035344293392556084,0.035344293392556084,0.035344293392556084,0.0,0.04431828111775198,0.0019641100412320918,0.04999963724664669,0.0019641100412320926,8.673617379884035e-19,1.5722702926011434,2.0,2.4277297073988566,1.2138648536994283,0.04431828111775199,0.049984379068246584,0.055070557110349284,0.07062238177318633,0.07068858678511217
random,27,20270954,2,16,1.0,0.1,0.1,4,0.1595217283718099,0.035344293392556084,0.035344293392556084,0.035344293392556084,0.0,0.05635462742768461,0.003175844032513142,0.06357254902950227,0.003175844032513142,0.0,2.54226347884395,2.54226347884395,2.54226347884395,1.271131739421975,0.05635462742768461,0.05635462742768461,0.05635462742768461,0.07062238177318633,0.07068858678511217
random,28,20270955,2,16,1.0,0.1,0.1,4,0.14733746061154396,0.035344293392556084,0.035344293392556084,0.035344293392556084,0.0,0.052056340518108,0.002709862588137213,0.058726019241835514,0.0027098625881372134,4.336808689942018e-19,2.1692452840812715,2.1692452840812715,2.1692452840812715,1.0846226420406357,0.05205634051810801,0.05205634051810801,0.05205634051810801,0.07062238177318633,0.07068858678511217
random,29,20270956,2,16,1.0,0.1,0.1,4,0.12413496080090812,0.035344293392556084,0.035344293392556084,0.035344293392556084,0.0,0.04386721048541751,0.0019243321557719237,0.049490906070134066,0.0019243321557719242,4.336808689942018e-19,1.5404280911467478,2.0,2.459571908853252,1.229785954426626,0.043867210485417515,0.049984379068246584,0.05543053441835475,0.07062238177318633,0.07068858678511217
random,30,20270957,2,16,1.0,0.1,0.1,4,0.13286436287979422,0.035344293392556084,0.035344293392556084,0.035344293392556084,0.0,0.04694874412670088,0.0022041845750744304,0.052966250299860906,0.002204184575074431,4.336808689942018e-19,1.7644499819497061,2.0,2.2355500180502936,1.1177750090251468,0.046948744126700886,0.049984379068246584,0.05284592440862307,0.07062238177318633,0.07068858678511217
random,31,20270958,2,16,1.0,0.1,0.1,4,0.13527245520005488,0.035344293392556084,0.035344293392556084,0.035344293392556084,0.0,0.04779869974068712,0.002284715696900363,0.0539247840363577,0.0022847156969003635,4.336808689942018e-19,1.8289151533600263,2.0,2.1710848466399737,1.0855424233199868,0.04779869974068712,0.049984379068246584,0.05207840823965313,0.07062238177318633,0.07068858678511217
random,32,20270959,2,16,1.0,0.1,0.1,4,0.12889907477808396,0.035344293392556084,0.035344293392556084,0.035344293392556084,0.0,0.045549053004849814,0.002074716229638618,0.0513877131489302,0.0020747162296386183,4.336808689942018e-19,1.6608105579420485,2.0,2.3391894420579513,1.1695947210289757,0.04554905300484982,0.049984379068246584,0.05405700761268345,0.07062238177318633,0.07068858678511217
random,33,20270960,2,16,1.0,0.1,0.1,4,0.08162841157537826,0.035344293392556084,0.035344293392556084,0.035344293392556084,0.0,0.028853993352173646,0.0008325529323672809,0.03255598578502972,0.0008325529323672812,3.2526065174565133e-19,1.0,2.0,3.3335412909157034,1.6667706454578517,0.035344293392556084,0.049984379068246584,0.06453156878078398,0.07062238177318633,0.07068858678511217
random,34,20270961,2,16,1.0,0.1,0.1,4,0.15502904642361967,0.035344293392556084,0.035344293392556084,0.035344293392556084,0.0,0.054769904227987415,0.0029997424091429137,0.061785761817226836,0.002999742409142914,4.336808689942018e-19,2.4012941109921577,2.4012941109921577,2.4012941109921577,1.2006470554960789,0.054769904227987415,0.054769904227987415,0.054769904227987415,0.07062238177318633,0.07068858678511217
random,35,20270962,2,16,1.0,0.1,0.1,4,0.13700008514954193,0.035344293392556084,0.035344293392556084,0.035344293392556084,0.0,0.0484084487389953,0.0023433779093159357,0.05461241381259985,0.002343377909315936,4.336808689942018e-19,1.8758742605093408,2.0,2.124125739490659,1.0620628697453296,0.0484084487389953,0.049984379068246584,0.05151211888828102,0.07062238177318633,0.07068858678511217
random,36,20270963,2,16,1.0,0.1,0.1,4,0.14401276563738924,0.035344293392556084,0.035344293392556084,0.035344293392556084,0.0,0.05088321984711786,0.002589102062010129,0.05740317171526543,0.0025891020620101295,4.336808689942018e-19,2.0725764703373155,2.0725764703373155,2.0725764703373155,1.0362882351686578,0.05088321984711786,0.05088321984711786,0.05088321984711786,0.07062238177318633,0.07068858678511217
random,37,20270964,2,16,1.0,0.1,0.1,4,0.13544422199613507,0.035344293392556084,0.035344293392556084,0.035344293392556084,0.0,0.04785932424442785,0.002290514917133279,0.05399315231480073,0.0022905149171332795,4.336808689942018e-19,1.8335574297605612,2.0,2.1664425702394388,1.0832212851197194,0.047859324244427855,0.049984379068246584,0.052022700665604195,0.07062238177318633,0.07068858678511217
random,38,20270965,2,16,1.0,0.1,0.1,4,0.16786067986343395,0.035344293392556084,0.035344293392556084,0.035344293392556084,0.0,0.05929549293768165,0.0035159554827226547,0.0668881831183803,0.0035159554827226547,0.0,2.814522730164951,2.814522730164951,2.814522730164951,1.4072613650824755,0.05929549293768165,0.05929549293768165,0.05929549293768165,0.07062238177318633,0.07068858678511217
random,39,20270966,2,16,1.0,0.1,0.1,4,0.13889360768311146,0.035344293392556084,0.035344293392556084,0.035344293392556084,0.0,0.04907671669924554,0.0024085241219780062,0.05536602525803547,0.0024085241219780067,4.336808689942018e-19,1.928023810531394,2.0,2.071976189468606,1.035988094734303,0.04907671669924554,0.049984379068246584,0.050875850653314174,0.07062238177318633,0.07068858678511217
random,40,20270967,2,16,1.0,0.1,0.1,4,0.15889943856893768,0.035344293392556084,0.035344293392556084,0.035344293392556084,0.0,0.05613513701659588,0.003151153607871993,0.06332507667747223,0.0031511536078719926,4.336808689942018e-19,2.52249879134679,2.52249879134679,2.52249879134679,1.261249395673395,0.05613513701659588,0.05613513701659588,0.05613513701659588,0.07062238177318633,0.07068858678511217
random,41,20270968,2,16,1.0,0.1,0.1,4,0.13454838797565066,0.035344293392556084,0.035344293392556084,0.035344293392556084,0.0,0.04754313978824057,0.0022603501409241833,0.053636579449755306,0.0022603501409241837,4.336808689942018e-19,1.8094105232630147,2.0,2.190589476736985,1.0952947383684926,0.04754313978824057,0.049984379068246584,0.052311816645497514,0.07062238177318633,0.07068858678511217
random,42,20270969,2,16,1.0,0.1,0.1,4,0.15361595548449758,0.035344293392556084,0.035344293392556084,0.035344293392556084,0.0,0.05427141545301508,0.002945386535273764,0.061223695830929126,0.002945386535273764,0.0,2.357782228297832,2.357782228297832,2.357782228297832,1.178891114148916,0.05427141545301508,0.05427141545301508,0.05427141545301508,0.07062238177318633,0.07068858678511217
random,43,20270970,2,16,1.0,0.1,0.1,4,0.1440475695904386,0.035344293392556084,0.035344293392556084,0.035344293392556084,0.0,0.05089550099320771,0.0025903520213496067,0.05741702052590192,0.002590352021349607,4.336808689942018e-19,2.0735770629187718,2.0735770629187718,2.0735770629187718,1.0367885314593859,0.050895500993207714,0.050895500993207714,0.050895500993207714,0.07062238177318633,0.07068858678511217
random,44,20270971,2,16,1.0,0.1,0.1,4,0.15353265246614095,0.035344293392556084,0.035344293392556084,0.035344293392556084,0.0,0.054242028443269266,0.0029421976496404323,0.06119056056614247,0.0029421976496404327,4.336808689942018e-19,2.355229525016174,2.355229525016174,2.355229525016174,1.177614762508087,0.05424202844326927,0.05424202844326927,0.05424202844326927,0.07062238177318633,0.07068858678511217
random,45,20270972,2,16,1.0,0.1,0.1,4,0.13645183897276297,0.035344293392556084,0.035344293392556084,0.035344293392556084,0.0,0.048214953875786386,0.0023246817772442085,0.05439420572694731,0.0023246817772442085,0.0,1.860908004838409,2.0,2.139091995161591,1.0695459975807955,0.04821495387578639,0.049984379068246584,0.051693273493097006,0.07062238177318633,0.07068858678511217
random,46,20270973,2,16,1.0,0.1,0.1,4,0.1298056831702117,0.035344293392556084,0.035344293392556084,0.035344293392556084,0.0,0.045869085039233586,0.0021039729623364423,0.05174864189108441,0.0021039729623364427,4.336808689942018e-19,1.684230575514234,2.0,2.315769424485766,1.157884712242883,0.045869085039233586,0.049984379068246584,0.05378571687111637,0.07062238177318633,0.07068858678511217
random,47,20270974,2,16,1.0,0.1,0.1,4,0.15334178788591146,0.035344293392556084,0.035344293392556084,0.035344293392556084,0.0,0.05417469641229519,0.0029348977313643494,0.06111464036783154,0.00293489773136435,4.336808689942018e-19,2.349385939675762,2.349385939675762,2.349385939675762,1.174692969837881,0.0541746964122952,0.0541746964122952,0.0541746964122952,0.07062238177318633,0.07068858678511217
random,48,20270975,2,16,1.0,0.1,0.1,4,0.1337390183828611,0.035344293392556084,0.035344293392556084,0.035344293392556084,0.0,0.04725746678959158,0.002233268167369351,0.05331441317048524,0.0022332681673693515,4.336808689942018e-19,1.7877314006113318,2.0,2.2122685993886684,1.1061342996943342,0.04725746678959158,0.049984379068246584,0.05257003076189877,0.07062238177318633,0.07068858678511217
random,49,20270976,2,16,1.0,0.1,0.1,4,0.134235283171087,0.035344293392556084,0.035344293392556084,0.035344293392556084,0.0,0.047432627815984174,0.0022498541815296758,0.053511950391255114,0.002249854181529676,4.336808689942018e-19,1.801008506674382,2.0,2.198991493325618,1.099495746662809,0.047432627815984174,0.049984379068246584,0.05241204174754747,0.07062238177318633,0.07068858678511217
aligned,0,20270927,3,16,1.0,0.1,0.1,4,0.30000000000000004,0.035344293392556084,0.035344293392556084,0.035344293392556084,0.0,0.10576840449192237,0.011186955388766904,0.119235384740485,0.011186955388766906,1.734723475976807e-18,8.955158954016088,8.955158954016088,8.95518690377233,2.985062301257443,0.10576840449192237,0.10576840449192237,0.105768569547553,0.10576840449192237,0.10603288017766825
alternating,0,20270927,3,16,1.0,0.1,0.1,4,0.1,0.035344293392556084,0.035344293392556084,0.035344293392556084,0.0,0.035344293392556084,0.0012492190754190837,0.03987761167674497,0.0012492190754188623,2.2139408362154e-16,3.9999999999999996,5.0,9.000000000000178,3.0000000000000595,0.07068858678511215,0.07903224264245207,0.1060328801776693,0.10576840449192237,0.10603288017766825
orthogonal,0,20270927,3,16,1.0,0.1,0.1,4,0.17320508075688776,0.035344293392556084,0.035344293392556084,0.035344293392556084,0.0,0.06117987848001149,0.003742977530828973,0.06901255344043289,0.0037429775308289734,4.336808689942018e-19,2.996253903322195,3.0,3.0018746091036577,1.0006248697012192,0.061179878480011496,0.06121811191352809,0.06123723559819217,0.10576840449192237,0.10603288017766825
clustered,0,20270927,3,16,1.0,0.1,0.1,4,0.30000000000000004,0.035344293392556084,0.035344293392556084,0.035344293392556084,0.0,0.10576840449192237,0.011186955388766904,0.119235384740485,0.011186955388766906,1.734723475976807e-18,8.955158954016088,8.955158954016088,8.95518690377233,2.985062301257443,0.10576840449192237,0.10576840449192237,0.105768569547553,0.10576840449192237,0.10603288017766825
random,0,20270927,3,16,1.0,0.1,0.1,4,0.1675220161326662,0.035344293392556084,0.035344293392556084,0.035344293392556084,0.0,0.05917607250015135,0.0035018075565431683,0.06675354991246074,0.0035018075565431683,0.0,2.8031973137845294,3.34092871712354,3.8845835022664126,1.2948611674221375,0.05917607250015135,0.06460303307930777,0.06966129349279608,0.10576840449192237,0.10603288017766825
random,1,20270928,3,16,1.0,0.1,0.1,4,0.15743261295967814,0.035344293392556084,0.035344293392556084,0.035344293392556084,0.0,0.055617750811243316,0.0030933342053015567,0.06274172496877539,0.003093334205301557,4.336808689942018e-19,2.600572267071893,3.600572267071893,4.7477749240193505,1.5825916413397836,0.056997232240101454,0.06706641155191728,0.07701305734017683,0.10576840449192237,0.10603288017766825
random,2,20270929,3,16,1.0,0.1,0.1,4,0.14224002040729783,0.035344293392556084,0.035344293392556084,0.035344293392556084,0.0,0.05025766238885063,0.002525832628791691,0.0566977573444456,0.0025258326287916914,4.336808689942018e-19,2.5788403811534035,3.5788403811534035,5.184619468021104,1.728206489340368,0.05675858170002006,0.06686370967884549,0.08047810595585053,0.10576840449192237,0.10603288017766825
random,3,20270930,3,16,1.0,0.1,0.1,4,0.20096112407270716,0.035344293392556084,0.035344293392556084,0.035344293392556084,0.0,0.07096091226312157,0.005035451069214437,0.08003718602140619,0.005035451069214437,0.0,4.030879105432456,4.030879105432456,4.143280346450954,1.3810934488169848,0.07096091226312157,0.07096091226312157,0.07194348367708865,0.10576840449192237,0.10603288017766825
random,4,20270931,3,16,1.0,0.1,0.1,4,0.1967180816034591,0.035344293392556084,0.035344293392556084,0.035344293392556084,0.0,0.06946632133210515,0.004825569799415287,0.0783528023755522,0.004825569799415287,0.0,3.862869127095599,3.8891605553302524,4.083348003250766,1.3611160010835888,0.06946632133210515,0.06970232100214474,0.07142125886061713,0.10576840449192237,0.10603288017766825
random,5,20270932,3,16,1.0,0.1,0.1,4,0.17008467898203183,0.035344293392556084,0.035344293392556084,0.035344293392556084,0.0,0.06007969322504023,0.003609569538014945,0.06777226943746872,0.0036095695380149455,4.336808689942018e-19,2.8894607911778962,3.4500962352713156,3.883811694070521,1.294603898023507,0.06007969322504023,0.06565002687838364,0.06965437282445806,0.10576840449192237,0.10603288017766825
random,6,20270933,3,16,1.0,0.1,0.1,4,0.16388741180075886,0.035344293392556084,0.035344293392556084,0.035344293392556084,0.0,0.05789434991336235,0.003351755751890839,0.0653085210012534,0.0033517557518908396,4.336808689942018e-19,2.7271752104049964,3.7271752104049964,4.781989107554272,1.5939963691847576,0.058368135954885304,0.0682353161512941,0.07729005118126833,0.10576840449192237,0.10603288017766825
random,7,20270934,3,16,1.0,0.1,0.1,4,0.15716182660421343,0.035344293392556084,0.035344293392556084,0.035344293392556084,0.0,0.05552223521155988,0.0030827186028877795,0.06263403043616722,0.0030827186028877795,0.0,2.4904656771223928,3.4904656771223928,4.522668407748837,1.5075561359162788,0.055777569241925534,0.06603299407081949,0.07516517575816012,0.10576840449192237,0.10603288017766825
random,8,20270935,3,16,1.0,0.1,0.1,4,0.1334787898733469,0.035344293392556084,0.035344293392556084,0.035344293392556084,0.0,0.047165615974149026,0.0022245953302209016,0.05321082841445279,0.0022245953302209025,8.673617379884035e-19,2.3020643815939525,3.3020643815939525,4.903487758987446,1.6344959196624822,0.05362632504964331,0.06422617701334157,0.07826576802543428,0.10576840449192237,0.10603288017766825
random,9,20270936,3,16,1.0,0.1,0.1,4,0.13343128227589987,0.035344293392556084,0.035344293392556084,0.035344293392556084,0.0,0.04714884752557061,0.002223013822989506,0.05319191777248933,0.0022230138229895062,4.336808689942018e-19,2.4097774349169603,3.4097774349169603,5.43657860844755,1.8121928694825167,0.054866564857048744,0.06526529716956646,0.08241042229407647,0.10576840449192237,0.10603288017766825
random,10,20270937,3,16,1.0,0.1,0.1,4,0.20027896690957353,0.035344293392556084,0.035344293392556084,0.035344293392556084,0.0,0.07072064173566867,0.005001409167504801,0.0797664104068232,0.0050014091675048,8.673617379884035e-19,4.0036285595678605,4.019451746321388,4.358334874723805,1.4527782915746015,0.07072064173566865,0.07086025539208297,0.07378695726596414,0.10576840449192237,0.10603288017766825
random,11,20270938,3,16,1.0,0.1,0.1,4,0.15811147479307763,0.035344293392556084,0.035344293392556084,0.035344293392556084,0.0,0.055857205215212674,0.003120027374454382,0.06301171028717678,0.0031200273744543825,4.336808689942018e-19,2.5206898298725355,3.5206898298725355,4.600742232175795,1.5335807440585985,0.056115005289954806,0.06631826968574149,0.07581117963414222,0.10576840449192237,0.10603288017766825
random,12,20270939,3,16,1.0,0.1,0.1,4,0.18926341117716122,0.035344293392556084,0.035344293392556084,0.035344293392556084,0.0,0.06683988656133093,0.004467570435531587,0.07539263458237322,0.004467570435531587,0.0,3.5762905990150866,3.940266000797469,4.341566574741865,1.4471888582472883,0.06683988656133093,0.070158787407006,0.07364487614470834,0.10576840449192237,0.10603288017766825
random,13,20270940,3,16,1.0,0.1,0.1,4,0.1824375219877431,0.035344293392556084,0.035344293392556084,0.035344293392556084,0.0,0.06443437416969164,0.004151788574639825,0.07268123201673848,0.004151788574639826,8.673617379884035e-19,3.3235071864772783,3.8423940710153404,4.1044397398275,1.3681465799425,0.06443437416969164,0.06928197434246193,0.07160547756212966,0.10576840449192237,0.10603288017766825
random,14,20270941,3,16,1.0,0.1,0.1,4,0.16793558308598694,0.035344293392556084,0.035344293392556084,0.035344293392556084,0.0,0.05932190532436462,0.0035190884513128795,0.06691796006998763,0.00351908845131288,4.336808689942018e-19,2.817030671847777,3.5540190944215047,4.105613596668117,1.368537865556039,0.05932190532436462,0.06663143737872537,0.07161571630066799,0.10576840449192237,0.10603288017766825
random,15,20270942,3,16,1.0,0.1,0.1,4,0.18512319523474252,0.035344293392556084,0.035344293392556084,0.035344293392556084,0.0,0.06538090078897155,0.0042746621879773405,0.07374814661506623,0.004274662187977341,8.673617379884035e-19,3.4218675267532976,3.4338296780491167,3.4701078535839116,1.1567026178613038,0.06538090078897155,0.06549508023935177,0.06584014675301533,0.10576840449192237,0.10603288017766825
random,16,20270943,3,16,1.0,0.1,0.1,4,0.13641794763751328,0.035344293392556084,0.035344293392556084,0.035344293392556084,0.0,0.04820299237298081,0.002323528473709646,0.054380716463873435,0.0023235284737096466,4.336808689942018e-19,1.859984785238856,3.0,3.897272484394633,1.2990908281315443,0.04820299237298081,0.06121811191352809,0.06977497495242616,0.10576840449192237,0.10603288017766825
random,17,20270944,3,16,1.0,0.1,0.1,4,0.14732782333553143,0.035344293392556084,0.035344293392556084,0.035344293392556084,0.0,0.05205294015388489,0.0027095085786639217,0.058722184942940236,0.002709508578663922,4.336808689942018e-19,2.1689618994610256,3.0,3.7649955258840966,1.2549985086280322,0.05205294015388489,0.06121811191352809,0.06858064034260629,0.10576840449192237,0.10603288017766825
random,18,20270945,3,16,1.0,0.1,0.1,4,0.16025548906205822,0.035344293392556084,0.035344293392556084,0.035344293392556084,0.0,0.056613429945963155,0.0032050804502464776,0.06386434325763979,0.0032050804502464785,8.673617379884035e-19,2.5656672342849465,3.1154492584151874,3.6964789849200383,1.2321596616400128,0.05661342994596316,0.06238492319553251,0.06795374941714315,0.10576840449192237,0.10603288017766825
random,19,20270946,3,16,1.0,0.1,0.1,4,0.19555961565011626,0.035344293392556084,0.035344293392556084,0.035344293392556084,0.0,0.06905821649815422,0.004769037265905939,0.07789285844045613,0.00476903726590594,8.673617379884035e-19,3.8176148281325597,4.00352254544084,4.150188368280672,1.383396122760224,0.06905821649815422,0.0707197054054601,0.07200343378088726,0.10576840449192237,0.10603288017766825
random,20,20270947,3,16,1.0,0.1,0.1,4,0.18947279165033992,0.035344293392556084,0.035344293392556084,0.035344293392556084,0.0,0.06691366525246983,0.004477438597519589,0.07547579171435226,0.0044774385975195905,1.734723475976807e-18,3.5841900637144164,4.241379948136598,4.006830992761149,1.335610330920383,0.06691366525246985,0.07279019671159188,0.07074892019061219,0.10576840449192237,0.10603288017766825
random,21,20270948,3,16,1.0,0.1,0.1,4,0.1954568437722421,0.035344293392556084,0.035344293392556084,0.035344293392556084,0.0,0.06902201114238031,0.004764038022138871,0.07785205382139604,0.004764038022138873,1.734723475976807e-18,3.813612932976268,3.8136129329762674,3.8957564769251958,1.2985854923083986,0.06902201114238032,0.06902201114238032,0.06976140268201607,0.10576840449192237,0.10603288017766825
random,22,20270949,3,16,1.0,0.1,0.1,4,0.1630436685309105,0.035344293392556084,0.035344293392556084,0.035344293392556084,0.0,0.05759678804485404,0.0033173899930838413,0.0649730385656131,0.0033173899930838413,0.0,2.65557103502517,3.1104612263761715,3.5872372157166064,1.1957457385722021,0.05759678804485405,0.062334962078600405,0.0669421030288594,0.10576840449192237,0.10603288017766825
random,23,20270950,3,16,1.0,0.1,0.1,4,0.16473744886866606,0.035344293392556084,0.035344293392556084,0.035344293392556084,0.0,0.05819412360468112,0.003386556022116904,0.06564649419885771,0.0033865560221169053,1.3010426069826053e-18,2.9520594481209694,3.9520594481209694,5.2247966901968885,1.7415988967322962,0.060727003666934266,0.07026370364407879,0.0807893290638092,0.10576840449192237,0.10603288017766825
random,24,20270951,3,16,1.0,0.1,0.1,4,0.12382189622473645,0.035344293392556084,0.035344293392556084,0.035344293392556084,0.0,0.04375668483374127,0.001914647467639363,0.04936625110804593,0.0019146474676393637,6.505213034913027e-19,2.4265108931604105,3.4265108931604105,5.354738316094487,1.7849127720314955,0.05505673159976156,0.06542524566149727,0.08178778177908175,0.10576840449192237,0.10603288017766825
random,25,20270952,3,16,1.0,0.1,0.1,4,0.14893757308938133,0.035344293392556084,0.035344293392556084,0.035344293392556084,0.0,0.0526209029300922,0.002768959425178186,0.05936262308649187,0.002768959425178186,0.0,2.2752276583724433,3.2752276583724433,4.3624536696428535,1.4541512232142844,0.05331282952310776,0.06396465326396317,0.07382181479583005,0.10576840449192237,0.10603288017766825
random,26,20270953,3,16,1.0,0.1,0.1,4,0.18557720848358025,0.035344293392556084,0.035344293392556084,0.035344293392556084,0.0,0.06554090249383382,0.004295609899706232,0.07392849555104553,0.004295609899706232,0.0,3.438636172174329,3.866365879573186,3.7901657818301926,1.2633885939433975,0.06554090249383382,0.06949775542643308,0.06880950075144393,0.10576840449192237,0.10603288017766825
random,27,20270954,3,16,1.0,0.1,0.1,4,0.23628784834088803,0.035344293392556084,0.035344293392556084,0.035344293392556084,0.0,0.08339482471672181,0.006954696789532756,0.09404637931761628,0.006954696789532755,8.673617379884035e-19,5.567235504468757,5.567235504468756,5.59439368823874,1.86479789607958,0.08339482471672183,0.08339482471672181,0.08359798628407239,0.10576840449192237,0.10603288017766825
random,28,20270955,3,16,1.0,0.1,0.1,4,0.1774616228506679,0.035344293392556084,0.035344293392556084,0.035344293392556084,0.0,0.06268046171222852,0.003928840280458146,0.07070415487060377,0.003928840280458146,0.0,3.145037053761057,3.459007917437403,3.527322536216154,1.175774178738718,0.06268046171222852,0.06573476000175586,0.06638070952766957,0.10576840449192237,0.10603288017766825
random,29,20270956,3,16,1.0,0.1,0.1,4,0.176808470189164,0.035344293392556084,0.035344293392556084,0.035344293392556084,0.0,0.06245021573242418,0.0039000294450263207,0.0704446046412075,0.003900029445026321,4.336808689942018e-19,3.121973976996751,3.8704835250628213,4.682747050841414,1.5609156836138047,0.06245021573242419,0.0695347528262219,0.07648383450948018,0.10576840449192237,0.10603288017766825
random,30,20270957,3,16,1.0,0.1,0.1,4,0.17996428260085648,0.035344293392556084,0.035344293392556084,0.035344293392556084,0.0,0.06356263982397929,0.004040209181392918,0.07169859357075392,0.004040209181392918,0.0,3.2341878705602722,3.469737888610566,3.471636874650419,1.1572122915501397,0.06356263982397929,0.06583663689129826,0.06585465060830248,0.10576840449192237,0.10603288017766825
random,31,20270958,3,16,1.0,0.1,0.1,4,0.1844699274907443,0.035344293392556084,0.035344293392556084,0.035344293392556084,0.0,0.0651506741128262,0.004244610337355682,0.07348864061916571,0.004244610337355681,8.673617379884035e-19,3.397811017200257,3.568895863840231,3.7723518785084633,1.2574506261694878,0.0651506741128262,0.06677074802107195,0.06864760684704009,0.10576840449192237,0.10603288017766825
random,32,20270959,3,16,1.0,0.1,0.1,4,0.1940932685648624,0.035344293392556084,0.035344293392556084,0.035344293392556084,0.0,0.06854162632739708,0.004697954539604532,0.07731063960216322,0.004697954539604532,0.0,3.76071309832383,4.099902540381781,3.9980128294710884,1.3326709431570294,0.06854162632739708,0.0715658889472078,0.07067102581925289,0.10576840449192237,0.10603288017766825
random,33,20270960,3,16,1.0,0.1,0.1,4,0.15239388508761928,0.035344293392556084,0.035344293392556084,0.035344293392556084,0.0,0.05384029563555153,0.0028987774341235895,0.060737584883801654,0.00289877743412359,4.336808689942018e-19,2.918173238592229,3.918173238592229,5.624314864698223,1.8747716215660744,0.0603774599915142,0.06996182352144618,0.08382124680022436,0.10576840449192237,0.10603288017766825
random,34,20270961,3,16,1.0,0.1,0.1,4,0.22288095093057947,0.035344293392556084,0.035344293392556084,0.035344293392556084,0.0,0.07867814656180729,0.006190250746401228,0.08873293484676714,0.006190250746401227,8.673617379884035e-19,4.955296367312149,4.955296367312149,5.028966962384153,1.6763223207947178,0.07867814656180729,0.07867814656180729,0.07926084442562198,0.10576840449192237,0.10603288017766825
random,35,20270962,3,16,1.0,0.1,0.1,4,0.17512226289837143,0.035344293392556084,0.035344293392556084,0.035344293392556084,0.0,0.061855779696644075,0.0038261374818797655,0.06977450391386064,0.0038261374818797655,0.0,3.062823452800852,3.1869491922915114,3.274418891792845,1.0914729639309484,0.06185577969664408,0.06309673306441466,0.06395675523774044,0.10576840449192237,0.10603288017766825
random,36,20270963,3,16,1.0,0.1,0.1,4,0.1576303049257057,0.035344293392556084,0.035344293392556084,0.035344293392556084,0.0,0.05568748304014672,0.003101095767346629,0.06282034838241124,0.003101095767346629,0.0,2.4824274847918764,3.0725764703373155,3.7907974570416063,1.263599152347202,0.05568748304014673,0.06195418579425616,0.06881523446437227,0.10576840449192237,0.10603288017766825
random,37,20270964,3,16,1.0,0.1,0.1,4,0.17577265656709187,0.035344293392556084,0.035344293392556084,0.035344293392556084,0.0,0.062085065883231635,0.003854555405725213,0.07003297699657907,0.003854555405725214,8.673617379884035e-19,3.085572003799334,3.427526694947467,3.8047662129178415,1.268255404305947,0.062085065883231635,0.06543494272051059,0.0689419069266799,0.10576840449192237,0.10603288017766825
random,38,20270965,3,16,1.0,0.1,0.1,4,0.20339110418683926,0.035344293392556084,0.035344293392556084,0.035344293392556084,0.0,0.07181675354797172,0.0051576460901701085,0.0810016672415641,0.005157646090170109,8.673617379884035e-19,4.128696232436125,4.128696232436125,4.307696749266693,1.435898916422231,0.07181675354797172,0.07181675354797172,0.07335705112874107,0.10576840449192237,0.10603288017766825
random,39,20270966,3,16,1.0,0.1,0.1,4,0.17639680943581879,0.035344293392556084,0.035344293392556084,0.035344293392556084,0.0,0.062305096661244216,0.0038819250699669854,0.07028101477177895,0.0038819250699669854,0.0,3.10748142287588,3.400468316857118,3.735439878656259,1.245146626218753,0.062305096661244216,0.06517614507452966,0.0683109270285402,0.10576840449192237,0.10603288017766825
random,40,20270967,3,16,1.0,0.1,0.1,4,0.18817904610126762,0.035344293392556084,0.035344293392556084,0.035344293392556084,0.0,0.06645778373692757,0.004416637019224234,0.07496195714572096,0.004416637019224235,8.673617379884035e-19,3.5355183939554853,3.9081400481278417,3.7842611731692264,1.2614203910564088,0.06645778373692758,0.06987219116022164,0.06875588152217087,0.10576840449192237,0.10603288017766825
random,41,20270968,3,16,1.0,0.1,0.1,4,0.16944573217813486,0.035344293392556084,0.035344293392556084,0.035344293392556084,0.0,0.05985440101713221,0.003582549321119677,0.06751828318628128,0.0035825493211196773,4.336808689942018e-19,2.8678311047386273,3.8548424282833755,4.901002424733665,1.6336674749112219,0.05985440101713221,0.06939411137947091,0.07824593099741657,0.10576840449192237,0.10603288017766825
random,42,20270969,3,16,1.0,0.1,0.1,4,0.15055426658861548,0.035344293392556084,0.035344293392556084,0.035344293392556084,0.0,0.053191289944273044,0.002829313325935723,0.060005785160925695,0.002829313325935723,0.0,2.357782228297832,3.357782228297832,4.623537019700681,1.5411790065668938,0.05427141545301508,0.06476577499492188,0.07599875420634465,0.10576840449192237,0.10603288017766825
random,43,20270970,3,16,1.0,0.1,0.1,4,0.19570666156131866,0.035344293392556084,0.035344293392556084,0.035344293392556084,0.0,0.06911001885156284,0.004776194705663372,0.07795124129645536,0.004776194705663373,1.734723475976807e-18,3.8233443594039516,3.8233443594039516,3.8681304542235733,1.2893768180745244,0.06911001885156286,0.06911001885156286,0.06951361269295081,0.10576840449192237,0.10603288017766825
random,44,20270971,3,16,1.0,0.1,0.1,4,0.19838429642843322,0.035344293392556084,0.035344293392556084,0.035344293392556084,0.0,0.07005326552349936,0.004907460010505904,0.07901429106832825,0.004907460010505905,8.673617379884035e-19,3.928422249603871,3.928422249603871,3.9333000602697283,1.3111000200899094,0.07005326552349936,0.07005326552349936,0.07009674360935732,0.10576840449192237,0.10603288017766825
random,45,20270972,3,16,1.0,0.1,0.1,4,0.18732779065779717,0.035344293392556084,0.035344293392556084,0.035344293392556084,0.0,0.06615781260070255,0.004376856168109677,0.07462384849584325,0.004376856168109677,0.0,3.5036738184944425,3.8970390049733346,4.464829456824061,1.4882764856080204,0.06615781260070255,0.06977288486700901,0.07468299756944444,0.10576840449192237,0.10603288017766825
random,46,20270973,3,16,1.0,0.1,0.1,4,0.17087242431953606,0.035344293392556084,0.035344293392556084,0.035344293392556084,0.0,0.0603574453727307,0.003643021211922171,0.06808539474537612,0.0036430212119221705,4.336808689942018e-19,2.9162388596251807,3.723090281011252,4.558532797883281,1.5195109326277603,0.0603574453727307,0.06819791344716239,0.07546261410154913,0.10576840449192237,0.10603288017766825
random,47,20270974,3,16,1.0,0.1,0.1,4,0.18682459439146432,0.035344293392556084,0.035344293392556084,0.035344293392556084,0.0,0.06598048868395692,0.004353424886973768,0.07442397851447935,0.004353424886973767,8.673617379884035e-19,3.484917075504387,3.564611785270224,3.5673391814655577,1.1891130604885192,0.06598048868395692,0.06673066040901468,0.06675618438749083,0.10576840449192237,0.10603288017766825
random,48,20270975,3,16,1.0,0.1,0.1,4,0.1834034556384054,0.035344293392556084,0.035344293392556084,0.035344293392556084,0.0,0.06477481357051257,0.004195776473094659,0.07306497542294998,0.00419577647309466,8.673617379884035e-19,3.3587195037724467,3.570988103161115,3.7034391121359405,1.2344797040453135,0.06477481357051257,0.06679031708686128,0.06801769463553826,0.10576840449192237,0.10603288017766825
random,49,20270976,3,16,1.0,0.1,0.1,4,0.17533707228316733,0.035344293392556084,0.035344293392556084,0.035344293392556084,0.0,0.06193150795159035,0.003835511677157899,0.06985987217132994,0.0038355116771578994,4.336808689942018e-19,3.0703274970974768,3.606810818121191,4.1856907011668705,1.3952302337222902,0.06193150795159035,0.06712448789692851,0.07231075070625345,0.10576840449192237,0.10603288017766825
aligned,0,20270927,4,16,1.0,0.1,0.1,4,0.4,0.035344293392556084,0.035344293392556084,0.035344293392556084,0.0,0.14071718691490656,0.01980132669324475,0.15851941887820598,0.019801326693244744,6.938893903907228e-18,15.850964080581196,15.850964080581196,15.851186332684584,3.962796583171146,0.14071718691490653,0.14071718691490653,0.14071817343474813,0.14071718691490656,0.14137717357022433
alternating,0,20270927,4,16,1.0,0.1,0.1,4,0.0,0.035344293392556084,0.035344293392556084,0.035344293392556084,0.0,0.0,0.0,0.0,-4.4249921862165616e-16,4.4249921862165616e-16,3.9999999999999996,7.999999999999999,16.00000000000035,4.000000000000088,0.07068858678511215,0.09996875813649315,0.14137717357022586,0.14071718691490656,0.14137717357022433
orthogonal,0,20270927,4,16,1.0,0.1,0.1,4,0.2,0.035344293392556084,0.035344293392556084,0.035344293392556084,0.0,0.07062238177318633,0.004987520807317681,0.07965567455405798,0.004987520807317681,0.0,3.992510925791367,4.0,4.002499731522149,1.0006249328805372,0.07062238177318633,0.07068858678511217,0.07071067114642053,0.14071718691490656,0.14137717357022433
clustered,0,20270927,4,16,1.0,0.1,0.1,4,0.4,0.035344293392556084,0.035344293392556084,0.035344293392556084,0.0,0.14071718691490656,0.01980132669324475,0.15851941887820598,0.019801326693244744,6.938893903907228e-18,15.850964080581196,15.850964080581196,15.851186332684584,3.962796583171146,0.14071718691490653,0.14071718691490653,0.14071817343474813,0.14071718691490656,0.14137717357022433
random,0,20270927,4,16,1.0,0.1,0.1,4,0.15031648363655617,0.035344293392556084,0.035344293392556084,0.035344293392556084,0.0,0.05310739916418566,0.0028203958459841476,0.05991119145811208,0.002820395845984148,4.336808689942018e-19,2.8031973137845294,4.34092871712354,6.409365642827778,1.6023414107069445,0.05917607250015135,0.07363946603870249,0.08948017558295333,0.14071718691490656,0.14137717357022433
random,1,20270928,4,16,1.0,0.1,0.1,4,0.19396644919696945,0.035344293392556084,0.035344293392556084,0.035344293392556084,0.0,0.06849694690348626,0.004691831735099016,0.07726028352590242,0.004691831735099018,1.734723475976807e-18,3.7558117926793733,5.354053380130651,7.017932142193699,1.7544830355484247,0.06849694690348627,0.08178255078726288,0.09363191070369696,0.14071718691490656,0.14137717357022433
random,2,20270929,4,16,1.0,0.1,0.1,4,0.1646915464552018,0.035344293392556084,0.035344293392556084,0.035344293392556084,0.0,0.05817793588083917,0.003384672223355034,0.06562824378411936,0.0033846722233550346,4.336808689942018e-19,3.38306412219189,4.785089843548856,6.923741010771342,1.7309352526928354,0.06500913962519445,0.07731510531684833,0.09300144807430134,0.14071718691490656,0.14137717357022433
random,3,20270930,4,16,1.0,0.1,0.1,4,0.22812441752226548,0.035344293392556084,0.035344293392556084,0.035344293392556084,0.0,0.08052317315841788,0.0064839814155005495,0.09081152030532724,0.006483981415500551,1.734723475976807e-18,5.19042779852311,6.043442241912713,6.394518095522549,1.5986295238806372,0.08052317315841788,0.08688833828420724,0.08937647331954465,0.14071718691490656,0.14137717357022433
random,4,20270931,4,16,1.0,0.1,0.1,4,0.21001554101746978,0.035344293392556084,0.035344293392556084,0.035344293392556084,0.0,0.07414948077982823,0.005498145499918117,0.08363035716254252,0.005498145499918118,8.673617379884035e-19,4.401266045408104,4.889160555330252,5.50678703477419,1.3766967586935475,0.07414948077982823,0.0781513443806638,0.08294084282252268,0.14071718691490656,0.14137717357022433
random,5,20270932,4,16,1.0,0.1,0.1,4,0.20051853016878465,0.035344293392556084,0.035344293392556084,0.035344293392556084,0.0,0.07080502180666062,0.005013351113041686,0.07986150375496703,0.005013351113041687,8.673617379884035e-19,4.013188088214092,4.686945165254723,5.282033743770581,1.3205084359426453,0.07080502180666062,0.07651811096648589,0.08123064267704329,0.14071718691490656,0.14137717357022433
random,6,20270933,4,16,1.0,0.1,0.1,4,0.20978186195842563,0.035344293392556084,0.035344293392556084,0.035344293392556084,0.0,0.07406720334888614,0.00548595061192525,0.08353764469893732,0.00548595061192525,0.0,4.597805584955852,5.597805584955852,6.891917547162708,1.722979386790677,0.07578698068794698,0.0836234746779535,0.09278747149336035,0.14071718691490656,0.14137717357022433
random,7,20270934,4,16,1.0,0.1,0.1,4,0.19121653906192274,0.035344293392556084,0.035344293392556084,0.035344293392556084,0.0,0.06752808226712435,0.004560041894675514,0.07616830284434672,0.004560041894675516,1.734723475976807e-18,3.650314011692248,5.630274380023416,6.4501823120292805,1.6125455780073201,0.06752808226712437,0.08386564347436086,0.08976464105714313,0.14071718691490656,0.14137717357022433
random,8,20270935,4,16,1.0,0.1,0.1,4,0.15518476752705426,0.035344293392556084,0.035344293392556084,0.035344293392556084,0.0,0.0548248359061316,0.003005762632134257,0.06184769900717568,0.0030057626321342576,4.336808689942018e-19,3.184889946048447,5.0093213542690265,7.626197747546284,1.906549436886571,0.06307634480305732,0.07910587709302658,0.09760528520091967,0.14071718691490656,0.14137717357022433
random,9,20270936,4,16,1.0,0.1,0.1,4,0.18265384821083488,0.035344293392556084,0.035344293392556084,0.035344293392556084,0.0,0.06451061845022994,0.004161619892831148,0.0727671749630272,0.0041616198928311485,8.673617379884035e-19,4.105459283915975,5.595942116850074,8.232672317890412,2.058168079472603,0.07161437042119555,0.08360955470106368,0.1014120865636012,0.14071718691490656,0.14137717357022433
random,10,20270937,4,16,1.0,0.1,0.1,4,0.246390894156625,0.035344293392556084,0.035344293392556084,0.035344293392556084,0.0,0.08694733274036778,0.007559838670664232,0.09804766918833607,0.007559838670664232,0.0,6.051651643350134,6.067474830103661,6.289685329866228,1.572421332466557,0.08694733274036778,0.0870609286499441,0.08864081956103781,0.14071718691490656,0.14137717357022433
random,11,20270938,4,16,1.0,0.1,0.1,4,0.20878849200616642,0.035344293392556084,0.035344293392556084,0.035344293392556084,0.0,0.07371743346099156,0.005434259996075719,0.08314351124173469,0.00543425999607572,8.673617379884035e-19,4.689126782225717,5.689126782225717,7.159123309204135,1.7897808273010338,0.0765359172115607,0.08430282141680642,0.09456909326590374,0.14071718691490656,0.14137717357022433
random,12,20270939,4,16,1.0,0.1,0.1,4,0.2074990254272907,0.035344293392556084,0.035344293392556084,0.035344293392556084,0.0,0.0732633863761169,0.005367523783296192,0.08263186682831591,0.005367523783296192,0.0,4.378769637616381,5.6749972267049635,6.719096186657472,1.679774046664368,0.07395973606075329,0.08419806879347197,0.09161671859408706,0.14071718691490656,0.14137717357022433
random,13,20270940,4,16,1.0,0.1,0.1,4,0.20419857464212635,0.035344293392556084,0.035344293392556084,0.035344293392556084,0.0,0.07210112788904392,0.005198572642872267,0.08132213330503557,0.005198572642872269,1.734723475976807e-18,4.161457942137386,5.36289638582046,6.328795865808858,1.5821989664522145,0.07210112788904392,0.08185006087146779,0.08891598573935883,0.14071718691490656,0.14137717357022433
random,14,20270941,4,16,1.0,0.1,0.1,4,0.19598341820892232,0.035344293392556084,0.035344293392556084,0.035344293392556084,0.0,0.06920751584429582,0.004789680249338458,0.07806112314095737,0.004789680249338458,0.0,3.911111941867482,5.182864917470361,6.462991203365942,1.6157478008414854,0.06989875280632861,0.08046448732344183,0.08985372499518578,0.14071718691490656,0.14137717357022433
random,15,20270942,4,16,1.0,0.1,0.1,4,0.19808531788425832,0.035344293392556084,0.035344293392556084,0.035344293392556084,0.0,0.06994794940910651,0.004892715626538924,0.0788956003447725,0.004892715626538925,8.673617379884035e-19,3.9166193687024298,4.522951738154599,4.986999019143006,1.2467497547857516,0.06994794940910652,0.07516753014768161,0.0789294260957832,0.14071718691490656,0.14137717357022433
random,16,20270943,4,16,1.0,0.1,0.1,4,0.19557969569000105,0.035344293392556084,0.035344293392556084,0.035344293392556084,0.0,0.06906529045034145,0.004770014344990026,0.07790083100975131,0.004770014344990026,0.0,3.8183969800411495,5.170382396488635,5.852772001386477,1.4631930003466191,0.06906529045034145,0.08036753272873715,0.08550669230072412,0.14071718691490656,0.14137717357022433
random,17,20270944,4,16,1.0,0.1,0.1,4,0.20113336686106373,0.035344293392556084,0.035344293392556084,0.035344293392556084,0.0,0.07102157892771843,0.0050440646733861385,0.08010555464560443,0.00504406467338614,1.734723475976807e-18,4.037774296469156,4.8688123970081305,5.072926757840111,1.2682316894600278,0.07102157892771845,0.07798854608838063,0.07960651276181964,0.14071718691490656,0.14137717357022433
random,18,20270945,4,16,1.0,0.1,0.1,4,0.20787296282841358,0.035344293392556084,0.035344293392556084,0.035344293392556084,0.0,0.07339505959862092,0.005386834773485116,0.08278024410368379,0.005386834773485117,8.673617379884035e-19,4.312161797303616,5.171792526269128,5.684207026847337,1.4210517567118341,0.07339505959862092,0.08037849138871199,0.08426636248568517,0.14071718691490656,0.14137717357022433
random,19,20270946,4,16,1.0,0.1,0.1,4,0.2289835907893699,0.035344293392556084,0.035344293392556084,0.035344293392556084,0.0,0.08082545255148728,0.006532753780152722,0.09115205004132632,0.006532753780152723,1.734723475976807e-18,5.229470081507631,5.856622134821683,6.127375406967704,1.531843851741926,0.08082545255148728,0.0855348121430151,0.08748962361696287,0.14071718691490656,0.14137717357022433
random,20,20270947,4,16,1.0,0.1,0.1,4,0.16517888076757942,0.035344293392556084,0.035344293392556084,0.035344293392556084,0.0,0.05834979567724313,0.0034046986555760213,0.0658220020581266,0.0034046986555760226,1.3010426069826053e-18,3.5841900637144164,5.2475496349991175,7.3694891512263805,1.8423722878065951,0.06691366525246985,0.08096504865217675,0.09594845712050813,0.14071718691490656,0.14137717357022433
random,21,20270948,4,16,1.0,0.1,0.1,4,0.2159273960837127,0.035344293392556084,0.035344293392556084,0.035344293392556084,0.0,0.07623076632282022,0.005811129734164421,0.085975511391988,0.005811129734164423,1.734723475976807e-18,4.651809957524804,5.253860815482289,5.337954155458666,1.3344885388646666,0.07623076632282023,0.08101372198768143,0.081659501313145,0.14071718691490656,0.14137717357022433
random,22,20270949,4,16,1.0,0.1,0.1,4,0.21494252482703669,0.035344293392556084,0.035344293392556084,0.035344293392556084,0.0,0.07588407379389446,0.00575839265555722,0.08558487747106902,0.0057583926555572216,1.734723475976807e-18,4.609593920606292,5.2423364585024155,6.064764858679293,1.5161912146698233,0.07588407379389446,0.08092482130796545,0.08704148407163963,0.14071718691490656,0.14137717357022433
random,23,20270950,4,16,1.0,0.1,0.1,4,0.22766987033464717,0.035344293392556084,0.035344293392556084,0.035344293392556084,0.0,0.08036324719540755,0.00645825149979018,0.09063135567289216,0.0064582514997901805,8.673617379884035e-19,5.169830998316759,6.410951997966794,7.00782945268949,1.7519573631723726,0.08036324719540755,0.08949124832885172,0.09356449235465017,0.14071718691490656,0.14137717357022433
random,24,20270951,4,16,1.0,0.1,0.1,4,0.17918479823934982,0.035344293392556084,0.035344293392556084,0.035344293392556084,0.0,0.06328788247128729,0.0040053560676994735,0.07138887525991922,0.0040053560676994735,0.0,3.7684428013658176,5.100123345290735,7.140937658157791,1.7852344145394476,0.06861202979137046,0.0798196177009598,0.09444890438194184,0.14071718691490656,0.14137717357022433
random,25,20270952,4,16,1.0,0.1,0.1,4,0.19105387769280377,0.035344293392556084,0.035344293392556084,0.035344293392556084,0.0,0.06747076944292718,0.004552304729220636,0.07610370600824723,0.004552304729220635,8.673617379884035e-19,3.6543330846522255,4.702795760023612,5.892460987000311,1.4731152467500777,0.06756524696382468,0.07664738854795697,0.08579612267534908,0.14071718691490656,0.14137717357022433
random,26,20270953,4,16,1.0,0.1,0.1,4,0.20883663303549568,0.035344293392556084,0.035344293392556084,0.035344293392556084,0.0,0.07373438444138643,0.005436759448950169,0.08316261234211852,0.005436759448950168,8.673617379884035e-19,4.352126505213878,5.198516347881906,5.431027465660889,1.3577568664152222,0.07373438444138643,0.08058589073561219,0.08236833802638333,0.14071718691490656,0.14137717357022433
random,27,20270954,4,16,1.0,0.1,0.1,4,0.25198631278778133,0.035344293392556084,0.035344293392556084,0.035344293392556084,0.0,0.08891412612057531,0.007905721823785572,0.1002626581876771,0.007905721823785574,1.734723475976807e-18,6.328531143453272,6.692584765499867,7.4790205738479045,1.8697551434619761,0.08891412612057532,0.09143579470273984,0.09665885974033929,0.14071718691490656,0.14137717357022433
random,28,20270955,4,16,1.0,0.1,0.1,4,0.20996385015717428,0.035344293392556084,0.035344293392556084,0.035344293392556084,0.0,0.0741312807067501,0.005495446779222979,0.08360984884597356,0.005495446779222979,0.0,4.399105719210528,4.964409446488342,5.330827452225058,1.3327068630562644,0.07413128070675008,0.07875046018115661,0.08160497130130771,0.14071718691490656,0.14137717357022433
random,29,20270956,4,16,1.0,0.1,0.1,4,0.18647810356622896,0.035344293392556084,0.035344293392556084,0.035344293392556084,0.0,0.06585838518435892,0.004337326899091387,0.07428634933479472,0.004337326899091388,8.673617379884035e-19,3.4720306345276675,5.003127692383833,6.337208662350003,1.5843021655875007,0.06585838518435892,0.07905695763235103,0.08897506361851437,0.14071718691490656,0.14137717357022433
random,30,20270957,4,16,1.0,0.1,0.1,4,0.233005273297359,0.035344293392556084,0.035344293392556084,0.035344293392556084,0.0,0.0822402355677424,0.006763456346237763,0.09274580341463068,0.006763456346237763,0.0,5.414147509690229,5.821124869618897,6.172776703295993,1.5431941758239982,0.0822402355677424,0.08527520288761764,0.08781315622422348,0.14071718691490656,0.14137717357022433
random,31,20270958,4,16,1.0,0.1,0.1,4,0.2150970254009606,0.035344293392556084,0.035344293392556084,0.035344293392556084,0.0,0.07593846170752341,0.005766649966505,0.08564615909894502,0.005766649966505001,8.673617379884035e-19,4.616203898880126,5.396897162458472,6.142216761853062,1.5355541904632655,0.07593846170752341,0.08210911571450667,0.08759551554883206,0.14071718691490656,0.14137717357022433
random,32,20270959,4,16,1.0,0.1,0.1,4,0.21387123644080347,0.035344293392556084,0.035344293392556084,0.035344293392556084,0.0,0.07550694524111219,0.005701298779644315,0.08515994406350491,0.005701298779644315,0.0,4.563890266990731,5.278559210769126,5.350680654231695,1.3376701635579238,0.07550694524111219,0.08120392143746444,0.08175678772886136,0.14071718691490656,0.14137717357022433
random,33,20270960,4,16,1.0,0.1,0.1,4,0.15815623337563198,0.035344293392556084,0.035344293392556084,0.035344293392556084,0.0,0.05587299270591483,0.0031217913139152116,0.06302951065092799,0.0031217913139152125,8.673617379884035e-19,3.094019144754809,4.920849966433462,7.703866445095487,1.9259666112738718,0.06216999063325928,0.07840420680897191,0.09810105462070369,0.14071718691490656,0.14137717357022433
random,34,20270961,4,16,1.0,0.1,0.1,4,0.22467027189093125,0.035344293392556084,0.035344293392556084,0.035344293392556084,0.0,0.07930780359714444,0.006289727711403237,0.08944231635017919,0.006289727711403237,0.0,5.0349276881584455,6.131873165659121,7.231393632194723,1.8078484080486807,0.07930780359714446,0.0875217283112701,0.09504522537824686,0.14071718691490656,0.14137717357022433
random,35,20270962,4,16,1.0,0.1,0.1,4,0.22919157079292163,0.035344293392556084,0.035344293392556084,0.035344293392556084,0.0,0.08089862362451154,0.006544587304340377,0.09123447953161157,0.006544587304340377,0.0,5.238942818852508,5.374895198848822,6.084393459642855,1.5210983649107137,0.08089862362451154,0.08194157437333259,0.08718222509285346,0.14071718691490656,0.14137717357022433
random,36,20270963,4,16,1.0,0.1,0.1,4,0.1800028940883357,0.035344293392556084,0.035344293392556084,0.035344293392556084,0.0,0.06357624964650646,0.004041939519114913,0.07171393507790036,0.004041939519114913,0.0,3.3892894305567904,4.389289430556791,5.756410439115284,1.439102609778821,0.06506892506233544,0.0740485251992699,0.08479986867020702,0.14071718691490656,0.14137717357022433
random,37,20270964,4,16,1.0,0.1,0.1,4,0.15447411167158645,0.035344293392556084,0.035344293392556084,0.035344293392556084,0.0,0.054574145200115484,0.002978337324323288,0.061565036614745106,0.0029783373243232884,4.336808689942018e-19,3.085572003799334,4.432396232001813,6.270681870915182,1.5676704677287956,0.062085065883231635,0.07441124863105264,0.08850680995851039,0.14071718691490656,0.14137717357022433
random,38,20270965,4,16,1.0,0.1,0.1,4,0.23366110335889015,0.035344293392556084,0.035344293392556084,0.035344293392556084,0.0,0.08247092579509646,0.006801453601500307,0.0930056672069679,0.006801453601500307,0.0,5.444564316485946,6.1629558329480645,6.396522394702437,1.5991305986756092,0.08247092579509648,0.08774327317512169,0.08939047931299866,0.14071718691490656,0.14137717357022433
random,39,20270966,4,16,1.0,0.1,0.1,4,0.1823292537120956,0.035344293392556084,0.035344293392556084,0.035344293392556084,0.0,0.0643962147523441,0.00414687247443002,0.07263821844511953,0.004146872474429908,1.1188966420050406e-16,3.3195718477471456,4.908680613104125,6.798967686830873,1.6997419217077183,0.06439621475234324,0.07830719926692256,0.09215964478852492,0.14071718691490656,0.14137717357022433
random,40,20270967,4,16,1.0,0.1,0.1,4,0.2283636544840777,0.035344293392556084,0.035344293392556084,0.035344293392556084,0.0,0.08060734403182897,0.006497543911865633,0.09090634255486396,0.006497543911865633,0.0,5.20128457827612,5.817047680094058,5.967938545511613,1.4919846363779032,0.08060734403182897,0.08524533374089062,0.08634386296652431,0.14071718691490656,0.14137717357022433
random,41,20270968,4,16,1.0,0.1,0.1,4,0.1765060311424424,0.035344293392556084,0.035344293392556084,0.035344293392556084,0.0,0.06234359980214142,0.003886724436289568,0.0703244186762082,0.0038867244362895685,4.336808689942018e-19,3.2454880697654853,4.8548424282833755,6.6838011617618704,1.6709502904404676,0.06367358640595099,0.07787658036640731,0.09137577308882897,0.14071718691490656,0.14137717357022433
random,42,20270969,4,16,1.0,0.1,0.1,4,0.1876708430060741,0.035344293392556084,0.035344293392556084,0.035344293392556084,0.0,0.06627870078309733,0.004392866177495347,0.074760106478585,0.004392866177495348,8.673617379884035e-19,3.516489832675381,4.936494239999772,6.442445152919289,1.6106112882298222,0.06627870078309733,0.07852873849938088,0.08971078740802574,0.14071718691490656,0.14137717357022433
random,43,20270970,4,16,1.0,0.1,0.1,4,0.22579719776606247,0.035344293392556084,0.035344293392556084,0.035344293392556084,0.0,0.07970434131440438,0.006352782024363068,0.08988905284080384,0.006352782024363069,8.673617379884035e-19,5.08540267225095,5.5266583108293466,5.3431226192121235,1.3357806548030309,0.07970434131440438,0.08309035434520322,0.081699025075107,0.14071718691490656,0.14137717357022433
random,44,20270971,4,16,1.0,0.1,0.1,4,0.228845845689678,0.035344293392556084,0.035344293392556084,0.035344293392556084,0.0,0.0807769910099222,0.006524922276617051,0.09109745647207412,0.006524922276617052,8.673617379884035e-19,5.2232009621115445,5.680072441071252,5.53316618166614,1.383291545416535,0.08077699100992221,0.08423571002341255,0.08313926113215776,0.14071718691490656,0.14137717357022433
random,45,20270972,4,16,1.0,0.1,0.1,4,0.1912966755841372,0.035344293392556084,0.035344293392556084,0.035344293392556084,0.0,0.06755631779988552,0.00456385607467913,0.07620012684645605,0.004563856074679129,8.673617379884035e-19,3.653367263182451,5.113808097803361,5.994350997864149,1.4985877494660373,0.06755631779988552,0.07992663275660082,0.0865347191090912,0.14071718691490656,0.14137717357022433
random,46,20270973,4,16,1.0,0.1,0.1,4,0.17666570807815588,0.035344293392556084,0.035344293392556084,0.035344293392556084,0.0,0.06239988931069181,0.0038937461859865903,0.07038787274179636,0.0038937461859865916,1.3010426069826053e-18,3.424814871720885,4.845871899574338,6.083393961867904,1.520848490466976,0.0654090518776468,0.07780459892567773,0.08717506398308325,0.14071718691490656,0.14137717357022433
random,47,20270974,4,16,1.0,0.1,0.1,4,0.2208014165187332,0.035344293392556084,0.035344293392556084,0.035344293392556084,0.0,0.07794630507107646,0.00607562647423332,0.08790840854592341,0.00607562647423332,0.0,4.8635396255017085,4.945353189736599,5.032341696400818,1.2580854241002044,0.07794630507107646,0.07859917009296963,0.079287434320772,0.14071718691490656,0.14137717357022433
random,48,20270975,4,16,1.0,0.1,0.1,4,0.2301424840029984,0.035344293392556084,0.035344293392556084,0.035344293392556084,0.0,0.08123316350182838,0.006598826852514783,0.0916113459836998,0.006598826852514783,0.0,5.282361582816074,5.772613582646611,6.307969084923005,1.5769922712307511,0.08123316350182838,0.08491913213443389,0.08876956295960726,0.14071718691490656,0.14137717357022433
random,49,20270976,4,16,1.0,0.1,0.1,4,0.2223199232176279,0.035344293392556084,0.035344293392556084,0.035344293392556084,0.0,0.07848071276364267,0.006159222275889386,0.08851049918532405,0.0061592222758893875,1.734723475976807e-18,4.930458073435288,5.466941394459003,6.0407304660884105,1.5101826165221026,0.07848071276364268,0.08264022915116095,0.08686884209947117,0.14071718691490656,0.14137717357022433
aligned,0,20270927,5,16,1.0,0.1,0.1,4,0.5,0.035344293392556084,0.035344293392556084,0.035344293392556084,0.0,0.17540457668959458,0.030766765523655867,0.1974126513658474,0.03076676552365587,3.469446951953614e-18,24.628799006558832,24.628799006558832,24.629763847051635,4.925952769410327,0.17540457668959458,0.17540457668959458,0.17540801241905746,0.17540457668959458,0.1767214669627804
alternating,0,20270927,5,16,1.0,0.1,0.1,4,0.1,0.035344293392556084,0.035344293392556084,0.035344293392556084,0.0,0.035344293392556084,0.0012492190754190837,0.03987761167674497,0.0012492190754184193,6.643990912991171e-16,9.0,12.999999999999998,25.000000000000526,5.000000000000105,0.10603288017766825,0.12743566212190402,0.17672146696278226,0.17540457668959458,0.1767214669627804
orthogonal,0,20270927,5,16,1.0,0.1,0.1,4,0.223606797749979,0.035344293392556084,0.035344293392556084,0.035344293392556084,0.0,0.07893357572418279,0.0062305093766052986,0.08902070748936608,0.0062305093766052986,0.0,4.987523404984117,5.0,5.003124793323815,1.000624958664763,0.07893357572418279,0.07903224264245207,0.07905693472758901,0.17540457668959458,0.1767214669627804
clustered,0,20270927,5,16,1.0,0.1,0.1,4,0.4123105625617661,0.035344293392556084,0.035344293392556084,0.035344293392556084,0.0,0.14500279160636903,0.021025809573640086,0.16333038214732687,0.021025809573639975,1.1102230246251565e-16,16.831162753887913,16.850964080581196,19.81402427217916,3.962804854435832,0.14500279160636864,0.14508806211630174,0.1573278649242496,0.17540457668959458,0.1767214669627804
random,0,20270927,5,16,1.0,0.1,0.1,4,0.18166158252800083,0.035344293392556084,0.035344293392556084,0.035344293392556084,0.0,0.06416088929923493,0.004116619715668679,0.07237295671918265,0.00411661971566868,8.673617379884035e-19,3.4992412725514552,6.148947570696784,8.309497454203008,1.6618994908406015,0.0661159507771387,0.08764349718642139,0.10188416327838547,0.17540457668959458,0.1767214669627804
random,1,20270928,5,16,1.0,0.1,0.1,4,0.20779502063026692,0.035344293392556084,0.035344293392556084,0.035344293392556084,0.0,0.07336761425297406,0.005382806821173202,0.08274931710338973,0.005382806821173204,1.734723475976807e-18,4.308937421058351,6.521309815719935,9.010371200762474,1.802074240152495,0.07336761425297407,0.09025821080940533,0.10609395638112115,0.17540457668959458,0.1767214669627804
random,2,20270929,5,16,1.0,0.1,0.1,4,0.21555909290987108,0.035344293392556084,0.035344293392556084,0.035344293392556084,0.0,0.07610111854704071,0.005791380244110744,0.08582943207183291,0.005791380244110745,8.673617379884035e-19,4.9735854743304,7.283920868386275,9.611861801340474,1.9223723602680947,0.07882320627683706,0.09538979448888267,0.10957792255982296,0.17540457668959458,0.1767214669627804
random,3,20270930,5,16,1.0,0.1,0.1,4,0.2840737710330715,0.035344293392556084,0.035344293392556084,0.035344293392556084,0.0,0.10018249782438832,0.01003653287033357,0.11294912939503088,0.01003653287033357,0.0,8.034245608174489,8.887260051564091,8.623609430187868,1.7247218860375735,0.10018249782438832,0.10536666828093148,0.10379199101642948,0.17540457668959458,0.1767214669627804
random,4,20270931,5,16,1.0,0.1,0.1,4,0.21656294763022516,0.035344293392556084,0.035344293392556084,0.035344293392556084,0.0,0.07645448464677236,0.005845288222603551,0.08622758204439895,0.005845288222603552,8.673617379884035e-19,4.679153831078504,5.889160555330252,7.218283114349587,1.4436566228699175,0.07645448464677237,0.08577209163780602,0.09495902778683539,0.17540457668959458,0.1767214669627804
random,5,20270932,5,16,1.0,0.1,0.1,4,0.19669411232607273,0.035344293392556084,0.035344293392556084,0.035344293392556084,0.0,0.06945787760216177,0.004824396760996885,0.07834328615559039,0.004824396760996886,8.673617379884035e-19,4.013188088214092,5.879764566754715,7.0082653225417415,1.4016530645083483,0.07080502180666062,0.0857036408547689,0.09356740205069937,0.17540457668959458,0.1767214669627804
random,6,20270933,5,16,1.0,0.1,0.1,4,0.19609022771755108,0.035344293392556084,0.035344293392556084,0.035344293392556084,0.0,0.06924514288086218,0.004794889812591019,0.07810352976667057,0.00479488981259102,8.673617379884035e-19,4.73638135056008,6.597805584955852,8.683017812585588,1.7366035625171174,0.07692059497676064,0.09078603743215923,0.10414889093833693,0.17540457668959458,0.1767214669627804
random,7,20270934,5,16,1.0,0.1,0.1,4,0.23235105178382479,0.035344293392556084,0.035344293392556084,0.035344293392556084,0.0,0.08201010456397659,0.006725657250594374,0.09248656709639791,0.006725657250594375,8.673617379884035e-19,5.655062057827736,7.786826070337488,9.22063701036276,1.844127402072552,0.08405005291680133,0.098627844263353,0.10732472054871771,0.17540457668959458,0.1767214669627804
random,8,20270935,5,16,1.0,0.1,0.1,4,0.18167425134393064,0.035344293392556084,0.035344293392556084,0.035344293392556084,0.0,0.06416535456331475,0.004117192726235897,0.07237799003813561,0.004117192726235897,0.0,4.095446801606777,6.270115543142672,9.554561057054741,1.9109122114109482,0.07152698977960181,0.0885028131845283,0.10925081203235565,0.17540457668959458,0.1767214669627804
random,9,20270936,5,16,1.0,0.1,0.1,4,0.2011480923221951,0.035344293392556084,0.035344293392556084,0.035344293392556084,0.0,0.0710267654523359,0.005044801410621136,0.08011139962057623,0.005044801410621137,8.673617379884035e-19,4.410305661267016,7.095991046604599,10.784341141500883,2.1568682283001768,0.07422558831348885,0.09415119422727197,0.1160689651448212,0.17540457668959458,0.1767214669627804
random,10,20270937,5,16,1.0,0.1,0.1,4,0.27146798307846814,0.035344293392556084,0.035344293392556084,0.035344293392556084,0.0,0.09575781455264666,0.009169559047899069,0.10796842497470727,0.009169559047899069,0.0,7.340232973005873,7.907024634543331,7.878164119024239,1.5756328238048478,0.09575781455264666,0.09938614593231863,0.09920460118748152,0.17540457668959458,0.1767214669627804
random,11,20270938,5,16,1.0,0.1,0.1,4,0.20944820869857916,0.035344293392556084,0.035344293392556084,0.035344293392556084,0.0,0.0739497241040255,0.00546856169506149,0.08340526537504811,0.005468561695061493,2.6020852139652106e-18,4.689126782225717,7.157008076131563,9.85715740601543,1.971431481203086,0.0765359172115607,0.09455512155156899,0.11096733330581107,0.17540457668959458,0.1767214669627804
random,12,20270939,5,16,1.0,0.1,0.1,4,0.2559328216007421,0.035344293392556084,0.035344293392556084,0.035344293392556084,0.0,0.09030101448146,0.008154273216380847,0.10182444524896206,0.008154273216380849,1.734723475976807e-18,6.5274965591165675,8.490937994238017,9.189103370120256,1.837820674024051,0.09030101448146001,0.10299049330206543,0.10714104356385563,0.17540457668959458,0.1767214669627804
random,13,20270940,5,16,1.0,0.1,0.1,4,0.20403816497080243,0.035344293392556084,0.035344293392556084,0.035344293392556084,0.0,0.07204463562983676,0.005190429523035944,0.08125847152286703,0.005190429523035945,8.673617379884035e-19,4.554304057766338,7.3119694239493676,10.135686916311727,2.027137383262345,0.07542760439136487,0.0955732791280002,0.11252419045846203,0.17540457668959458,0.1767214669627804
random,14,20270941,5,16,1.0,0.1,0.1,4,0.20365215443150014,0.035344293392556084,0.035344293392556084,0.035344293392556084,0.0,0.07190869098775965,0.005170859839573106,0.08110527339575713,0.005170859839573106,0.0,4.945999337440059,6.760371212943879,9.086178121689908,1.8172356243379817,0.07860430471253003,0.0918976859127777,0.10653932153092854,0.17540457668959458,0.1767214669627804
random,15,20270942,5,16,1.0,0.1,0.1,4,0.20263930184520848,0.035344293392556084,0.035344293392556084,0.035344293392556084,0.0,0.0715519764862999,0.005119685339096015,0.08070328271562555,0.005119685339096015,0.0,4.098308647247065,6.112849304482191,8.038388538696061,1.6076777077392124,0.0715519764862999,0.08738585672934397,0.10020832449536941,0.17540457668959458,0.1767214669627804
random,16,20270943,5,16,1.0,0.1,0.1,4,0.22879887427450835,0.035344293392556084,0.035344293392556084,0.035344293392556084,0.0,0.08076046544045264,0.006522252778158545,0.09107883983333842,0.006522252778158544,8.673617379884035e-19,5.2210640283174365,6.718575663596061,7.475308481661359,1.4950616963322718,0.08076046544045264,0.09161316978803118,0.0966348692239682,0.17540457668959458,0.1767214669627804
random,17,20270944,5,16,1.0,0.1,0.1,4,0.2534757971173121,0.035344293392556084,0.035344293392556084,0.035344293392556084,0.0,0.08943759367121894,0.007999083161698062,0.10085215102664202,0.007999083161698062,0.0,6.403266904177362,7.234305004716337,7.0802722106331695,1.416054442126634,0.08943759367121894,0.09506435614514723,0.09404685590003847,0.17540457668959458,0.1767214669627804
random,18,20270945,5,16,1.0,0.1,0.1,4,0.20822427517712586,0.035344293392556084,0.035344293392556084,0.035344293392556084,0.0,0.07351876419449503,0.005405008688685765,0.08291964119706252,0.005405008688685764,8.673617379884035e-19,5.0219641513253706,6.833454075333573,8.982565836098082,1.7965131672196164,0.07920564003848755,0.09239307972952832,0.10593013069312004,0.17540457668959458,0.1767214669627804
random,19,20270946,5,16,1.0,0.1,0.1,4,0.2621853077378829,0.035344293392556084,0.035344293392556084,0.035344293392556084,0.0,0.09249773355105273,0.008555830712081545,0.10429798762394316,0.008555830712081547,1.734723475976807e-18,6.848943376253894,8.24146303870181,9.345452859716788,1.8690905719433577,0.09249773355105273,0.10146621525073075,0.10804868338294567,0.17540457668959458,0.1767214669627804
random,20,20270947,5,16,1.0,0.1,0.1,4,0.176044539105231,0.035344293392556084,0.035344293392556084,0.035344293392556084,0.0,0.062180912393476416,0.003866465866085189,0.07014102370452702,0.00386646586608519,8.673617379884035e-19,3.7004087552921425,6.513105855901672,9.769965450845197,1.9539930901690394,0.06798986103794251,0.09020141947561638,0.11047545975184364,0.17540457668959458,0.1767214669627804
random,21,20270948,5,16,1.0,0.1,0.1,4,0.2172050324527313,0.035344293392556084,0.035344293392556084,0.035344293392556084,0.0,0.07668049686213671,0.005879898599024158,0.08648223509851749,0.005879898599024159,8.673617379884035e-19,4.722348247551394,6.421843781491112,7.750430872206813,1.5500861744413625,0.07680655904031297,0.08956723592475162,0.09839708373868465,0.17540457668959458,0.1767214669627804
random,22,20270949,5,16,1.0,0.1,0.1,4,0.26418977114934783,0.035344293392556084,0.035344293392556084,0.035344293392556084,0.0,0.09320183008575483,0.008686581131333915,0.10509075881510932,0.008686581131333915,0.0,6.953609100485254,7.903113554251165,7.987285789780739,1.5974571579561478,0.09320183008575483,0.09936156302702603,0.0998892875608685,0.17540457668959458,0.1767214669627804
random,23,20270950,5,16,1.0,0.1,0.1,4,0.25989183206239447,0.035344293392556084,0.035344293392556084,0.035344293392556084,0.0,0.0916920321902105,0.0084074287671706,0.10339078349959863,0.008407428767170601,1.734723475976807e-18,6.740552025811483,8.397064907238962,9.580343407055166,1.916068681411033,0.09176288012861439,0.10241959607250505,0.10939811576603488,0.17540457668959458,0.1767214669627804
random,24,20270951,5,16,1.0,0.1,0.1,4,0.14152981107807927,0.035344293392556084,0.035344293392556084,0.035344293392556084,0.0,0.05000703895786155,0.002500703945333083,0.05641513690279054,0.002500703945333083,0.0,3.7684428013658176,6.3154747743346915,10.533944399737882,2.1067888799475765,0.06861202979137046,0.08882235956349577,0.11471357497505076,0.17540457668959458,0.1767214669627804
random,25,20270952,5,16,1.0,0.1,0.1,4,0.20432043207890244,0.035344293392556084,0.035344293392556084,0.035344293392556084,0.0,0.07214404278713586,0.00520476290967209,0.08137049451444911,0.005204762909672089,8.673617379884035e-19,5.232966112575322,6.588049557510841,9.07948713590083,1.815897427180166,0.0808524649522248,0.09071889096020076,0.10650008697268515,0.17540457668959458,0.1767214669627804
random,26,20270953,5,16,1.0,0.1,0.1,4,0.23592047056479176,0.035344293392556084,0.035344293392556084,0.035344293392556084,0.0,0.08326561422571921,0.006933162512386293,0.0939008345093304,0.006933162512386293,0.0,5.549997313369859,7.043758777678723,7.758129570979845,1.551625914195969,0.08326561422571922,0.09380403950644592,0.09844594176318745,0.17540457668959458,0.1767214669627804
random,27,20270954,5,16,1.0,0.1,0.1,4,0.2349718413422128,0.035344293392556084,0.035344293392556084,0.035344293392556084,0.0,0.08293196199681999,0.006877710320641994,0.09352499954778026,0.006877710320641995,8.673617379884035e-19,6.328531143453272,7.855955099625117,10.764249043087181,2.1528498086174364,0.08891412612057532,0.09906467062524119,0.11596079180993085,0.17540457668959458,0.1767214669627804
random,28,20270955,5,16,1.0,0.1,0.1,4,0.23514166960754646,0.035344293392556084,0.035344293392556084,0.035344293392556084,0.0,0.08299169508530783,0.0068876214531327085,0.09359228491112348,0.0068876214531327085,0.0,5.513541690693502,7.107605090710034,8.259256818530263,1.6518513637060526,0.08299169508530783,0.09422821159218062,0.10157569180907967,0.17540457668959458,0.1767214669627804
random,29,20270956,5,16,1.0,0.1,0.1,4,0.18747988331618992,0.035344293392556084,0.035344293392556084,0.035344293392556084,0.0,0.06621140869719064,0.004383950641666412,0.07468425890164587,0.004383950641666413,8.673617379884035e-19,3.7703733479014176,6.003127692383833,7.933005097773704,1.5866010195547409,0.06862960226935723,0.08659804631458165,0.09954929077364512,0.17540457668959458,0.1767214669627804
random,30,20270957,5,16,1.0,0.1,0.1,4,0.2262696336006201,0.035344293392556084,0.035344293392556084,0.035344293392556084,0.0,0.07987057433199077,0.006379308644122062,0.09007632763281159,0.006379308644122062,0.0,5.414147509690229,7.028009687590509,8.0350097345035,1.6070019469007,0.0822402355677424,0.09369911293052981,0.1001872618226479,0.17540457668959458,0.1767214669627804
random,31,20270958,5,16,1.0,0.1,0.1,4,0.24144675748973396,0.035344293392556084,0.035344293392556084,0.035344293392556084,0.0,0.08520904171083048,0.007260580789278048,0.09608985913371204,0.007260580789278049,8.673617379884035e-19,5.81209567812779,7.488620025547217,9.351740670654658,1.8703481341309316,0.08520904171083049,0.09672087150392582,0.10808502594788168,0.17540457668959458,0.1767214669627804
random,32,20270959,5,16,1.0,0.1,0.1,4,0.23700905046556814,0.035344293392556084,0.035344293392556084,0.035344293392556084,0.0,0.08364847269875376,0.006997066984834154,0.09433209025399325,0.006997066984834155,8.673617379884035e-19,5.60115285022109,6.664427700869476,7.018576516874846,1.4037153033749692,0.08364847269875376,0.09124324747989572,0.09363620916701235,0.17540457668959458,0.1767214669627804
random,33,20270960,5,16,1.0,0.1,0.1,4,0.193171870142971,0.035344293392556084,0.035344293392556084,0.035344293392556084,0.0,0.06821700599794316,0.004653559907323412,0.07694477354539098,0.004653559907323413,8.673617379884035e-19,4.553252745564028,6.667225289049048,9.709313613553563,1.9418627227107126,0.07541889806250751,0.0912623964795829,0.1101320106748138,0.17540457668959458,0.1767214669627804
random,34,20270961,5,16,1.0,0.1,0.1,4,0.2552570125493924,0.035344293392556084,0.035344293392556084,0.035344293392556084,0.0,0.09006353913049474,0.008111441080710156,0.10155702913228737,0.008111441080710158,1.734723475976807e-18,6.4932094300504986,7.590154907551174,9.060598472544262,1.8121196945088525,0.09006353913049474,0.09737436159430622,0.10638924967596727,0.17540457668959458,0.1767214669627804
random,35,20270962,5,16,1.0,0.1,0.1,4,0.2216838610565491,0.035344293392556084,0.035344293392556084,0.035344293392556084,0.0,0.07825686766747143,0.006124137337124136,0.08825830555828773,0.006124137337124136,0.0,5.238942818852508,6.545783110869699,8.334898970776399,1.6669797941552797,0.08089862362451154,0.09042741357384108,0.10203977060923239,0.17540457668959458,0.1767214669627804
random,36,20270963,5,16,1.0,0.1,0.1,4,0.210148343080251,0.035344293392556084,0.035344293392556084,0.035344293392556084,0.0,0.07419623949984505,0.005505081955918367,0.08368304604286614,0.005505081955918367,0.0,4.803345569249725,6.09548250357026,7.329537893430383,1.4659075786860767,0.07746244839234359,0.08726163542670537,0.09568802720549861,0.17540457668959458,0.1767214669627804
random,37,20270964,5,16,1.0,0.1,0.1,4,0.17967326522668042,0.035344293392556084,0.035344293392556084,0.035344293392556084,0.0,0.0634600611072511,0.004027179355736043,0.07158296274407627,0.0040271793557360444,1.734723475976807e-18,4.030495235003695,6.312237697602586,9.410809829625544,1.8821619659251088,0.07095753329247247,0.08879959313208924,0.10842584172746664,0.17540457668959458,0.1767214669627804
random,38,20270965,5,16,1.0,0.1,0.1,4,0.270981798893832,0.035344293392556084,0.035344293392556084,0.035344293392556084,0.0,0.09558710416642152,0.009136894482922318,0.10777624090108606,0.00913689448292232,1.734723475976807e-18,7.314084985339427,8.048091586174115,8.26246631804437,1.6524932636088738,0.09558710416642154,0.1002687864201444,0.10159542575583168,0.17540457668959458,0.1767214669627804
random,39,20270966,5,16,1.0,0.1,0.1,4,0.20375131991713052,0.035344293392556084,0.035344293392556084,0.035344293392556084,0.0,0.07194361513875411,0.0051758837592331694,0.08114463003539996,0.0051758837592330575,1.1188966420050406e-16,4.143295488420772,6.635403962790708,8.5192308731489,1.7038461746297797,0.07194361513875334,0.09104434745457585,0.10316193927334238,0.17540457668959458,0.1767214669627804
random,40,20270967,5,16,1.0,0.1,0.1,4,0.2729393140455978,0.035344293392556084,0.035344293392556084,0.035344293392556084,0.0,0.09627440672345276,0.009268761389952807,0.10854998970470353,0.009268761389952807,0.0,7.419644458153471,8.035407559971409,8.332061344500932,1.6664122689001863,0.09627440672345276,0.10018974200327595,0.10202239934991013,0.17540457668959458,0.1767214669627804
random,41,20270968,5,16,1.0,0.1,0.1,4,0.21590575208023513,0.035344293392556084,0.035344293392556084,0.035344293392556084,0.0,0.07622314738977008,0.005809968198002614,0.08596692685627794,0.005809968198002614,0.0,4.786297476453678,6.395651834971567,8.51672656956137,1.7033453139122743,0.07732486086774522,0.08938439613257758,0.10314677547468268,0.17540457668959458,0.1767214669627804
random,42,20270969,5,16,1.0,0.1,0.1,4,0.22819457029997664,0.035344293392556084,0.035344293392556084,0.035344293392556084,0.0,0.08054785513856615,0.006487956967423437,0.09083932569221642,0.006487956967423437,0.0,5.193610228251502,6.69961391486831,8.053713540507992,1.6107427081015986,0.08054785513856615,0.09148379911436022,0.10030380143725137,0.17540457668959458,0.1767214669627804
random,43,20270970,5,16,1.0,0.1,0.1,4,0.2389093267259968,0.035344293392556084,0.035344293392556084,0.035344293392556084,0.0,0.0843167640001045,0.007109316691449319,0.09508484382597482,0.00710931669144932,8.673617379884035e-19,5.6910087520592105,7.027607305876679,7.089088969506427,1.4178177939012855,0.0843167640001045,0.09369643056731491,0.09410539393706635,0.17540457668959458,0.1767214669627804
random,44,20270971,5,16,1.0,0.1,0.1,4,0.25864158501518025,0.035344293392556084,0.035344293392556084,0.035344293392556084,0.0,0.09125278058023936,0.00832706996362531,0.1028961804622659,0.008327069963625313,3.469446951953614e-18,6.665820373285427,7.570560486358494,7.549509294023512,1.5099018588047024,0.09125278058023938,0.09724859161536997,0.09711328961654955,0.17540457668959458,0.1767214669627804
random,45,20270972,5,16,1.0,0.1,0.1,4,0.2110652064362269,0.035344293392556084,0.035344293392556084,0.035344293392556084,0.0,0.07451905428238302,0.005553089451140747,0.08404679920280667,0.005553089451140748,8.673617379884035e-19,4.445248684085149,6.523561906244675,8.054962277954349,1.61099245559087,0.07451905428238302,0.09027379449739624,0.10031157724511028,0.17540457668959458,0.1767214669627804
random,46,20270973,5,16,1.0,0.1,0.1,4,0.21690579765940615,0.035344293392556084,0.035344293392556084,0.035344293392556084,0.0,0.07657516771472353,0.005863756310538037,0.08636355865103251,0.005863756310538038,1.734723475976807e-18,5.380504777652268,7.417015852173352,9.635658890912378,1.9271317781824755,0.08198432291375424,0.096257351330798,0.1097134854553406,0.17540457668959458,0.1767214669627804
random,47,20270974,5,16,1.0,0.1,0.1,4,0.2680506230213399,0.035344293392556084,0.035344293392556084,0.035344293392556084,0.0,0.09455781214883453,0.00894117983837428,0.10661744068936829,0.00894117983837428,0.0,7.157415391991773,7.239228956226664,7.530874368871151,1.5061748737742302,0.09455781214883453,0.09509670290522448,0.096993360165418,0.17540457668959458,0.1767214669627804
random,48,20270975,5,16,1.0,0.1,0.1,4,0.21424394742592498,0.035344293392556084,0.035344293392556084,0.035344293392556084,0.0,0.07563815354140511,0.005721130271153175,0.08530778503280212,0.005721130271153175,0.0,5.282361582816074,6.844310149961929,9.511970283952104,1.902394056790421,0.08123316350182838,0.09246644146617135,0.10900703978887072,0.17540457668959458,0.1767214669627804
random,49,20270976,5,16,1.0,0.1,0.1,4,0.2252999102419825,0.035344293392556084,0.035344293392556084,0.035344293392556084,0.0,0.07952936029651839,0.006324919149173435,0.08969192137927817,0.006324919149173437,1.734723475976807e-18,5.063098437759265,6.976734318063828,7.816940366554349,1.5633880733108698,0.07952936029651839,0.09335667943032404,0.09881837388518967,0.17540457668959458,0.1767214669627804
aligned,0,20270927,6,16,1.0,0.1,0.1,4,0.6,0.035344293392556084,0.035344293392556084,0.035344293392556084,0.0,0.20976777199298285,0.04400251816690004,0.23582284437790513,0.04400251816690004,0.0,35.224020376200414,35.22402037620041,35.22707876727142,5.871179794545236,0.20976777199298285,0.20976777199298285,0.20977687853375557,0.2097677719929831,0.2120657603553365
alternating,0,20270927,6,16,1.0,0.1,0.1,4,0.0,0.035344293392556084,0.035344293392556084,0.035344293392556084,0.0,0.0,0.0,0.0,-9.963919773033305e-16,9.963919773033305e-16,9.0,17.999999999999996,36.00000000000078,6.000000000000131,0.10603288017766825,0.14995313720473974,0.2120657603553388,0.2097677719929831,0.2120657603553365
orthogonal,0,20270927,6,16,1.0,0.1,0.1,4,0.24494897427831783,0.035344293392556084,0.035344293392556084,0.035344293392556084,0.0,0.08644041404841593,0.0074719451808615825,0.09747674982232057,0.007471945180861584,1.734723475976807e-18,5.981292895607539,6.0,6.003749831169792,1.000624971861632,0.08644041404841593,0.08657548413098537,0.08660253352611232,0.2097677719929831,0.2120657603553365
clustered,0,20270927,6,16,1.0,0.1,0.1,4,0.447213595499958,0.035344293392556084,0.035344293392556084,0.035344293392556084,0.0,0.15713079892773213,0.024690087971667385,0.17693672624187862,0.024690087971667385,0.0,19.764417993204628,19.843475006372564,23.777449108643253,3.962908184773876,0.15713079892773213,0.1574447442773573,0.1723462880114441,0.2097677719929831,0.2120657603553365
random,0,20270927,6,16,1.0,0.1,0.1,4,0.2566449062723209,0.035344293392556084,0.035344293392556084,0.035344293392556084,0.0,0.09055122853673823,0.008199524989512597,0.10210620303552842,0.008199524989512597,0.0,7.156268008782757,9.805974306928086,12.96499907754649,2.160833179591082,0.09455023270929988,0.11067886048059943,0.12726399396711507,0.2097677719929831,0.2120657603553365
random,1,20270928,6,16,1.0,0.1,0.1,4,0.2596244736048049,0.035344293392556084,0.035344293392556084,0.035344293392556084,0.0,0.09159810289440719,0.008390212453854407,0.10328501872987328,0.008390212453854408,1.734723475976807e-18,6.987030801042728,9.587603068114621,12.95119860569796,2.15853310094966,0.09342554338725173,0.10943955701772243,0.12719624344994995,0.2097677719929831,0.2120657603553365
random,2,20270929,6,16,1.0,0.1,0.1,4,0.22132724261159756,0.035344293392556084,0.035344293392556084,0.035344293392556084,0.0,0.07813136273547266,0.006104509842902006,0.08811690526814675,0.006104509842902118,1.1188966420050406e-16,4.9735854743304,9.080586822536395,12.514768149602885,2.085794691600481,0.07882320627683706,0.10650653630041505,0.1250347435592648,0.2097677719929831,0.2120657603553365
random,3,20270930,6,16,1.0,0.1,0.1,4,0.2989975368764399,0.035344293392556084,0.035344293392556084,0.035344293392556084,0.0,0.10541694915215692,0.011112733168548439,0.11883991890849144,0.01111273316854844,1.734723475976807e-18,8.895744058999721,10.699144473838563,10.669295822628243,1.7782159704380405,0.10541694915215692,0.11560958164176449,0.11544820424292596,0.2097677719929831,0.2120657603553365
random,4,20270931,6,16,1.0,0.1,0.1,4,0.19861210749314348,0.035344293392556084,0.035344293392556084,0.035344293392556084,0.0,0.07013351188739313,0.004918709489659113,0.07910472801591206,0.004918709489659113,0.0,4.679153831078504,7.0370763176451305,9.144513997494158,1.5240856662490265,0.07645448464677237,0.09375953269498617,0.10688078087807237,0.2097677719929831,0.2120657603553365
random,5,20270932,6,16,1.0,0.1,0.1,4,0.21240316863929465,0.035344293392556084,0.035344293392556084,0.035344293392556084,0.0,0.07499011104973309,0.005623516755251301,0.08457758604793475,0.005623516755251302,8.673617379884035e-19,5.016748725224202,7.818116422642696,11.078528608831723,1.8464214348052872,0.07916450090876873,0.09882580720142113,0.11764144365710849,0.2097677719929831,0.2120657603553365
random,6,20270933,6,16,1.0,0.1,0.1,4,0.2619445826078455,0.035344293392556084,0.035344293392556084,0.035344293392556084,0.0,0.09241317071577036,0.008540194121742117,0.10420277310357107,0.008540194121742117,0.0,8.111441557601013,9.972865791996785,12.502157957652143,2.083692992942024,0.10066264214147307,0.11161672896101567,0.1249717336224538,0.2097677719929831,0.2120657603553365
random,7,20270934,6,16,1.0,0.1,0.1,4,0.2358342064358117,0.035344293392556084,0.035344293392556084,0.035344293392556084,0.0,0.08323527395172894,0.006928110829819367,0.0938666586147534,0.006928110829819368,8.673617379884035e-19,5.7970144173542275,8.806937822069525,11.13070092037512,1.8551168200625199,0.08509841943678123,0.10488944047595569,0.11791812376610031,0.2097677719929831,0.2120657603553365
random,8,20270935,6,16,1.0,0.1,0.1,4,0.19549670412531453,0.035344293392556084,0.035344293392556084,0.035344293392556084,0.0,0.06903605350453887,0.004765976683481553,0.07786788002849665,0.004765976683481444,1.0928757898653885e-16,5.004159294193199,8.840579924693873,12.789911489176786,2.1316519148627977,0.0790651076439022,0.10508958597165845,0.12640174605281898,0.2097677719929831,0.2120657603553365
random,9,20270936,6,16,1.0,0.1,0.1,4,0.21473006086278026,0.035344293392556084,0.035344293392556084,0.035344293392556084,0.0,0.0758092808212047,0.005747047058628274,0.08550060421806038,0.005747047058628275,8.673617379884035e-19,5.104577562392608,8.67584295601377,13.3717275806502,2.2286212634417,0.07985446551631971,0.10410585245793193,0.1292447955047154,0.2097677719929831,0.2120657603553365
random,10,20270937,6,16,1.0,0.1,0.1,4,0.2953849800419517,0.035344293392556084,0.035344293392556084,0.035344293392556084,0.0,0.10415025290917232,0.010847275181044558,0.11741454126813822,0.010847275181044558,0.0,8.683244912350983,9.875393390804907,10.05090142289118,1.6751502371485298,0.1041502529091723,0.11106993202960483,0.11205256705061456,0.2097677719929831,0.2120657603553365
random,11,20270938,6,16,1.0,0.1,0.1,4,0.22280639266901694,0.035344293392556084,0.035344293392556084,0.035344293392556084,0.0,0.07865190869353995,0.006186122741136946,0.08870337446804055,0.006186122741136947,8.673617379884035e-19,6.3873033904289995,8.95656936262121,12.935517982241187,2.1559196637068645,0.08932603895736614,0.10577673325500538,0.1271192189003782,0.2097677719929831,0.2120657603553365
random,12,20270939,6,16,1.0,0.1,0.1,4,0.2916684362649094,0.035344293392556084,0.035344293392556084,0.035344293392556084,0.0,0.10284683034723388,0.010577470512472709,0.11594773749557419,0.010577470512472709,0.0,8.854385616201055,11.336980788504846,12.68734540408184,2.1145575673469734,0.10517160934812549,0.1190057673336042,0.12589389935659978,0.2097677719929831,0.2120657603553365
random,13,20270940,6,16,1.0,0.1,0.1,4,0.2168020302371804,0.035344293392556084,0.035344293392556084,0.035344293392556084,0.0,0.0765386418026908,0.005858163689000607,0.08632240406637326,0.005858163689000607,0.0,5.741965685085763,8.912721701361452,12.974643374097422,2.16244056234957,0.08469340626170932,0.10551749600536565,0.127311319212717,0.2097677719929831,0.2120657603553365
random,14,20270941,6,16,1.0,0.1,0.1,4,0.24923719648523998,0.035344293392556084,0.035344293392556084,0.035344293392556084,0.0,0.08794787419273009,0.00773482857502028,0.09917449609087625,0.007734828575020281,1.734723475976807e-18,7.398883166340594,9.213255041844414,11.680934006943323,1.9468223344905538,0.09613961716269635,0.10728175028854205,0.12079753962802832,0.2097677719929831,0.2120657603553365
random,15,20270942,6,16,1.0,0.1,0.1,4,0.23063872101427765,0.035344293392556084,0.035344293392556084,0.035344293392556084,0.0,0.08140773872620181,0.006627219924513539,0.09180800672985123,0.00662721992451354,8.673617379884035e-19,5.485523930947953,8.063431902421595,10.642978472655518,1.7738297454425864,0.0827805601165398,0.10036430115259035,0.11530573154581665,0.2097677719929831,0.2120657603553365
random,16,20270943,6,16,1.0,0.1,0.1,4,0.264497879295478,0.035344293392556084,0.035344293392556084,0.035344293392556084,0.0,0.09331005130447485,0.00870676567444373,0.10521260720958225,0.00870676567444373,0.0,7.332913768602536,9.50652068201755,11.43111238090285,1.9051853968171415,0.09571006090344697,0.10897580913598376,0.1194988018328347,0.2097677719929831,0.2120657603553365
random,17,20270944,6,16,1.0,0.1,0.1,4,0.2748445977380605,0.035344293392556084,0.035344293392556084,0.035344293392556084,0.0,0.09694330416038671,0.009398004221533252,0.10930299369399843,0.009398004221533252,0.0,7.610099337377296,9.602764911677582,10.52454972998851,1.7540916216647515,0.09750221155484551,0.10952605673734761,0.11466241006929173,0.2097677719929831,0.2120657603553365
random,18,20270945,6,16,1.0,0.1,0.1,4,0.23370595598987803,0.035344293392556084,0.035344293392556084,0.035344293392556084,0.0,0.08248670260300654,0.006804056106316846,0.09302343909200861,0.006804056106316847,8.673617379884035e-19,5.891318395865039,8.547114737120705,10.8034789672962,1.8005798278827,0.08578780402529232,0.10333062841871597,0.11617190713264233,0.2097677719929831,0.2120657603553365
random,19,20270946,6,16,1.0,0.1,0.1,4,0.28385714215336777,0.035344293392556084,0.035344293392556084,0.035344293392556084,0.0,0.1001064849208588,0.01002130832321013,0.11286357369925959,0.010021308323210132,1.734723475976807e-18,8.022058356616288,9.784994445132929,11.446036318457598,1.907672719742933,0.10010648492085882,0.11056039848756799,0.1195767824745124,0.2097677719929831,0.2120657603553365
random,20,20270947,6,16,1.0,0.1,0.1,4,0.1680381156228499,0.035344293392556084,0.035344293392556084,0.035344293392556084,0.0,0.0593580602633879,0.0035233793182319895,0.06695872059953079,0.0035233793182319903,8.673617379884035e-19,3.7004087552921425,7.969344387343252,11.840724581628766,1.9734540969381278,0.06798986103794251,0.0997770365728167,0.12162096453389236,0.2097677719929831,0.2120657603553365
random,21,20270948,6,16,1.0,0.1,0.1,4,0.27206743711643255,0.035344293392556084,0.035344293392556084,0.035344293392556084,0.0,0.09596829075560642,0.009209912830552613,0.10820537483441472,0.009209912830552613,0.0,7.720367047662121,9.490400871628427,10.733983623350401,1.7889972705584003,0.09820605778248323,0.10888337707020355,0.11579765583778186,0.2097677719929831,0.2120657603553365
random,22,20270949,6,16,1.0,0.1,0.1,4,0.21292617174522807,0.035344293392556084,0.035344293392556084,0.035344293392556084,0.0,0.07517423809852374,0.005651166073693537,0.0847850578805387,0.005651166073693537,0.0,6.953609100485254,8.903113554251167,13.239651632339186,2.206608605389864,0.09320183008575483,0.10546060535855441,0.12860491969991475,0.2097677719929831,0.2120657603553365
random,23,20270950,6,16,1.0,0.1,0.1,4,0.286948222892715,0.035344293392556084,0.035344293392556084,0.035344293392556084,0.0,0.10119103085122245,0.010239624724733054,0.11408424422190144,0.010239624724733056,1.734723475976807e-18,8.196820658776685,10.579683945900488,11.49834224694252,1.9163903744904203,0.10119103085122245,0.11496235469545642,0.11984969115762345,0.2097677719929831,0.2120657603553365
random,24,20270951,6,16,1.0,0.1,0.1,4,0.15214849578174236,0.035344293392556084,0.035344293392556084,0.035344293392556084,0.0,0.053753725814263506,0.002889463038915019,0.06063997203769178,0.0028894630389150197,8.673617379884035e-19,4.193160148424139,7.821369545628855,13.392956722875825,2.2321594538126375,0.07237524192497424,0.09884636580219555,0.12934735024142835,0.2097677719929831,0.2120657603553365
random,25,20270952,6,16,1.0,0.1,0.1,4,0.2316470447288359,0.035344293392556084,0.035344293392556084,0.035344293392556084,0.0,0.08176245351342744,0.006685098804535383,0.09220759217388874,0.006685098804535383,0.0,6.72420472606992,8.385109181586415,11.366432703948275,1.8944054506580459,0.09165154014434071,0.10234665768411517,0.11916024736983177,0.2097677719929831,0.2120657603553365
random,26,20270953,6,16,1.0,0.1,0.1,4,0.2594499655479639,0.035344293392556084,0.035344293392556084,0.035344293392556084,0.0,0.0915367934619991,0.00837898455730468,0.10321598381204855,0.00837898455730468,0.0,6.707378010933534,9.170395051494708,10.853652373744627,1.808942062290771,0.0915367934619991,0.10703192246921457,0.11644135684218647,0.2097677719929831,0.2120657603553365
random,27,20270954,6,16,1.0,0.1,0.1,4,0.2752532092594974,0.035344293392556084,0.035344293392556084,0.035344293392556084,0.0,0.09708674890106048,0.009425836812177568,0.10946447184684338,0.009425836812177568,0.0,8.104377000624162,10.206998212879862,13.17284766119349,2.195474610198915,0.10061879716816038,0.11291933789346278,0.12828005525393482,0.2097677719929831,0.2120657603553365
random,28,20270955,6,16,1.0,0.1,0.1,4,0.23892587436038695,0.035344293392556084,0.035344293392556084,0.035344293392556084,0.0,0.08432258324157166,0.007110298044531781,0.09509139844121783,0.007110298044531782,8.673617379884035e-19,5.691794325303945,8.631588901147905,9.97756266289165,1.6629271104819416,0.08432258324157166,0.10383999954973812,0.11164300965431502,0.2097677719929831,0.2120657603553365
random,29,20270956,6,16,1.0,0.1,0.1,4,0.24369852047287852,0.035344293392556084,0.035344293392556084,0.035344293392556084,0.0,0.08600077961668325,0.00739613409467732,0.09698159945053453,0.007396134094677321,8.673617379884035e-19,5.920606113220046,8.552261426145957,9.528787005846626,1.5881311676411043,0.08600077961668325,0.10336173427101708,0.10910335692960643,0.2097677719929831,0.2120657603553365
random,30,20270957,6,16,1.0,0.1,0.1,4,0.25872459095203965,0.035344293392556084,0.035344293392556084,0.035344293392556084,0.0,0.09128194403692126,0.008332393307159625,0.10292901920446229,0.008332393307159625,0.0,7.1556191011286,9.033129129889915,10.351716946328906,1.7252861577214844,0.09454594585471661,0.1062278551971293,0.11371702718895291,0.2097677719929831,0.2120657603553365
random,31,20270958,6,16,1.0,0.1,0.1,4,0.2611022309773864,0.035344293392556084,0.035344293392556084,0.035344293392556084,0.0,0.09211725837697567,0.008485589290890494,0.10386958417291159,0.008485589290890494,0.0,6.79271511127364,9.282102450680792,11.971556741103626,1.9952594568506044,0.09211725837697568,0.10768184360134567,0.12229103419077202,0.2097677719929831,0.2120657603553365
random,32,20270959,6,16,1.0,0.1,0.1,4,0.2760439988661691,0.035344293392556084,0.035344293392556084,0.035344293392556084,0.0,0.09736435021631883,0.009479816693045984,0.10977696908764334,0.009479816693045984,0.0,7.588594250264493,8.882467434241665,9.422418857847788,1.5704031429746312,0.09736435021631883,0.10533825399940656,0.10849269732941454,0.2097677719929831,0.2120657603553365
random,33,20270960,6,16,1.0,0.1,0.1,4,0.2160052288315685,0.035344293392556084,0.035344293392556084,0.035344293392556084,0.0,0.07625816427167882,0.0058153076180863525,0.08600638166097263,0.0058153076180863525,0.0,5.9962498721984305,8.431921920178176,12.365806575874398,2.060967762645733,0.08654842414122584,0.10263195265184662,0.12428838021925075,0.2097677719929831,0.2120657603553365
random,34,20270961,6,16,1.0,0.1,0.1,4,0.2507165647819529,0.035344293392556084,0.035344293392556084,0.035344293392556084,0.0,0.08846785406253489,0.007826561202429971,0.09976008664856062,0.007826561202429971,0.0,6.566611669541973,9.139000900307527,11.097640987197183,1.8496068311995304,0.0905711684724305,0.10684855757068668,0.11774287584970647,0.2097677719929831,0.2120657603553365
random,35,20270962,6,16,1.0,0.1,0.1,4,0.2681019604918378,0.035344293392556084,0.035344293392556084,0.035344293392556084,0.0,0.09457584078006942,0.008944589659257042,0.1066377382204915,0.00894458965925704,1.734723475976807e-18,7.160144953963613,9.318372628155549,10.786804663209205,1.797800777201534,0.09457584078006942,0.1078920239821043,0.11608222149881722,0.2097677719929831,0.2120657603553365
random,36,20270963,6,16,1.0,0.1,0.1,4,0.20501782742725266,0.035344293392556084,0.035344293392556084,0.035344293392556084,0.0,0.07238964273456645,0.00524026037523817,0.08164726199808481,0.005240260375238171,1.734723475976807e-18,5.18254275225409,7.888684448633917,11.192807240010042,1.865467873335007,0.08046198646125217,0.09927081692620125,0.11824664186229294,0.2097677719929831,0.2120657603553365
random,37,20270964,6,16,1.0,0.1,0.1,4,0.23928386443235114,0.035344293392556084,0.035344293392556084,0.035344293392556084,0.0,0.08444847514431827,0.007131544954200542,0.0952331988259405,0.0071315449542005424,8.673617379884035e-19,6.65355719812148,8.935299660720371,11.777049669432632,1.9628416115721052,0.09116880262066243,0.10565106142750083,0.12129350806705716,0.2097677719929831,0.2120657603553365
random,38,20270965,6,16,1.0,0.1,0.1,4,0.28157049846474963,0.035344293392556084,0.035344293392556084,0.035344293392556084,0.0,0.09930407120776952,0.009861298558437759,0.11196040359843318,0.009861298558437759,0.0,7.893970523248315,9.39733987832913,9.983478407859668,1.6639130679766112,0.09930407120776953,0.1083482174943603,0.11167610158907249,0.2097677719929831,0.2120657603553365
random,39,20270966,6,16,1.0,0.1,0.1,4,0.22258768073441093,0.035344293392556084,0.035344293392556084,0.035344293392556084,0.0,0.07857494109844786,0.00617402136862455,0.088616660262546,0.006174021368624439,1.1102230246251565e-16,5.77067519317362,8.640216454761118,11.628509330456017,1.9380848884093362,0.08490487341348665,0.10389188231540247,0.12052616178363292,0.2097677719929831,0.2120657603553365
random,40,20270967,6,16,1.0,0.1,0.1,4,0.3227088507541563,0.035344293392556084,0.035344293392556084,0.035344293392556084,0.0,0.11372450252630277,0.012933262474855045,0.12818574046710296,0.012933262474855045,0.0,10.353077958336684,11.416408266664689,12.667902766101607,2.111317127683601,0.11372450252630277,0.1194219200125741,0.12579739973850135,0.2097677719929831,0.2120657603553365
random,41,20270968,6,16,1.0,0.1,0.1,4,0.23677279880997013,0.035344293392556084,0.035344293392556084,0.035344293392556084,0.0,0.08356538349456334,0.0069831733185934395,0.0942384983038893,0.0069831733185934395,0.0,6.7405993264097415,8.760118631468075,12.402036912939693,2.0670061521566154,0.09176320209271294,0.10461026382417757,0.12447032210810682,0.2097677719929831,0.2120657603553365
random,42,20270969,6,16,1.0,0.1,0.1,4,0.24451427760201971,0.035344293392556084,0.035344293392556084,0.035344293392556084,0.0,0.08628758628928963,0.007445547547631604,0.09730462442579335,0.0074455475476316035,8.673617379884035e-19,6.001492800974605,9.115887035546933,12.40048053417835,2.0667467556963914,0.08658625345843174,0.10671335424477459,0.12446251173609917,0.2097677719929831,0.2120657603553365
random,43,20270970,6,16,1.0,0.1,0.1,4,0.2490138402484833,0.035344293392556084,0.035344293392556084,0.035344293392556084,0.0,0.08786936407610886,0.00772102514313977,0.09908607845090733,0.00772102514313977,0.0,6.1806814313570655,8.55923798778742,9.26251282998163,1.5437521383302715,0.08786936407610886,0.10340388467265481,0.10756815380737483,0.2097677719929831,0.2120657603553365
random,44,20270971,6,16,1.0,0.1,0.1,4,0.25396956222880146,0.035344293392556084,0.035344293392556084,0.035344293392556084,0.0,0.08961111536447157,0.008030151996864632,0.10104755605751614,0.008030151996864634,1.734723475976807e-18,6.665820373285427,9.2031184799337,10.794182128190853,1.7990303546984754,0.09125278058023938,0.10722271754845174,0.11612191101632703,0.2097677719929831,0.2120657603553365
random,45,20270972,6,16,1.0,0.1,0.1,4,0.21354333193714034,0.035344293392556084,0.035344293392556084,0.035344293392556084,0.0,0.0753915088871464,0.005683879612280673,0.085029873768659,0.005683879612280674,8.673617379884035e-19,4.757734517329728,8.53139262955471,12.280988137535537,2.046831356255923,0.07709379167499873,0.10323554820278487,0.12386139288093316,0.2097677719929831,0.2120657603553365
random,46,20270973,6,16,1.0,0.1,0.1,4,0.23446684178659855,0.035344293392556084,0.035344293392556084,0.035344293392556084,0.0,0.0827543376687008,0.0068482804029853525,0.09332491653040176,0.0068482804029853525,0.0,6.738555085461408,9.604339746597434,12.00930684294063,2.001551140490105,0.09174928639243285,0.10953503740016345,0.12248369357086832,0.2097677719929831,0.2120657603553365
random,47,20270974,6,16,1.0,0.1,0.1,4,0.27428500277701745,0.035344293392556084,0.035344293392556084,0.035344293392556084,0.0,0.09674685116500001,0.009359953210342664,0.10908184142304833,0.009359953210342664,0.0,7.492643519874703,8.996168406073199,9.298539523610502,1.5497565872684171,0.09674685116500001,0.10601030694488689,0.10777714482408836,0.2097677719929831,0.2120657603553365
random,48,20270975,6,16,1.0,0.1,0.1,4,0.22817096538919154,0.035344293392556084,0.035344293392556084,0.035344293392556084,0.0,0.08053955018788402,0.0064866191444666885,0.09082996978605085,0.0064866191444666885,0.0,6.265278538399786,8.334836010579869,11.615535983504586,1.935922663917431,0.088468669386302,0.10203938521427042,0.12045891051230165,0.2097677719929831,0.2120657603553365
random,49,20270976,6,16,1.0,0.1,0.1,4,0.2474014626180468,0.035344293392556084,0.035344293392556084,0.035344293392556084,0.0,0.08730258620150491,0.0076217415574711955,0.0984477673917663,0.007621741557471196,8.673617379884035e-19,6.101204910687327,8.598232619813814,9.389331426855964,1.5648885711426606,0.08730258620150491,0.10363916346421374,0.10830204025714545,0.2097677719929831,0.2120657603553365
aligned,0,20270927,7,16,1.0,0.1,0.1,4,0.7,0.035344293392556084,0.035344293392556084,0.035344293392556084,0.0,0.2437456392136235,0.059411936635657914,0.2736613023512382,0.059411936635657914,0.0,47.5592614655893,47.559261465589294,47.56720051545473,6.795314359350676,0.24374563921362352,0.2437456392136235,0.243765982549228,0.2437456392136235,0.2474100537478926
alternating,0,20270927,7,16,1.0,0.1,0.1,4,0.1,0.035344293392556084,0.035344293392556084,0.035344293392556084,0.0,0.035344293392556084,0.0012492190754190837,0.03987761167674497,0.001249219075417755,1.3287981825982342e-15,15.999999999999998,24.999999999999996,49.00000000000108,7.0000000000001545,0.1413771735702243,0.1767214669627804,0.24741005374789532,0.2437456392136235,0.2474100537478926
orthogonal,0,20270927,7,16,1.0,0.1,0.1,4,0.2645751311064591,0.035344293392556084,0.035344293392556084,0.035344293392556084,0.0,0.09333718530055551,0.008711830159830236,0.10524315781125249,0.008711830159830238,1.734723475976807e-18,6.973820950426667,7.0,7.0043748569198385,1.0006249795599769,0.09333718530055551,0.09351221058200682,0.09354142762781675,0.2437456392136235,0.2474100537478926
clustered,0,20270927,7,16,1.0,0.1,0.1,4,0.5,0.035344293392556084,0.035344293392556084,0.035344293392556084,0.0,0.17540457668959458,0.030766765523655867,0.1974126513658474,0.03076676552365587,3.469446951953614e-18,24.628799006558832,24.806123034597285,27.744604076772465,3.963514868110352,0.17540457668959458,0.17603488882040302,0.18616951590594588,0.2437456392136235,0.2474100537478926
random,0,20270927,7,16,1.0,0.1,0.1,4,0.27763857638385186,0.035344293392556084,0.035344293392556084,0.035344293392556084,0.0,0.09792408120750816,0.009589125680334652,0.11040704821119363,0.009589125680334654,1.734723475976807e-18,7.934235150382328,11.540219898984049,15.129549563863737,2.1613642234091053,0.09955700828529454,0.12006774268029595,0.13747771425826463,0.2437456392136235,0.2474100537478926
random,1,20270928,7,16,1.0,0.1,0.1,4,0.3055217919451808,0.035344293392556084,0.035344293392556084,0.035344293392556084,0.0,0.1077039422128324,0.011600139168185142,0.12141316378771161,0.011600139168185142,0.0,9.705669580701636,12.518219113522292,15.871351757817209,2.2673359654024585,0.1101113417406546,0.12505198161919634,0.14080765379961227,0.2437456392136235,0.2474100537478926
random,2,20270929,7,16,1.0,0.1,0.1,4,0.21060777391115057,0.035344293392556084,0.035344293392556084,0.035344293392556084,0.0,0.07435800014031638,0.00552911218486729,0.08386532121825585,0.005529112184867403,1.1275702593849246e-16,5.715927210816337,10.635791463204326,15.244530979511172,2.1777901399301673,0.0845011556456997,0.1152667930412497,0.13799912642992537,0.2437456392136235,0.2474100537478926
random,3,20270930,7,16,1.0,0.1,0.1,4,0.2808641604148566,0.035344293392556084,0.035344293392556084,0.035344293392556084,0.0,0.09905618815145338,0.009812128411096133,0.11168138735215627,0.009812128411096133,0.0,8.895744058999721,11.839851046807496,14.355653631421784,2.0508076616316835,0.10541694915215692,0.12161647823297848,0.13391548213885252,0.2437456392136235,0.2474100537478926
random,4,20270931,7,16,1.0,0.1,0.1,4,0.2371038958521499,0.035344293392556084,0.035344293392556084,0.035344293392556084,0.0,0.08368182937380003,0.007002648567345782,0.09436966322934648,0.0070026485673457825,8.673617379884035e-19,6.5881032835149025,9.762258594605557,12.531005330067984,1.7901436185811406,0.0907192608688911,0.1104318778956292,0.12511582990373016,0.2437456392136235,0.2474100537478926
random,5,20270932,7,16,1.0,0.1,0.1,4,0.20272792501409923,0.035344293392556084,0.035344293392556084,0.035344293392556084,0.0,0.07158318904987351,0.005124152954549931,0.08073845715656347,0.005124152954549933,1.734723475976807e-18,5.216791948284174,9.523157088862435,13.459174812810192,1.9227392589728844,0.0807274179835406,0.1090711212632355,0.1296667186118418,0.2437456392136235,0.2474100537478926
random,6,20270933,7,16,1.0,0.1,0.1,4,0.29943153591498595,0.035344293392556084,0.035344293392556084,0.035344293392556084,0.0,0.10556910808140425,0.011144836581103212,0.11901113263116425,0.011144836581103212,0.0,9.755273717424101,12.52984338733389,14.601234610269888,2.085890658609984,0.11039236392858258,0.1251100290603082,0.13505606539440748,0.2437456392136235,0.2474100537478926
random,7,20270934,7,16,1.0,0.1,0.1,4,0.25461470307340706,0.035344293392556084,0.035344293392556084,0.035344293392556084,0.0,0.08983782821150188,0.008070835377759322,0.10130285803198325,0.008070835377759322,0.0,6.519675281423348,10.648580102345475,13.239325129703225,1.8913321613861749,0.0902468987117692,0.11533607150400982,0.12860333392918125,0.2437456392136235,0.2474100537478926
random,8,20270935,7,16,1.0,0.1,0.1,4,0.1985917146762638,0.035344293392556084,0.035344293392556084,0.035344293392556084,0.0,0.07012632855287368,0.004917701956305586,0.07909663247138465,0.004917701956305477,1.0928757898653885e-16,6.107381462556106,10.026149515619903,15.387545618373283,2.1982208026247547,0.08734676538879954,0.11191450856754985,0.1386449260173384,0.2437456392136235,0.2474100537478926
random,9,20270936,7,16,1.0,0.1,0.1,4,0.24862926014647416,0.035344293392556084,0.035344293392556084,0.035344293392556084,0.0,0.08773418156360395,0.0076972866146354235,0.09893383596682037,0.007697286614635424,8.673617379884035e-19,6.89489502298399,11.223911364795352,17.499310444284063,2.49990149204058,0.09280751255002852,0.11841082795806891,0.1478528742151469,0.2437456392136235,0.2474100537478926
random,10,20270937,7,16,1.0,0.1,0.1,4,0.32078148980535104,0.035344293392556084,0.035344293392556084,0.035344293392556084,0.0,0.1130496611409247,0.0127802258840779,0.12742672026261914,0.0127802258840779,0.0,10.230572151478261,11.897282260902903,12.45441525686106,1.77920217955158,0.1130496611409247,0.12191108212941508,0.12473288705093498,0.2437456392136235,0.2474100537478926
random,11,20270938,7,16,1.0,0.1,0.1,4,0.24161531718115428,0.035344293392556084,0.035344293392556084,0.035344293392556084,0.0,0.0852683114540548,0.007270684938225692,0.0961566161396783,0.007270684938225692,0.0,8.376535210619993,11.034438610723187,15.94333895890393,2.27761985127199,0.10229431837118866,0.11740711732708652,0.14112662099453463,0.2437456392136235,0.2474100537478926
random,12,20270939,7,16,1.0,0.1,0.1,4,0.30556923357521876,0.035344293392556084,0.035344293392556084,0.035344293392556084,0.0,0.10772056915144324,0.011603721018310864,0.12143187067617989,0.011603721018310864,0.0,9.992605986885948,13.057020126710263,14.932905705959431,2.13327224370849,0.11172714089228662,0.12771483316520976,0.13658137010338928,0.2437456392136235,0.2474100537478926
random,13,20270940,7,16,1.0,0.1,0.1,4,0.2489553670092728,0.035344293392556084,0.035344293392556084,0.035344293392556084,0.0,0.08784881049264957,0.007717413504973457,0.09906293107319541,0.007717413504973459,1.734723475976807e-18,7.345040243657932,11.117573037318007,15.3395944037732,2.191370629110457,0.09578916630860884,0.11784856516132275,0.13842873234406686,0.2437456392136235,0.2474100537478926
random,14,20270941,7,16,1.0,0.1,0.1,4,0.254294260964846,0.035344293392556084,0.035344293392556084,0.035344293392556084,0.0,0.08972522058366572,0.00805061520878747,0.10117605059242885,0.008050615208787472,1.734723475976807e-18,7.824328603503969,10.960046350340685,13.628084696668761,1.9468692423812515,0.09886506230132219,0.11701067886446473,0.13047782709911104,0.2437456392136235,0.2474100537478926
random,15,20270942,7,16,1.0,0.1,0.1,4,0.26059741009052556,0.035344293392556084,0.035344293392556084,0.035344293392556084,0.0,0.09193991241531355,0.008452947494935525,0.10366989543926164,0.008452947494935527,1.734723475976807e-18,6.7665853502115,10.808970281570748,15.50293811737717,2.214705445339596,0.09193991241531355,0.11620142796616642,0.13916381002713737,0.2437456392136235,0.2474100537478926
random,16,20270943,7,16,1.0,0.1,0.1,4,0.28771466150976344,0.035344293392556084,0.035344293392556084,0.035344293392556084,0.0,0.10145991797546658,0.010294114955588407,0.11438686974810963,0.010294114955588409,1.734723475976807e-18,8.661673487077895,11.35815262633681,13.348815961919918,1.9069737088457026,0.10402080438599501,0.11911683727475854,0.129134021597289,0.2437456392136235,0.2474100537478926
random,17,20270944,7,16,1.0,0.1,0.1,4,0.2864219612794744,0.035344293392556084,0.035344293392556084,0.035344293392556084,0.0,0.10100639780455199,0.010202292397451405,0.11387644208254355,0.010202292397451407,1.734723475976807e-18,8.16693612689894,11.486334165282456,13.147079814060616,1.8781542591515166,0.10100639780455199,0.11978709340287368,0.12815452738698582,0.2437456392136235,0.2474100537478926
random,18,20270945,7,16,1.0,0.1,0.1,4,0.28954835195571443,0.035344293392556084,0.035344293392556084,0.035344293392556084,0.0,0.10210318033012437,0.010425059433525896,0.11511082802813344,0.010425059433525896,0.0,8.410235306890495,11.478862638369499,12.618907006113483,1.8027010008733548,0.10249988475179218,0.11974812805203515,0.12555389019451563,0.2437456392136235,0.2474100537478926
random,19,20270946,7,16,1.0,0.1,0.1,4,0.329666223598368,0.035344293392556084,0.035344293392556084,0.035344293392556084,0.0,0.11615988122932396,0.013493118007210647,0.1309246589425499,0.013493118007210647,0.0,10.801242370305644,12.904109142495034,14.739665868885693,2.105666552697956,0.11615988122932396,0.12696479548321493,0.1356947742866895,0.2437456392136235,0.2474100537478926
random,20,20270947,7,16,1.0,0.1,0.1,4,0.15296693269624734,0.035344293392556084,0.035344293392556084,0.035344293392556084,0.0,0.0540424562322166,0.002920587075611047,0.06096553261416071,0.0029205870756110488,1.734723475976807e-18,4.1435349539935,9.270164388196925,14.733809497512054,2.1048299282160077,0.07194569413241084,0.10761257447903697,0.13566781445089665,0.2437456392136235,0.2474100537478926
random,21,20270948,7,16,1.0,0.1,0.1,4,0.31003802157419447,0.035344293392556084,0.035344293392556084,0.035344293392556084,0.0,0.10928654820425596,0.011943549618401161,0.12319366996539105,0.011943549618401163,1.734723475976807e-18,10.934236593099385,12.70427041706569,15.334773161223664,2.190681880174809,0.11687282373265877,0.12597784306885404,0.13840697652295278,0.2437456392136235,0.2474100537478926
random,22,20270949,7,16,1.0,0.1,0.1,4,0.2686611750690194,0.035344293392556084,0.035344293392556084,0.035344293392556084,0.0,0.0947722220666049,0.008981774075441873,0.10685883292542964,0.008981774075441873,0.0,9.82703464311753,11.793639829781055,15.893165747047433,2.270452249578205,0.11079764948313023,0.12137891021089606,0.14090438538246014,0.2437456392136235,0.2474100537478926
random,23,20270950,7,16,1.0,0.1,0.1,4,0.2922888061461762,0.035344293392556084,0.035344293392556084,0.035344293392556084,0.0,0.10306441770475365,0.010622274196819938,0.11619260589139535,0.010622274196819938,0.0,9.039483332273848,12.531207652479162,14.666240967706411,2.095177281100916,0.10626521072585023,0.1251168399437684,0.13535637399676342,0.2437456392136235,0.2474100537478926
random,24,20270951,7,16,1.0,0.1,0.1,4,0.1834663449357753,0.035344293392556084,0.035344293392556084,0.035344293392556084,0.0,0.06479697825697982,0.0041986483912355155,0.07308995931795659,0.004198648391235516,8.673617379884035e-19,6.733716730124485,10.833840075415221,18.02296422668458,2.5747091752406543,0.09171634198843805,0.11633503205074737,0.15004876109975093,0.2437456392136235,0.2474100537478926
random,25,20270952,7,16,1.0,0.1,0.1,4,0.252014360445543,0.035344293392556084,0.035344293392556084,0.035344293392556084,0.0,0.08892398359041043,0.007907474857587584,0.10027375911416048,0.007907474857587582,1.734723475976807e-18,7.370949499541874,10.400286974410326,14.044963051898813,2.006423293128402,0.0959579632900702,0.1139834938851499,0.1324584303016921,0.2437456392136235,0.2474100537478926
random,26,20270953,7,16,1.0,0.1,0.1,4,0.24708419540597848,0.035344293392556084,0.035344293392556084,0.035344293392556084,0.0,0.08719105643429362,0.007602280322128174,0.09832215954858681,0.007602280322128175,8.673617379884035e-19,6.707378010933534,10.237377813983208,12.677824077071854,1.8111177252959791,0.0915367934619991,0.11308725678651835,0.1258466514130809,0.2437456392136235,0.2474100537478926
random,27,20270954,7,16,1.0,0.1,0.1,4,0.2719398507683434,0.035344293392556084,0.035344293392556084,0.035344293392556084,0.0,0.09592349404841159,0.009201316710455654,0.10815494380774826,0.009201316710455654,0.0,8.190969862719736,11.42249246590853,15.533268244029198,2.2190383205755997,0.10115490990897243,0.11945373781193998,0.13929987435041988,0.2437456392136235,0.2474100537478926
random,28,20270955,7,16,1.0,0.1,0.1,4,0.2225492949999727,0.035344293392556084,0.035344293392556084,0.035344293392556084,0.0,0.07856143258309713,0.006171898689508515,0.08860144110092505,0.006171898689508516,8.673617379884035e-19,5.691794325303945,9.877100878836941,12.640207054090073,1.8057438648700104,0.08432258324157166,0.11107953379305165,0.12565980968160098,0.2437456392136235,0.2474100537478926
random,29,20270956,7,16,1.0,0.1,0.1,4,0.2992707564402909,0.035344293392556084,0.035344293392556084,0.035344293392556084,0.0,0.10551273964987139,0.011132938228421542,0.11894770536836585,0.011132938228421542,0.0,8.911918211532834,11.8130249254435,12.769576430260583,1.8242252043229406,0.10551273964987139,0.12147862394374213,0.12630122114098283,0.2437456392136235,0.2474100537478926
random,30,20270957,7,16,1.0,0.1,0.1,4,0.2919131737423132,0.035344293392556084,0.035344293392556084,0.035344293392556084,0.0,0.10293266998972933,0.010595134551214525,0.11604434001744512,0.010595134551214525,0.0,8.481406311907387,11.988230954834961,13.245091772221286,1.8921559674601838,0.10293266998972934,0.12237616920507591,0.12863133870692314,0.2437456392136235,0.2474100537478926
random,31,20270958,7,16,1.0,0.1,0.1,4,0.2466104833313259,0.035344293392556084,0.035344293392556084,0.035344293392556084,0.0,0.08702452814633362,0.007573268499092012,0.09813460973866217,0.007573268499092013,8.673617379884035e-19,6.79271511127364,10.5723213906175,14.25516073392502,2.03645153341786,0.09211725837697568,0.11492234574973047,0.13344593928623022,0.2437456392136235,0.2474100537478926
random,32,20270959,7,16,1.0,0.1,0.1,4,0.2907242422901989,0.035344293392556084,0.035344293392556084,0.035344293392556084,0.0,0.10251565136921999,0.010509458775655456,0.1155750300920233,0.010509458775655456,0.0,8.412822844647788,10.757669280244574,11.269840230163576,1.6099771757376538,0.10251565136921999,0.11592534525258662,0.1186528524412529,0.2437456392136235,0.2474100537478926
random,33,20270960,7,16,1.0,0.1,0.1,4,0.18801140617534012,0.035344293392556084,0.035344293392556084,0.035344293392556084,0.0,0.06639871036016652,0.004408788737493285,0.07489537360764587,0.004408788737493286,1.734723475976807e-18,5.9962498721984305,9.98957305636408,15.934961639147595,2.2764230913067993,0.08654842414122584,0.11171018403575622,0.14108953910795272,0.2437456392136235,0.2474100537478926
random,34,20270961,7,16,1.0,0.1,0.1,4,0.2715636585479971,0.035344293392556084,0.035344293392556084,0.035344293392556084,0.0,0.09579140790060597,0.009175993827580277,0.10800624384909474,0.009175993827580277,0.0,8.01162746163147,10.850429012771881,13.083738053958166,1.8691054362797381,0.10004138068929978,0.11642406494894125,0.1278454346263139,0.2437456392136235,0.2474100537478926
random,35,20270962,7,16,1.0,0.1,0.1,4,0.27477243072598534,0.035344293392556084,0.035344293392556084,0.035344293392556084,0.0,0.0969179693224037,0.009393092777578384,0.10927447372390775,0.009393092777578384,0.0,7.552675330450691,11.465142251322057,14.874703045711588,2.1249575779587984,0.09713365067393552,0.11967654073687463,0.13631493970177025,0.2437456392136235,0.2474100537478926
random,36,20270963,7,16,1.0,0.1,0.1,4,0.22073538516017063,0.035344293392556084,0.035344293392556084,0.035344293392556084,0.0,0.07792306590698314,0.006072004200344038,0.08788222584585803,0.00607200420034404,1.734723475976807e-18,5.975646324120115,9.297301911352612,13.51640178706335,1.93091454100905,0.08639960286973994,0.10776997215176401,0.12994209073055632,0.2437456392136235,0.2474100537478926
random,37,20270964,7,16,1.0,0.1,0.1,4,0.28108283751831054,0.035344293392556084,0.035344293392556084,0.035344293392556084,0.0,0.09913293192300787,0.009827338191651713,0.11176777022552531,0.009827338191651715,1.734723475976807e-18,8.652647017331002,11.726933512612586,14.436747039401249,2.0623924342001785,0.1039665893781167,0.12103515621556804,0.134293185935177,0.2437456392136235,0.2474100537478926
random,38,20270965,7,16,1.0,0.1,0.1,4,0.25981187763977104,0.035344293392556084,0.035344293392556084,0.035344293392556084,0.0,0.09166394245484595,0.00840227834636531,0.10335915439119736,0.00840227834636531,0.0,7.893970523248315,10.39733987832913,12.235518381532625,1.7479311973618035,0.09930407120776953,0.1139673431717362,0.12363188488351777,0.2437456392136235,0.2474100537478926
random,39,20270966,7,16,1.0,0.1,0.1,4,0.2306349667771837,0.035344293392556084,0.035344293392556084,0.035344293392556084,0.0,0.08140641800688524,0.006627004892711729,0.09180651893152847,0.00662700489271162,1.0928757898653885e-16,5.904774291946601,10.167026434779716,14.030105529590902,2.0043007899415572,0.08588571872869148,0.11269801845026779,0.13238835091392187,0.2437456392136235,0.2474100537478926
random,40,20270967,7,16,1.0,0.1,0.1,4,0.3517373623238512,0.035344293392556084,0.035344293392556084,0.035344293392556084,0.0,0.12387868685720725,0.015345929057466012,0.1396028893761001,0.015345929057466012,0.0,12.284417809036269,14.035540316393542,14.80441152813544,2.114915932590777,0.12387868685720724,0.132413989808677,0.13599247509072324,0.2437456392136235,0.2474100537478926
random,41,20270968,7,16,1.0,0.1,0.1,4,0.27650174018040763,0.035344293392556084,0.035344293392556084,0.035344293392556084,0.0,0.09752503200022082,0.009511131866644096,0.10995784746115111,0.009511131866644096,0.0,8.934780731032351,11.110733029162795,15.001080333393213,2.1430114761990304,0.1056479934683687,0.11781230683557223,0.13689278908828204,0.2437456392136235,0.2474100537478926
random,42,20270969,7,16,1.0,0.1,0.1,4,0.2471601661710053,0.035344293392556084,0.035344293392556084,0.035344293392556084,0.0,0.08721776278408527,0.00760693814506097,0.09835223701871576,0.007606938145060971,8.673617379884035e-19,6.636238655901873,10.512584016172815,14.479175435971833,2.068453633710262,0.09105007368468254,0.11459720976074785,0.13449037939925457,0.2437456392136235,0.2474100537478926
random,43,20270970,7,16,1.0,0.1,0.1,4,0.26928057170695424,0.035344293392556084,0.035344293392556084,0.035344293392556084,0.0,0.09498973123154687,0.00902304903944151,0.107103711907093,0.009023049039441513,1.734723475976807e-18,7.222951695974136,10.611108636557281,11.197704023780934,1.5996720033972764,0.09498973123154687,0.11513296365564268,0.11827250512018495,0.2437456392136235,0.2474100537478926
random,44,20270971,7,16,1.0,0.1,0.1,4,0.25739684686294545,0.035344293392556084,0.035344293392556084,0.035344293392556084,0.0,0.09081543795071803,0.008247443770180716,0.10240371704472961,0.00824744377018072,3.469446951953614e-18,7.11997253852813,10.880992940164008,13.182380273404206,1.8831971819148867,0.09431015593025693,0.1165879236471482,0.12832646218518132,0.2437456392136235,0.2474100537478926
random,45,20270972,7,16,1.0,0.1,0.1,4,0.20669405663309945,0.035344293392556084,0.035344293392556084,0.035344293392556084,0.0,0.07297992913256059,0.005326070056193565,0.08231244778708113,0.005326070056193566,8.673617379884035e-19,6.396929448017035,10.879036954442292,16.910899318209577,2.4158427597442254,0.08939332352347658,0.11657744415485546,0.14534585653123716,0.2437456392136235,0.2474100537478926
random,46,20270973,7,16,1.0,0.1,0.1,4,0.30138857609728725,0.035344293392556084,0.035344293392556084,0.035344293392556084,0.0,0.10625519509859642,0.011290166485440789,0.11978312074426456,0.011290166485440789,0.0,11.021754461060446,13.887539122196472,18.000410651656157,2.5714872359508796,0.11733961785067348,0.13171400374324907,0.14995484770898782,0.2437456392136235,0.2474100537478926
random,47,20270974,7,16,1.0,0.1,0.1,4,0.31190155707864353,0.035344293392556084,0.035344293392556084,0.035344293392556084,0.0,0.10993945938157765,0.012086684729113562,0.12392818056499788,0.012086684729113562,0.0,10.10119615143604,12.559022621851152,15.540316826777243,2.2200452609681776,0.11233257282250654,0.1252556211426707,0.1393314760492628,0.2437456392136235,0.2474100537478926
random,48,20270975,7,16,1.0,0.1,0.1,4,0.22238617428111634,0.035344293392556084,0.035344293392556084,0.035344293392556084,0.0,0.07850402771557231,0.006162882367567346,0.08853676669690214,0.006162882367567347,8.673617379884035e-19,6.265278538399786,10.089433034242985,15.366317626743513,2.1951882323919305,0.088468669386302,0.11226714660371387,0.13854925874315063,0.2437456392136235,0.2474100537478926
random,49,20270976,7,16,1.0,0.1,0.1,4,0.24991662621512492,0.035344293392556084,0.035344293392556084,0.035344293392556084,0.0,0.08818668991473938,0.007776892278118396,0.09944344708809272,0.007776892278118399,2.6020852139652106e-18,6.678979356401754,9.925608194364195,11.280555256254484,1.6115078937506406,0.09134280714072315,0.11135196042969213,0.11870924482714947,0.2437456392136235,0.2474100537478926
aligned,0,20270927,8,16,1.0,0.1,0.1,4,0.7999999999999999,0.035344293392556084,0.035344293392556084,0.035344293392556084,0.0,0.27727901762189694,0.07688365361336423,0.31084348322064836,0.07688365361336424,1.3877787807814457e-17,61.54537272621425,61.54537272621424,61.56328697860533,7.695410872325667,0.27727901762189694,0.27727901762189694,0.2773193690299563,0.27727901762189694,0.28275434714044867
alternating,0,20270927,8,16,1.0,0.1,0.1,4,0.0,0.035344293392556084,0.035344293392556084,0.035344293392556084,0.0,0.0,0.0,0.0,-1.7720231410105142e-15,1.7720231410105142e-15,15.999999999999998,31.999999999999993,64.00000000000139,8.000000000000174,0.1413771735702243,0.1999375162729863,0.2827543471404517,0.27727901762189694,0.28275434714044867
orthogonal,0,20270927,8,16,1.0,0.1,0.1,4,0.28284271247461906,0.035344293392556084,0.035344293392556084,0.035344293392556084,0.0,0.09975052005294009,0.009950166250832003,0.11246291601828484,0.009950166250831895,1.0755285551056204e-16,7.965109120266873,8.0,8.00499987564679,1.0006249844558488,0.09975052005293954,0.09996875813649317,0.09999999271692654,0.27727901762189694,0.28275434714044867
clustered,0,20270927,8,16,1.0,0.1,0.1,4,0.5656854249492381,0.035344293392556084,0.035344293392556084,0.035344293392556084,0.0,0.19801656710406032,0.03921056084767682,0.22270258921047859,0.03921056084767682,0.0,31.388058042999866,31.701928161162392,32.01720542845883,4.002150678557354,0.19801656710406032,0.19900415419405065,0.19999125921610228,0.27727901762189694,0.28275434714044867
random,0,20270927,8,16,1.0,0.1,0.1,4,0.32687787539927327,0.035344293392556084,0.035344293392556084,0.035344293392556084,0.0,0.11518396445800295,0.013267345668262489,0.12982715281641655,0.013267345668262487,1.734723475976807e-18,11.000362710956317,15.235669699321166,20.04056742129522,2.5050709276619023,0.1172256922993224,0.13795901280879236,0.15822471079102726,0.27727901762189694,0.28275434714044867
random,1,20270928,8,16,1.0,0.1,0.1,4,0.3523284528622277,0.035344293392556084,0.035344293392556084,0.035344293392556084,0.0,0.12408525394831951,0.015397150247418943,0.1398350756067921,0.015397150247418947,3.469446951953614e-18,12.325420376929133,15.95504768325253,18.28002630668044,2.285003288335055,0.12408525394831951,0.14117843289660117,0.151115047435614,0.27727901762189694,0.28275434714044867
random,2,20270929,8,16,1.0,0.1,0.1,4,0.2283502792539631,0.035344293392556084,0.035344293392556084,0.035344293392556084,0.0,0.08060263823992905,0.006496785291236873,0.09090104127857268,0.006496785291236984,1.1102230246251565e-16,6.897150598310324,12.821938262268734,17.83556494621297,2.229445618276621,0.09282269169468962,0.12655990621469312,0.14926663375210542,0.27727901762189694,0.28275434714044867
random,3,20270930,8,16,1.0,0.1,0.1,4,0.3102031569980794,0.035344293392556084,0.035344293392556084,0.035344293392556084,0.0,0.10934440817075158,0.011956199598211925,0.12325876221621157,0.011956199598211927,1.734723475976807e-18,10.337190169955447,14.479452608907906,17.544360675339828,2.1930450844174785,0.11363720845983055,0.13449166665884685,0.14804306813109133,0.27727901762189694,0.28275434714044867
random,4,20270931,8,16,1.0,0.1,0.1,4,0.29326271978940394,0.035344293392556084,0.035344293392556084,0.035344293392556084,0.0,0.10340599139452573,0.01069279905628473,0.11657700039906427,0.01069279905628473,0.0,8.744986070744542,12.885451023114868,15.345899275091849,1.9182374093864811,0.10451987090428431,0.126872972746182,0.13845717787064935,0.27727901762189694,0.28275434714044867
random,5,20270932,8,16,1.0,0.1,0.1,4,0.24530230205254228,0.035344293392556084,0.035344293392556084,0.035344293392556084,0.0,0.08656463242289063,0.007493435586510167,0.0976166524701656,0.007493435586510167,0.0,7.719551055805596,12.261626458716723,16.21504234498202,2.0268802931227525,0.09820086777917941,0.12376371708983323,0.14232406755738725,0.27727901762189694,0.28275434714044867
random,6,20270933,8,16,1.0,0.1,0.1,4,0.31879571395839273,0.035344293392556084,0.035344293392556084,0.035344293392556084,0.0,0.11235428462673648,0.012623485273985713,0.1266445727915615,0.012623485273985713,0.0,10.176749709065799,14.641402177554305,17.061963834928136,2.132745479366017,0.11275189516070498,0.13524170544282316,0.1459935981017756,0.27727901762189694,0.28275434714044867
random,7,20270934,8,16,1.0,0.1,0.1,4,0.30763788188560226,0.035344293392556084,0.035344293392556084,0.035344293392556084,0.0,0.10844552732688287,0.011760432397205698,0.12224750113914817,0.011760432397205702,3.469446951953614e-18,9.850778349115293,14.225477635564772,16.911230193295978,2.1139037741619973,0.11093142125403485,0.13330693162508497,0.14534727842745626,0.27727901762189694,0.28275434714044867
random,8,20270935,8,16,1.0,0.1,0.1,4,0.18380993973031337,0.035344293392556084,0.035344293392556084,0.035344293392556084,0.0,0.06491807386349364,0.004214356314146016,0.07322645720498833,0.004214356314145908,1.0842021724855044e-16,6.107381462556106,11.421169394800643,17.949278630941514,2.243659828867689,0.08734676538879954,0.11944681942847032,0.14974171514906684,0.27727901762189694,0.28275434714044867
random,9,20270936,8,16,1.0,0.1,0.1,4,0.23256342402156194,0.035344293392556084,0.035344293392556084,0.035344293392556084,0.0,0.08208481000607694,0.0067379160337337485,0.09257072101561858,0.006737916033733749,8.673617379884035e-19,7.271794091191566,12.223911364795352,20.002938992172325,2.5003673740215406,0.09531035563482221,0.12357323032572419,0.15807609861540056,0.27727901762189694,0.28275434714044867
random,10,20270937,8,16,1.0,0.1,0.1,4,0.3495900928197137,0.035344293392556084,0.035344293392556084,0.035344293392556084,0.0,0.12312821765461816,0.015160557982803025,0.1387593191914982,0.015160557982803025,0.0,12.454258566437666,15.289943764687976,17.465897057211247,2.183237132151406,0.12473210240910503,0.1382045202333603,0.14771165076991838,0.27727901762189694,0.28275434714044867
random,11,20270938,8,16,1.0,0.1,0.1,4,0.28212770937468207,0.035344293392556084,0.035344293392556084,0.035344293392556084,0.0,0.0994996128959933,0.009900172966452516,0.11218050215283348,0.009900172966452516,0.0,11.065325582720998,13.729811813106844,19.160909979725012,2.3951137474656266,0.11757132215662906,0.13096389891434718,0.15471319998326055,0.27727901762189694,0.28275434714044867
random,12,20270939,8,16,1.0,0.1,0.1,4,0.3593045331000924,0.035344293392556084,0.035344293392556084,0.035344293392556084,0.0,0.12652255566535872,0.016007957092093798,0.1425744306098622,0.016007957092093794,3.469446951953614e-18,13.824471867114285,17.393756946635005,19.598339219874163,2.4497924024842703,0.1314145880942966,0.14740628538478148,0.1564692276455686,0.27727901762189694,0.28275434714044867
random,13,20270940,8,16,1.0,0.1,0.1,4,0.2682136056833423,0.035344293392556084,0.035344293392556084,0.035344293392556084,0.0,0.09461504804363588,0.008952007316299526,0.10668187965069653,0.008952007316299528,1.734723475976807e-18,9.006875538094253,13.512978128591818,18.83118262135774,2.3538978276697176,0.1060733742845624,0.12992563274411162,0.15337624504238076,0.27727901762189694,0.28275434714044867
random,14,20270941,8,16,1.0,0.1,0.1,4,0.24770733961033287,0.035344293392556084,0.035344293392556084,0.035344293392556084,0.0,0.08741011038045851,0.00764052739672394,0.09856886345035609,0.00764052739672394,0.0,7.824328603503969,12.94382706226517,16.970936425314623,2.121367053164328,0.09886506230132219,0.12716003961586128,0.14560363151455935,0.27727901762189694,0.28275434714044867
random,15,20270942,8,16,1.0,0.1,0.1,4,0.2946534835114093,0.035344293392556084,0.035344293392556084,0.035344293392556084,0.0,0.10389373215376951,0.010793907580839202,0.11712587408892272,0.010793907580839202,0.0,8.64052414282747,13.507698866515064,17.88344183588826,2.2354302294860324,0.10389373215376951,0.1299002505350446,0.14946684139145808,0.27727901762189694,0.28275434714044867
random,16,20270943,8,16,1.0,0.1,0.1,4,0.2873348236408249,0.035344293392556084,0.035344293392556084,0.035344293392556084,0.0,0.10132666210114784,0.01026709245256019,0.11423689421673644,0.01026709245256019,0.0,8.661673487077895,12.739754448475239,15.298998737568468,1.9123748421960585,0.10402080438599501,0.12615365342783535,0.1382454377467228,0.27727901762189694,0.28275434714044867
random,17,20270944,8,16,1.0,0.1,0.1,4,0.3168817391030389,0.035344293392556084,0.035344293392556084,0.035344293392556084,0.0,0.11168397311168114,0.012473309850010716,0.12589058876542203,0.012473309850010716,0.0,9.984885834237053,14.299326358570916,15.170132362346088,1.896266545293261,0.11168397311168114,0.13365250185750244,0.13766197268554267,0.27727901762189694,0.28275434714044867
random,18,20270945,8,16,1.0,0.1,0.1,4,0.3212223554122045,0.035344293392556084,0.035344293392556084,0.035344293392556084,0.0,0.1132040316544168,0.0128151527828142,0.1276003493371416,0.012815152782814199,1.734723475976807e-18,10.309035944120826,14.593792216569367,14.987942596177351,1.873492824522169,0.11348235259535606,0.13502164130109293,0.13683283155891707,0.27727901762189694,0.28275434714044867
random,19,20270946,8,16,1.0,0.1,0.1,4,0.3521623646704412,0.035344293392556084,0.035344293392556084,0.035344293392556084,0.0,0.1240272122935749,0.015382749389315496,0.1397698357367263,0.015382749389315498,1.734723475976807e-18,12.313892488517235,15.365840557540476,16.869900343815768,2.108737542976971,0.12402721229357491,0.13854710799698336,0.14516956054873767,0.27727901762189694,0.28275434714044867
random,20,20270947,8,16,1.0,0.1,0.1,4,0.1863672941512987,0.035344293392556084,0.035344293392556084,0.035344293392556084,0.0,0.06581933559167785,0.004332184937729911,0.07424233439875194,0.004332184937729911,0.0,6.5226367745688965,12.208611099051407,20.018472070639096,2.502309008829887,0.09026739323156215,0.12349586984716598,0.15813746289664102,0.27727901762189694,0.28275434714044867
random,21,20270948,8,16,1.0,0.1,0.1,4,0.3330450967520823,0.035344293392556084,0.035344293392556084,0.035344293392556084,0.0,0.11734225496237984,0.013769204799656156,0.13225426014152886,0.013769204799656154,1.734723475976807e-18,12.069484115702364,15.295348982750927,17.530048271366585,2.191256033920823,0.12279018604026555,0.13822894673129915,0.14798267024759512,0.27727901762189694,0.28275434714044867
random,22,20270949,8,16,1.0,0.1,0.1,4,0.2729246164273216,0.035344293392556084,0.035344293392556084,0.035344293392556084,0.0,0.09626924650316654,0.009267767822287443,0.10854418054783399,0.009267767822287443,0.0,9.82703464311753,13.566428812080353,18.603348624943013,2.3254185781178767,0.11079764948313023,0.1301823400364498,0.1524455901918786,0.27727901762189694,0.28275434714044867
random,23,20270950,8,16,1.0,0.1,0.1,4,0.3211595871696284,0.035344293392556084,0.035344293392556084,0.035344293392556084,0.0,0.11318205340222848,0.0128101772123449,0.12757562927204713,0.012810177212344898,1.734723475976807e-18,10.4784050116597,15.454262153750687,17.96766173852244,2.245957717315305,0.11441076619152683,0.13894516572732055,0.14981837599053013,0.27727901762189694,0.28275434714044867
random,24,20270951,8,16,1.0,0.1,0.1,4,0.22907834546967776,0.035344293392556084,0.035344293392556084,0.035344293392556084,0.0,0.08085878901835775,0.0065381437615152915,0.0911896046388383,0.006538143761515293,1.734723475976807e-18,8.435720004960503,13.537966016323644,20.597728591895432,2.574716073986929,0.10265506487792517,0.13004570500392082,0.16040908785758007,0.27727901762189694,0.28275434714044867
random,25,20270952,8,16,1.0,0.1,0.1,4,0.24957712722088138,0.035344293392556084,0.035344293392556084,0.035344293392556084,0.0,0.08806735888060395,0.007755859700205091,0.0993090584666878,0.007755859700205092,8.673617379884035e-19,7.667624926907146,12.313881024333373,17.476279615857294,2.1845349519821617,0.09787003280806267,0.12402715455914619,0.14775554765722548,0.27727901762189694,0.28275434714044867
random,26,20270953,8,16,1.0,0.1,0.1,4,0.23230544950325527,0.035344293392556084,0.035344293392556084,0.035344293392556084,0.0,0.08199406311843353,0.0067230263866696624,0.09246849675237945,0.0067230263866696624,0.0,6.707378010933534,12.083570016568435,15.912756032083616,1.989094504010452,0.0915367934619991,0.12286181735535,0.14099119964653448,0.27727901762189694,0.28275434714044867
random,27,20270954,8,16,1.0,0.1,0.1,4,0.26720682139801566,0.035344293392556084,0.035344293392556084,0.035344293392556084,0.0,0.09426148024555948,0.008885226658084,0.10628381297575773,0.008885226658084,0.0,8.190969862719736,13.13667459334906,17.913837446433455,2.239229680804182,0.10115490990897243,0.12810380357188805,0.14959380820087895,0.27727901762189694,0.28275434714044867
random,28,20270955,8,16,1.0,0.1,0.1,4,0.22832089071660167,0.035344293392556084,0.035344293392556084,0.035344293392556084,0.0,0.08059229849500256,0.006495118576707592,0.09088939310914479,0.006495118576707593,1.734723475976807e-18,6.548354209282849,11.748192174933173,14.939506313567552,1.867438289195944,0.09044517118584598,0.12114481320558355,0.13661155245531917,0.27727901762189694,0.28275434714044867
random,29,20270956,8,16,1.0,0.1,0.1,4,0.3301806875235589,0.035344293392556084,0.035344293392556084,0.035344293392556084,0.0,0.11633992431146896,0.013534977988798326,0.13112712671284954,0.013534977988798326,0.0,10.834751289926995,14.591919240162255,14.998067231562947,1.8747584039453684,0.11633992431146896,0.1350129766421933,0.1368790403242451,0.27727901762189694,0.28275434714044867
random,30,20270957,8,16,1.0,0.1,0.1,4,0.3377887726533463,0.035344293392556084,0.035344293392556084,0.035344293392556084,0.0,0.11900179417231685,0.014161427016230464,0.13412028517092311,0.014161427016230466,1.734723475976807e-18,11.33622380164155,15.392327754740773,15.950628148517495,1.993828518564687,0.11900179417231685,0.13866646835599716,0.14115887838901467,0.27727901762189694,0.28275434714044867
random,31,20270958,8,16,1.0,0.1,0.1,4,0.2734761666781362,0.035344293392556084,0.035344293392556084,0.035344293392556084,0.0,0.09646288887418696,0.009305088929953742,0.10876217390881338,0.009305088929953742,0.0,7.711672613001408,13.290890109812104,18.436858881729826,2.3046073602162283,0.09815074391744714,0.12885353489321166,0.15176190498892222,0.27727901762189694,0.28275434714044867
random,32,20270959,8,16,1.0,0.1,0.1,4,0.2928862701480369,0.035344293392556084,0.035344293392556084,0.035344293392556084,0.0,0.10327396410060855,0.010665511661053782,0.11642842253372732,0.010665511661053784,1.734723475976807e-18,8.537743195664664,12.294806035533169,13.101713644751763,1.6377142055939704,0.10327396410060856,0.12393105433330952,0.12793322713705924,0.27727901762189694,0.28275434714044867
random,33,20270960,8,16,1.0,0.1,0.1,4,0.23018459933707924,0.035344293392556084,0.035344293392556084,0.035344293392556084,0.0,0.0812479797405425,0.006601234211919604,0.09162803668012875,0.006601234211919605,8.673617379884035e-19,8.533956160217862,12.760902431494996,19.15634550560251,2.3945431882003136,0.1032510572543175,0.1262583174962557,0.154694771149245,0.27727901762189694,0.28275434714044867
random,34,20270961,8,16,1.0,0.1,0.1,4,0.3326750242957537,0.035344293392556084,0.035344293392556084,0.035344293392556084,0.0,0.11721276712739565,0.01373883277766108,0.1321086532011151,0.01373883277766108,0.0,11.064476007144403,14.819704762314766,16.647821066444585,2.080977633305573,0.1175668086138327,0.1360626983458826,0.14421087212955286,0.27727901762189694,0.28275434714044867
random,35,20270962,8,16,1.0,0.1,0.1,4,0.2966616128553586,0.035344293392556084,0.035344293392556084,0.035344293392556084,0.0,0.10459791679688085,0.01094072419824721,0.11791829574607537,0.010940724198247211,1.734723475976807e-18,9.982053968013894,14.559072632033086,19.687556787235764,2.4609445984044704,0.1116681343477436,0.13486093301007396,0.15682497086564806,0.27727901762189694,0.28275434714044867
random,36,20270963,8,16,1.0,0.1,0.1,4,0.2441845616333406,0.035344293392556084,0.035344293392556084,0.035344293392556084,0.0,0.08617166491501005,0.007425555834224774,0.09717406483999724,0.007425555834224774,0.0,6.847512454448773,11.363160385605738,15.788059295402709,1.9735074119253386,0.09248807045920655,0.11914309342444135,0.1404376902247564,0.27727901762189694,0.28275434714044867
random,37,20270964,8,16,1.0,0.1,0.1,4,0.3029445417243039,0.035344293392556084,0.035344293392556084,0.035344293392556084,0.0,0.10680062173183652,0.011406372802306832,0.1203968169196854,0.01140637280230683,1.734723475976807e-18,10.363232142163195,14.61748187777271,16.5934134659451,2.0741766832431376,0.1137802587226204,0.13513118513617214,0.14397502779292842,0.27727901762189694,0.28275434714044867
random,38,20270965,8,16,1.0,0.1,0.1,4,0.25253122918218585,0.035344293392556084,0.035344293392556084,0.035344293392556084,0.0,0.0891056369875554,0.007939814542958001,0.10047832604592899,0.007939814542958001,0.0,8.361384649478067,12.368859402271799,14.71574130337083,1.8394676629213538,0.10220176711311947,0.1243037212093613,0.1355846036432726,0.27727901762189694,0.28275434714044867
random,39,20270966,8,16,1.0,0.1,0.1,4,0.2805424614807291,0.035344293392556084,0.035344293392556084,0.035344293392556084,0.0,0.09894328771261121,0.00978977418338056,0.11155430589279569,0.00978977418338045,1.0928757898653885e-16,8.387199872084778,12.938651359251306,16.13182764174913,2.016478455218641,0.1023594161255368,0.12713461404422396,0.14195839817159767,0.27727901762189694,0.28275434714044867
random,40,20270967,8,16,1.0,0.1,0.1,4,0.396536114930383,0.035344293392556084,0.035344293392556084,0.035344293392556084,0.0,0.13951060515002142,0.019463208949325184,0.15716465798294288,0.019463208949325184,0.0,15.580300791352977,17.703685791074868,16.989353114734946,2.1236691393418683,0.13951060515002142,0.14871375859494815,0.1456826138904623,0.27727901762189694,0.28275434714044867
random,41,20270968,8,16,1.0,0.1,0.1,4,0.3034985393365997,0.035344293392556084,0.035344293392556084,0.035344293392556084,0.0,0.10699480786864807,0.011447888910848915,0.12061530444655566,0.011447888910848915,0.0,10.546332863958266,13.751460664543036,17.158622440467013,2.1448278050583767,0.11478100970707586,0.1310671086772816,0.14640655197273564,0.27727901762189694,0.28275434714044867
random,42,20270969,8,16,1.0,0.1,0.1,4,0.2756358884354473,0.035344293392556084,0.035344293392556084,0.035344293392556084,0.0,0.09722108724164119,0.009451939804446807,0.10961569774456459,0.009451939804446809,1.734723475976807e-18,9.391812981261245,13.364994304466535,18.266593192910424,2.283324149113803,0.10831635116158649,0.12921225107553463,0.151059513634541,0.27727901762189694,0.28275434714044867
random,43,20270970,8,16,1.0,0.1,0.1,4,0.27003913694636544,0.035344293392556084,0.035344293392556084,0.035344293392556084,0.0,0.09525610198376751,0.009073724965141916,0.1074035974002927,0.009073724965141918,1.734723475976807e-18,7.263517779776054,12.608600479112766,14.369312692901923,1.7961640866127404,0.09525610198376751,0.12550260647829536,0.13397917568277035,0.27727901762189694,0.28275434714044867
random,44,20270971,8,16,1.0,0.1,0.1,4,0.2595985471031296,0.035344293392556084,0.035344293392556084,0.035344293392556084,0.0,0.09158899424131016,0.008388543866134746,0.10327476232500099,0.008388543866134747,1.734723475976807e-18,7.11997253852813,12.678526051642427,15.086039715444107,1.8857549644305134,0.09431015593025693,0.1258501354465283,0.1372798914082564,0.27727901762189694,0.28275434714044867
random,45,20270972,8,16,1.0,0.1,0.1,4,0.22814387676103107,0.035344293392556084,0.035344293392556084,0.035344293392556084,0.0,0.0805300195454257,0.006485084047986645,0.09081923307825446,0.0064850840479865335,1.1188966420050406e-16,6.7818845347404,13.260097809294445,20.38551309976735,2.548189137470919,0.09204379136089183,0.1287041845679208,0.1595806123137613,0.27727901762189694,0.28275434714044867
random,46,20270973,8,16,1.0,0.1,0.1,4,0.2908703815645511,0.035344293392556084,0.035344293392556084,0.035344293392556084,0.0,0.10256691129195948,0.010519971291972685,0.11563271820759002,0.010519971291972685,0.0,11.021754461060446,15.941978009972381,22.492191996953146,2.8115239996191432,0.11733961785067348,0.1411205974688637,0.16762361197212738,0.27727901762189694,0.28275434714044867
random,47,20270974,8,16,1.0,0.1,0.1,4,0.31184818142380455,0.035344293392556084,0.035344293392556084,0.035344293392556084,0.0,0.10992075959317743,0.012082573389541109,0.12390714408727743,0.012082573389541107,1.734723475976807e-18,10.440878216491074,13.979076943619887,17.81649614656486,2.2270620183206074,0.11420571015570206,0.13214737823627476,0.14918681859809002,0.27727901762189694,0.28275434714044867
random,48,20270975,8,16,1.0,0.1,0.1,4,0.2617013592275047,0.035344293392556084,0.035344293392556084,0.035344293392556084,0.0,0.09232772926975998,0.008524409592110094,0.10410656892053605,0.008524409592110094,0.0,7.495834852397128,13.159782459178333,18.592391110874008,2.324048888859251,0.09676745260574798,0.12821642358282745,0.1524006877719258,0.27727901762189694,0.28275434714044867
random,49,20270976,8,16,1.0,0.1,0.1,4,0.28053176139711067,0.035344293392556084,0.035344293392556084,0.035344293392556084,0.0,0.09893953247882335,0.009789031087128142,0.11155007896521374,0.009789031087128143,1.734723475976807e-18,8.576532575974554,12.426440926344991,13.882806239625069,1.7353507799531336,0.10350829964239865,0.12459272468630964,0.13169155772063262,0.27727901762189694,0.28275434714044867
aligned,0,20270927,9,16,1.0,0.1,0.1,4,0.8999999999999999,0.035344293392556084,0.035344293392556084,0.035344293392556084,0.0,0.31031100871030015,0.09629292212680397,0.34728955942415984,0.09629292212680396,1.3877787807814457e-17,77.08249419302211,77.08249419302211,77.1189080595805,8.568767562175612,0.31031100871030015,0.31031100871030015,0.31038429571020254,0.31031100871030015,0.31809864053300474
alternating,0,20270927,9,16,1.0,0.1,0.1,4,0.1,0.035344293392556084,0.035344293392556084,0.035344293392556084,0.0,0.035344293392556084,0.0012492190754190837,0.03987761167674497,0.0012492190754168687,2.2150250383878856e-15,25.0,40.99999999999999,81.00000000000175,9.000000000000194,0.1767214669627804,0.22631390167681353,0.3180986405330082,0.31031100871030015,0.31809864053300474
orthogonal,0,20270927,9,16,1.0,0.1,0.1,4,0.30000000000000004,0.035344293392556084,0.035344293392556084,0.035344293392556084,0.0,0.10576840449192237,0.011186955388766904,0.119235384740485,0.011186955388766908,3.469446951953614e-18,8.95515895401609,9.0,9.005624889909015,1.0006249877676683,0.10576840449192239,0.10603288017766825,0.10606600962864224,0.31031100871030015,0.31809864053300474
clustered,0,20270927,9,16,1.0,0.1,0.1,4,0.574456264653803,0.035344293392556084,0.035344293392556084,0.035344293392556084,0.0,0.20102437002146573,0.040410797342527165,0.22606235304360234,0.04041079734252717,6.938893903907228e-18,32.34884748215224,32.70192816116239,36.01935611396813,4.002150679329792,0.20102437002146575,0.20211846145740517,0.21212276337508423,0.31031100871030015,0.31809864053300474
random,0,20270927,9,16,1.0,0.1,0.1,4,0.35660575577248194,0.035344293392556084,0.035344293392556084,0.035344293392556084,0.0,0.12557979205519026,0.015770284172624827,0.14151488119598965,0.015770284172624827,0.0,13.116248344147946,18.156135239838452,22.611455503344246,2.5123839448160274,0.1280041703595769,0.15060209320422754,0.16806743152011172,0.31031100871030015,0.31809864053300474
random,1,20270928,9,16,1.0,0.1,0.1,4,0.40146360904249273,0.035344293392556084,0.035344293392556084,0.035344293392556084,0.0,0.14122691452962316,0.019945041387557486,0.1590917105684404,0.019945041387557483,3.469446951953614e-18,16.162411855099844,20.657373283537982,25.218187469252268,2.8020208299169185,0.14209290339130334,0.16064116768079156,0.17749095986580396,0.31031100871030015,0.31809864053300474
random,2,20270929,9,16,1.0,0.1,0.1,4,0.28449608470167526,0.035344293392556084,0.035344293392556084,0.035344293392556084,0.0,0.100330680936066,0.010066245537094676,0.11311591472786531,0.010066245537094787,1.1102230246251565e-16,10.456886176255704,16.804355293692048,23.497160293623146,2.6107955881803497,0.11429322674972803,0.14488727060373444,0.1713274667324942,0.31031100871030015,0.31809864053300474
random,3,20270930,9,16,1.0,0.1,0.1,4,0.3308187147319695,0.035344293392556084,0.035344293392556084,0.035344293392556084,0.0,0.11656320193676278,0.013586980045750539,0.13137821098664748,0.013586980045750542,3.469446951953614e-18,11.255689166407857,17.301222295192897,22.526116399774477,2.502901822197164,0.11857833534699591,0.14701366235564947,0.16774997556395926,0.31031100871030015,0.31809864053300474
random,4,20270931,9,16,1.0,0.1,0.1,4,0.3095538910747799,0.035344293392556084,0.035344293392556084,0.035344293392556084,0.0,0.10911691589508288,0.01190650133445459,0.12300283303994952,0.01190650133445459,0.0,10.765410121407111,15.507825355851832,19.633255850052592,2.1814728722280656,0.115967045656822,0.13918574371248604,0.15660854932113066,0.31031100871030015,0.31809864053300474
random,5,20270932,9,16,1.0,0.1,0.1,4,0.2577327636679147,0.035344293392556084,0.035344293392556084,0.035344293392556084,0.0,0.09093346596205759,0.008268895231872686,0.10253662177224654,0.008268895231872688,1.734723475976807e-18,8.658748814944532,15.230617455303978,21.470071969399182,2.385563552155465,0.10400324124223771,0.13793613687346978,0.16377064283562554,0.31031100871030015,0.31809864053300474
random,6,20270933,9,16,1.0,0.1,0.1,4,0.31792313073168466,0.035344293392556084,0.035344293392556084,0.035344293392556084,0.0,0.1120486983653515,0.012554910805369524,0.1263008448739833,0.012554910805369524,0.0,11.017339536191539,17.511400186485655,22.67274584000498,2.5191939822227756,0.11731611444716071,0.14790393892745107,0.16829505814331833,0.31031100871030015,0.31809864053300474
random,7,20270934,9,16,1.0,0.1,0.1,4,0.31005268043137946,0.035344293392556084,0.035344293392556084,0.035344293392556084,0.0,0.10929168438084647,0.011944672274802559,0.12319944815369066,0.01194467227480256,1.734723475976807e-18,9.850778349115293,16.60863118013736,21.610887356662865,2.401209706295874,0.11093142125403485,0.1440410319555777,0.16430682494247262,0.31031100871030015,0.31809864053300474
random,8,20270935,9,16,1.0,0.1,0.1,4,0.20156988919915772,0.035344293392556084,0.035344293392556084,0.035344293392556084,0.0,0.07117532730997884,0.005065927217682621,0.08027882154981492,0.0050659272176825105,1.1015494072452725e-16,6.9476668661297,13.137173529715248,20.646908180793247,2.2941009089770272,0.09316199857681427,0.12810623626666637,0.16060047181709416,0.31031100871030015,0.31809864053300474
random,9,20270936,9,16,1.0,0.1,0.1,4,0.2529169404820657,0.035344293392556084,0.035344293392556084,0.035344293392556084,0.0,0.08924119223667612,0.007963990391823382,0.10063097898066298,0.007963990391823385,3.469446951953614e-18,7.760280396580192,14.407845777267713,23.22480226132618,2.5805335845917976,0.09845958715132187,0.13415869625432084,0.17033163536960752,0.31031100871030015,0.31809864053300474
random,10,20270937,9,16,1.0,0.1,0.1,4,0.35670942980666986,0.035344293392556084,0.035344293392556084,0.035344293392556084,0.0,0.12561601164825484,0.015779382382414494,0.14155558870521157,0.015779382382414497,3.469446951953614e-18,13.075720450155206,17.09078873797752,20.139312657517024,2.2377014063907805,0.12780625732405002,0.14611686865464632,0.15861403953496447,0.31031100871030015,0.31809864053300474
random,11,20270938,9,16,1.0,0.1,0.1,4,0.31031129685421693,0.035344293392556084,0.035344293392556084,0.035344293392556084,0.0,0.10938229779219082,0.011964487070299512,0.12330138778915245,0.011964487070299514,1.734723475976807e-18,12.463434620634679,16.81716540315303,21.58563070299022,2.3984034114433577,0.12477804403554117,0.14494248451056935,0.1642107841438169,0.31031100871030015,0.31809864053300474
random,12,20270939,9,16,1.0,0.1,0.1,4,0.3202718410375052,0.035344293392556084,0.035344293392556084,0.035344293392556084,0.0,0.11287120087736198,0.0127399079874978,0.12722599420235747,0.0127399079874978,0.0,13.824471867114285,18.946952463930472,26.19541180890976,2.9106013121010843,0.1314145880942966,0.1538469838475898,0.18089723082498638,0.31031100871030015,0.31809864053300474
random,13,20270940,9,16,1.0,0.1,0.1,4,0.28514331832092854,0.035344293392556084,0.035344293392556084,0.035344293392556084,0.0,0.10055777837725886,0.01011186679216991,0.11337151850241756,0.010111866792169912,1.734723475976807e-18,10.507437169022293,15.882750560136081,21.656105106710495,2.4062339007456104,0.11456915355064007,0.14085820874143307,0.1644786296106074,0.31031100871030015,0.31809864053300474
random,14,20270941,9,16,1.0,0.1,0.1,4,0.2707783834101786,0.035344293392556084,0.035344293392556084,0.035344293392556084,0.0,0.09551567908565756,0.00912324495119432,0.10769583077872502,0.009123244951194322,1.734723475976807e-18,9.154574484602394,15.426399484230053,19.192066858551584,2.132451873172398,0.10693955803868901,0.1388198562912932,0.15483893572490431,0.31031100871030015,0.31809864053300474
random,15,20270942,9,16,1.0,0.1,0.1,4,0.3312575999323465,0.035344293392556084,0.035344293392556084,0.035344293392556084,0.0,0.11671678468262127,0.013622807826649375,0.13155091877098335,0.013622807826649375,0.0,11.287648614440812,17.03316728163783,23.06521333641485,2.5628014818238722,0.11874656191143915,0.1458703447689975,0.1697454107728986,0.31031100871030015,0.31809864053300474
random,16,20270943,9,16,1.0,0.1,0.1,4,0.2680525515327896,0.035344293392556084,0.035344293392556084,0.035344293392556084,0.0,0.09455848940201082,0.008941307917990193,0.106618203175046,0.008941307917990193,0.0,8.661673487077895,14.808165627620943,22.078168002021535,2.453129778002393,0.10402080438599501,0.13600971646904234,0.16607368430438502,0.31031100871030015,0.31809864053300474
random,17,20270944,9,16,1.0,0.1,0.1,4,0.3347198605948076,0.035344293392556084,0.035344293392556084,0.035344293392556084,0.0,0.11792821499921126,0.013907063892900196,0.13291314855598024,0.013907063892900196,0.0,11.132606094919502,16.878182443937852,18.022483620794112,2.0024981800882347,0.11792821499921126,0.14520519091055475,0.1500467604632769,0.31031100871030015,0.31809864053300474
random,18,20270945,9,16,1.0,0.1,0.1,4,0.34636170823196766,0.035344293392556084,0.035344293392556084,0.035344293392556084,0.0,0.12199970070868343,0.014883926973008332,0.13749072754853198,0.014883926973008334,1.734723475976807e-18,11.914585092302666,17.12594479745559,17.292265649455114,1.9213628499394573,0.12199970070868343,0.14626707396251465,0.14697560378006103,0.31031100871030015,0.31809864053300474
random,19,20270946,9,16,1.0,0.1,0.1,4,0.32266232297473046,0.035344293392556084,0.035344293392556084,0.035344293392556084,0.0,0.11370821233070724,0.012929557551445203,0.1281674186001951,0.012929557551445203,0.0,12.313892488517235,16.86628397951246,20.028269692776373,2.2253632991973746,0.12402721229357491,0.14515399987131689,0.15817615669832844,0.31031100871030015,0.31809864053300474
random,20,20270947,9,16,1.0,0.1,0.1,4,0.21508757850222904,0.035344293392556084,0.035344293392556084,0.035344293392556084,0.0,0.07593513618195263,0.005766144906971692,0.08564241206383261,0.005766144906971695,2.6020852139652106e-18,9.053239868626276,14.86917948762324,24.43360186275015,2.7148446514166835,0.10634603865792323,0.1362896278216692,0.17470810378497828,0.31031100871030015,0.31809864053300474
random,21,20270948,9,16,1.0,0.1,0.1,4,0.34485514500939174,0.035344293392556084,0.035344293392556084,0.035344293392556084,0.0,0.12147298397030616,0.014755685834650258,0.13689860292822353,0.014755685834650258,0.0,12.929402536270187,17.76198488251191,19.968932269432905,2.218770252159212,0.12708916665900596,0.14895841813250862,0.15794166995041958,0.31031100871030015,0.31809864053300474
random,22,20270949,9,16,1.0,0.1,0.1,4,0.28759034320343113,0.035344293392556084,0.035344293392556084,0.035344293392556084,0.0,0.1014163045504159,0.010285266828662711,0.11433778424521623,0.01028526682866271,1.734723475976807e-18,11.260387738631385,16.015342676193736,20.95279422536251,2.3280882472625013,0.11860308242079329,0.1414449418341799,0.16178575409983928,0.31031100871030015,0.31809864053300474
random,23,20270950,9,16,1.0,0.1,0.1,4,0.31655907368237335,0.035344293392556084,0.035344293392556084,0.035344293392556084,0.0,0.11157096182937813,0.012448079523532551,0.12576346788783854,0.012448079523532553,1.734723475976807e-18,10.812346017075669,18.2735896136087,22.011029834582462,2.4456699816202736,0.11621957190836006,0.15108844006640623,0.1658209828066972,0.31031100871030015,0.31809864053300474
random,24,20270951,9,16,1.0,0.1,0.1,4,0.2999807252457831,0.035344293392556084,0.035344293392556084,0.035344293392556084,0.0,0.1057616471081255,0.01118552599902367,0.11922778124284239,0.011185525999023671,1.734723475976807e-18,11.403205001551708,17.886412809373596,23.18157303666318,2.57573033740702,0.1193528433211907,0.14947925632772507,0.17017303909732687,0.31031100871030015,0.31809864053300474
random,25,20270952,9,16,1.0,0.1,0.1,4,0.23082283648761753,0.035344293392556084,0.035344293392556084,0.035344293392556084,0.0,0.08147250924219417,0.006637769762219413,0.09188097101035142,0.006637769762219414,8.673617379884035e-19,7.883245682227472,14.127737126403357,20.933640856240064,2.325960095137785,0.09923659044149837,0.13284817917762165,0.16171179139316763,0.31031100871030015,0.31809864053300474
random,26,20270953,9,16,1.0,0.1,0.1,4,0.23722611941642635,0.035344293392556084,0.035344293392556084,0.035344293392556084,0.0,0.08372481461729145,0.00700984458269982,0.09441808175119637,0.007009844582699821,8.673617379884035e-19,7.613256666225898,14.06615473491328,18.705090972315823,2.0783434413684247,0.09752243564180958,0.13255832230625933,0.15286188684582633,0.31031100871030015,0.31809864053300474
random,27,20270954,9,16,1.0,0.1,0.1,4,0.27133717127827167,0.035344293392556084,0.035344293392556084,0.035344293392556084,0.0,0.09571188395324985,0.009160764729880366,0.10791671691323379,0.009160764729880368,1.734723475976807e-18,9.332937256377699,15.272867692513438,20.728323618041262,2.3031470686712514,0.10797630874574508,0.13812732408122452,0.16091680230826444,0.31031100871030015,0.31809864053300474
random,28,20270955,9,16,1.0,0.1,0.1,4,0.26827381121267163,0.035344293392556084,0.035344293392556084,0.035344293392556084,0.0,0.0946361907710586,0.008956008603656198,0.10670568311974238,0.008956008603656198,0.0,8.803599092635844,14.324252945296976,17.1343440363978,1.9038160040442,0.10486955668287548,0.13376894266006956,0.14630293713750706,0.31031100871030015,0.31809864053300474
random,29,20270956,9,16,1.0,0.1,0.1,4,0.32967896072815,0.035344293392556084,0.035344293392556084,0.035344293392556084,0.0,0.11616433881633265,0.013494153612635727,0.130929671755865,0.013494153612635729,1.734723475976807e-18,10.834751289926995,16.24710023326797,17.076355141138194,1.8973727934597995,0.11633992431146896,0.14246468871844767,0.14605515595466176,0.31031100871030015,0.31809864053300474
random,30,20270957,9,16,1.0,0.1,0.1,4,0.35802736280255504,0.035344293392556084,0.035344293392556084,0.035344293392556084,0.0,0.1260764231997058,0.015895264486831314,0.14207304098297002,0.01589526448683132,6.938893903907228e-18,12.724160877465653,18.32319561325331,20.18031389957132,2.242257099952369,0.12607642319970583,0.15129337554140074,0.1587754170874363,0.31031100871030015,0.31809864053300474
random,31,20270958,9,16,1.0,0.1,0.1,4,0.3305505297816154,0.035344293392556084,0.035344293392556084,0.035344293392556084,0.0,0.11646935168816928,0.013565109882662461,0.1312726731761662,0.013565109882662463,1.734723475976807e-18,11.882652043751818,17.520654870748807,21.18631055293139,2.3540345058812653,0.12183610138059381,0.14794301699767273,0.16268479732437977,0.31031100871030015,0.31809864053300474
random,32,20270959,9,16,1.0,0.1,0.1,4,0.3199943274085433,0.035344293392556084,0.035344293392556084,0.035344293392556084,0.0,0.11277402350709285,0.012717980377978331,0.12711669152805571,0.012717980377978333,1.734723475976807e-18,10.994257143914023,15.300549210043702,17.309017025969528,1.9232241139966142,0.11719315570561248,0.13825244279062482,0.14704677570621816,0.31031100871030015,0.31809864053300474
random,33,20270960,9,16,1.0,0.1,0.1,4,0.2715593939227646,0.035344293392556084,0.035344293392556084,0.035344293392556084,0.0,0.09578991051881625,0.009175706957202823,0.1080045581210145,0.009175706957202824,1.734723475976807e-18,11.235738288032685,16.06203835388748,21.64830893166184,2.405367659073538,0.11847319779522704,0.14165099612000326,0.16444902087880395,0.31031100871030015,0.31809864053300474
random,34,20270961,9,16,1.0,0.1,0.1,4,0.3912119513666993,0.035344293392556084,0.035344293392556084,0.035344293392556084,0.0,0.1376554232874976,0.01894901556046014,0.1550814172816013,0.018949015560460136,3.469446951953614e-18,15.168688930004683,19.444085062630368,20.407042127522967,2.2674491252803297,0.1376554232874976,0.155852244014352,0.15966485617875506,0.31031100871030015,0.31809864053300474
random,35,20270962,9,16,1.0,0.1,0.1,4,0.3259063792713174,0.035344293392556084,0.035344293392556084,0.035344293392556084,0.0,0.11484390330862367,0.013189122127160502,0.1294447088066708,0.013189122127160504,1.734723475976807e-18,11.456939391659356,17.544715406607608,22.177958877043217,2.464217653004802,0.1196337211407435,0.1480445647726836,0.16644857849516884,0.31031100871030015,0.31809864053300474
random,36,20270963,9,16,1.0,0.1,0.1,4,0.2843191884846845,0.035344293392556084,0.035344293392556084,0.035344293392556084,0.0,0.10026861128909684,0.010053794409843997,0.11304605329711426,0.010053794409843997,0.0,9.098385553508628,14.197837725102765,18.805498964093978,2.0894998848993307,0.10661086618614632,0.13317736187469348,0.15327161520881813,0.31031100871030015,0.31809864053300474
random,37,20270964,9,16,1.0,0.1,0.1,4,0.31110494447024467,0.035344293392556084,0.035344293392556084,0.035344293392556084,0.0,0.10966036564623072,0.012025395793665019,0.12361420954949587,0.012025395793665017,1.734723475976807e-18,11.437874715246785,16.682827962728332,18.71350390449667,2.079278211610741,0.11953414272307265,0.14436241520207094,0.15289625909559312,0.31031100871030015,0.31809864053300474
random,38,20270965,9,16,1.0,0.1,0.1,4,0.28325405978839435,0.035344293392556084,0.035344293392556084,0.035344293392556084,0.0,0.09989486474445358,0.009978984002312676,0.11262538462924443,0.009978984002312674,1.734723475976807e-18,9.95511560751656,14.84790817042198,16.793922693482312,1.8659914103869235,0.11151735432170155,0.13619210739452564,0.14484228864462043,0.31031100871030015,0.31809864053300474
random,39,20270966,9,16,1.0,0.1,0.1,4,0.2841164034616821,0.035344293392556084,0.035344293392556084,0.035344293392556084,0.0,0.10019745701313802,0.010039530391899643,0.11296596654770008,0.010039530391899532,1.1102230246251565e-16,8.387199872084778,15.56596643434623,20.898742533967393,2.322082503774155,0.1023594161255368,0.13944641335336844,0.16157694088484353,0.31031100871030015,0.31809864053300474
random,40,20270967,9,16,1.0,0.1,0.1,4,0.3967984075907013,0.035344293392556084,0.035344293392556084,0.035344293392556084,0.0,0.13960198097880708,0.019488713093207214,0.15726725965772914,0.01948871309320721,3.469446951953614e-18,15.60071686118722,19.318338921698874,20.029604009712457,2.2255115566347174,0.13960198097880705,0.15534747338272728,0.15818142559107046,0.31031100871030015,0.31809864053300474
random,41,20270968,9,16,1.0,0.1,0.1,4,0.3470626511007036,0.035344293392556084,0.035344293392556084,0.035344293392556084,0.0,0.12224474311446322,0.014943777219121103,0.13776619285158764,0.014943777219121102,1.734723475976807e-18,13.201613959375134,16.975396112034165,19.30386258520815,2.1448736205786836,0.12842004510344276,0.14562276139377398,0.15528925710013158,0.31031100871030015,0.31809864053300474
random,42,20270969,9,16,1.0,0.1,0.1,4,0.2264688586702646,0.035344293392556084,0.035344293392556084,0.035344293392556084,0.0,0.07994067340207255,0.006390511263976829,0.09015529946827638,0.006390511263976829,0.0,9.391812981261245,14.616596043613594,20.84922826718204,2.316580918575782,0.10831635116158649,0.13512709053101532,0.1613854195989544,0.31031100871030015,0.31809864053300474
random,43,20270970,9,16,1.0,0.1,0.1,4,0.26922133388261343,0.035344293392556084,0.035344293392556084,0.035344293392556084,0.0,0.09496892939509477,0.009019097550450496,0.10708029262463148,0.009019097550450496,0.0,7.613104333215714,14.918677297908351,17.7838933768115,1.9759881529790553,0.09752145997783643,0.13651628569723373,0.1490502560934802,0.31031100871030015,0.31809864053300474
random,44,20270971,9,16,1.0,0.1,0.1,4,0.2929668905650989,0.035344293392556084,0.035344293392556084,0.035344293392556084,0.0,0.1033022392824318,0.010671352640764797,0.116460242299119,0.010671352640764797,0.0,9.231631998888862,15.615441508450399,19.28577645488762,2.142864050543069,0.10738869023440584,0.13966784670584417,0.15521649342680643,0.31031100871030015,0.31809864053300474
random,45,20270972,9,16,1.0,0.1,0.1,4,0.23851008634057802,0.035344293392556084,0.035344293392556084,0.035344293392556084,0.0,0.08417636339754912,0.007085660154836248,0.09492670040011686,0.0070856601548361375,1.1015494072452725e-16,8.173384079278211,15.667416988121165,23.675690532530396,2.6306322813922662,0.10104626317959998,0.13990009350999721,0.17197710381604867,0.31031100871030015,0.31809864053300474
random,46,20270973,9,16,1.0,0.1,0.1,4,0.30195073292419056,0.035344293392556084,0.035344293392556084,0.035344293392556084,0.0,0.10645225853986633,0.011332083348238544,0.12000485214736578,0.011332083348238542,1.734723475976807e-18,11.81195150179068,17.644891615977407,25.317751088030693,2.8130834542256324,0.12147310457036163,0.14846661304947062,0.17784098966739978,0.31031100871030015,0.31809864053300474
random,47,20270974,9,16,1.0,0.1,0.1,4,0.35988169975090034,0.035344293392556084,0.035344293392556084,0.035344293392556084,0.0,0.12672415500903533,0.016059011462754014,0.1428009949823894,0.016059011462754014,0.0,14.838790666171018,18.723309423301828,25.35060871699181,2.816734301887979,0.13615028592085837,0.1529363112101326,0.17795635415109928,0.31031100871030015,0.31809864053300474
random,48,20270975,9,16,1.0,0.1,0.1,4,0.2948396341181355,0.035344293392556084,0.035344293392556084,0.035344293392556084,0.0,0.10395901231956559,0.010807476242459589,0.11719933534098281,0.01080747624245959,1.734723475976807e-18,9.630038319859572,16.069229978074027,22.156098564127923,2.461788729347547,0.10968148233036114,0.14168270401113278,0.16636652596954102,0.31031100871030015,0.31809864053300474
random,49,20270976,9,16,1.0,0.1,0.1,4,0.32579551621246405,0.035344293392556084,0.035344293392556084,0.035344293392556084,0.0,0.11480509567273366,0.013180209992425529,0.12940106397605167,0.01318020999242553,1.734723475976807e-18,12.141139066393226,16.49680415390062,19.554797468922775,2.1727552743247527,0.12315414129883843,0.1435552939898262,0.15629531667370955,0.31031100871030015,0.31809864053300474
aligned,0,20270927,10,16,1.0,0.1,0.1,4,0.9999999999999999,0.035344293392556084,0.035344293392556084,0.035344293392556084,0.0,0.34278724803499405,0.11750309741540453,0.382924922548026,0.11750309741540454,1.3877787807814457e-17,94.06124172094076,94.06124172094076,94.1294837822787,9.41294837822787,0.34278724803499405,0.34278724803499405,0.3429115727125199,0.34278724803499405,0.3534429339255608
alternating,0,20270927,10,16,1.0,0.1,0.1,4,0.0,0.035344293392556084,0.035344293392556084,0.035344293392556084,0.0,0.0,0.0,0.0,-2.7694282515757895e-15,2.7694282515757895e-15,25.0,49.999999999999986,100.00000000000225,10.000000000000224,0.1767214669627804,0.2499218953412329,0.3534429339255648,0.34278724803499405,0.3534429339255608
orthogonal,0,20270927,10,16,1.0,0.1,0.1,4,0.31622776601683794,0.035344293392556084,0.035344293392556084,0.035344293392556084,0.0,0.1114549214082472,0.01242219950611856,0.12563293883710824,0.01242219950611856,0.0,9.943971998627386,10.0,10.00624990114579,1.000624990114579,0.1114549214082472,0.11176846940971696,0.11180339104840085,0.34278724803499405,0.3534429339255608
clustered,0,20270927,10,16,1.0,0.1,0.1,4,0.6000000000000001,0.035344293392556084,0.035344293392556084,0.035344293392556084,0.0,0.2097677719929831,0.044002518166900144,0.23582284437790535,0.04400251816690015,6.938893903907228e-18,35.2240203762005,35.69443908695376,40.02150688949183,4.002150688949183,0.2097677719929831,0.2111638562676084,0.22359702554678468,0.34278724803499405,0.3534429339255608
random,0,20270927,10,16,1.0,0.1,0.1,4,0.3560770616039304,0.035344293392556084,0.035344293392556084,0.035344293392556084,0.0,0.1253950833880023,0.015723926937884047,0.1413072840927918,0.015723926937884047,0.0,13.424300683266274,19.9376452307077,25.160982583749547,2.5160982583749547,0.12949861963626358,0.15781789106795963,0.17728953550592677,0.34278724803499405,0.3534429339255608
random,1,20270928,10,16,1.0,0.1,0.1,4,0.4294795948060396,0.035344293392556084,0.035344293392556084,0.035344293392556084,0.0,0.1509729056272643,0.022792818233538847,0.17002980753005414,0.022792818233538847,0.0,18.24565337020041,23.67476359888531,28.208761716909127,2.8208761716909128,0.1509729056272643,0.1719737372210213,0.1877203324914871,0.34278724803499405,0.3534429339255608
random,2,20270929,10,16,1.0,0.1,0.1,4,0.33665410044285426,0.035344293392556084,0.035344293392556084,0.035344293392556084,0.0,0.11860488280238564,0.014067118224567632,0.1336740055298402,0.014067118224567743,1.1102230246251565e-16,14.741260012735758,21.29714093728223,28.57549629908966,2.857549629908966,0.13570211200870116,0.1631097627695584,0.18893664299545027,0.34278724803499405,0.3534429339255608
random,3,20270930,10,16,1.0,0.1,0.1,4,0.3250352985515093,0.035344293392556084,0.035344293392556084,0.035344293392556084,0.0,0.11453897424792665,0.013119176621767205,0.12910176908328563,0.013119176621767092,1.1275702593849246e-16,11.255689166407857,19.6211286560411,26.24016747533261,2.6240167475332608,0.11857833534699591,0.15656017436876643,0.18105169911485755,0.34278724803499405,0.3534429339255608
random,4,20270931,10,16,1.0,0.1,0.1,4,0.28757446238562656,0.035344293392556084,0.035344293392556084,0.035344293392556084,0.0,0.10141073321102584,0.01028413681039786,0.11433151387458018,0.010284136810397861,1.734723475976807e-18,10.765410121407111,17.07194783089733,22.66301155597352,2.266301155597352,0.115967045656822,0.1460363067354019,0.16825892648583388,0.34278724803499405,0.3534429339255608
random,5,20270932,10,16,1.0,0.1,0.1,4,0.2503757880230134,0.035344293392556084,0.035344293392556084,0.035344293392556084,0.0,0.08834807839720449,0.00780538295647859,0.09962519897433575,0.00780538295647859,0.0,9.763658230711862,18.06170418069754,27.573932696309917,2.7573932696309917,0.110439794040363,0.1502099377441585,0.1855960201851115,0.34278724803499405,0.3534429339255608
random,6,20270933,10,16,1.0,0.1,0.1,4,0.39064872935537975,0.035344293392556084,0.035344293392556084,0.035344293392556084,0.0,0.1374591284065358,0.018895011982284497,0.15486097585206426,0.018895011982284493,3.469446951953614e-18,15.86708984276365,22.58665183903348,25.502943489783434,2.550294348978343,0.14078874707507252,0.16797522533745907,0.1784902335893267,0.34278724803499405,0.3534429339255608
random,7,20270934,10,16,1.0,0.1,0.1,4,0.30524981151936764,0.035344293392556084,0.035344293392556084,0.035344293392556084,0.0,0.10760861995618223,0.01157961508887406,0.12130591684997372,0.011579615088874064,3.469446951953614e-18,9.850778349115293,18.97217294809785,25.40576878264933,2.540576878264933,0.11093142125403485,0.1539493434507395,0.17814985542787345,0.34278724803499405,0.3534429339255608
random,8,20270935,10,16,1.0,0.1,0.1,4,0.21288550972522413,0.035344293392556084,0.035344293392556084,0.035344293392556084,0.0,0.07515992287628194,0.005649014006768649,0.08476892773617695,0.0056490140067685405,1.0842021724855044e-16,9.190757401202443,16.381704983381027,24.583123426809877,2.458312342680988,0.1071506857800323,0.14305362055232101,0.17524185207350626,0.34278724803499405,0.3534429339255608
random,9,20270936,10,16,1.0,0.1,0.1,4,0.2166405451642415,0.035344293392556084,0.035344293392556084,0.035344293392556084,0.0,0.07648179909377573,0.005849465592620674,0.08625835796469716,0.005849465592620674,0.0,7.760280396580192,16.603667069934218,26.865804036408846,2.6865804036408845,0.09845958715132187,0.14401950432378774,0.1831973659165244,0.34278724803499405,0.3534429339255608
random,10,20270937,10,16,1.0,0.1,0.1,4,0.3350145477254383,0.035344293392556084,0.035344293392556084,0.035344293392556084,0.0,0.11803131264953283,0.013931390765771769,0.13302907532379038,0.013931390765771767,1.734723475976807e-18,13.075720450155206,18.839062898934976,23.326469301213557,2.3326469301213555,0.12780625732405002,0.15340833333417553,0.1707040433418425,0.34278724803499405,0.3534429339255608
random,11,20270938,10,16,1.0,0.1,0.1,4,0.324053682858251,0.035344293392556084,0.035344293392556084,0.035344293392556084,0.0,0.11419533208721774,0.013040573870509942,0.1287152832564118,0.013040573870509943,1.734723475976807e-18,13.795278759584424,18.592495557641012,24.142238704929987,2.414223870492999,0.13127576081362688,0.152401115843191,0.17366330963539608,0.34278724803499405,0.3534429339255608
random,12,20270939,10,16,1.0,0.1,0.1,4,0.3279586871317456,0.035344293392556084,0.035344293392556084,0.035344293392556084,0.0,0.11556226647565772,0.013354637432990923,0.1302525948704636,0.013354637432990923,0.0,14.062919483600181,21.523335106658234,29.32100008510333,2.932100008510333,0.13254307705420165,0.16397365880492729,0.19138535110262658,0.34278724803499405,0.3534429339255608
random,13,20270940,10,16,1.0,0.1,0.1,4,0.2631533075548242,0.035344293392556084,0.035344293392556084,0.035344293392556084,0.0,0.0928377660757019,0.008618850809926748,0.10468084746031403,0.00861885080992675,1.734723475976807e-18,11.25874050710579,17.60861551417714,25.01391221605486,2.501391221605486,0.11859440714751299,0.14831391840292837,0.17677063186840222,0.34278724803499405,0.3534429339255608
random,14,20270941,10,16,1.0,0.1,0.1,4,0.2986210234197144,0.035344293392556084,0.035344293392556084,0.035344293392556084,0.0,0.10528494151656922,0.011084918910147403,0.11869137889391834,0.011084918910147403,0.0,10.681805071065144,18.25981018835588,21.92937153845056,2.192937153845056,0.11551586321662873,0.1510314642742561,0.16551310896054358,0.34278724803499405,0.3534429339255608
random,15,20270942,10,16,1.0,0.1,0.1,4,0.32821848296226536,0.035344293392556084,0.035344293392556084,0.035344293392556084,0.0,0.11565319557397631,0.013375661646472414,0.13035485320024454,0.013375661646472416,1.734723475976807e-18,12.687258338453255,19.702275040500147,27.394383054605235,2.7394383054605234,0.1258934673887634,0.15688358043385572,0.18499077239459857,0.34278724803499405,0.3534429339255608
random,16,20270943,10,16,1.0,0.1,0.1,4,0.3199920838578117,0.035344293392556084,0.035344293392556084,0.035344293392556084,0.0,0.11277323787291466,0.012717803180340992,0.12711580786392473,0.012717803180340994,1.734723475976807e-18,11.272855285172637,18.48249936287246,24.661667996910257,2.4661667996910257,0.11866872316106081,0.15194963233098438,0.17552158298452253,0.34278724803499405,0.3534429339255608
random,17,20270944,10,16,1.0,0.1,0.1,4,0.34647206561952115,0.035344293392556084,0.035344293392556084,0.035344293392556084,0.0,0.1220382812555176,0.014893342091800819,0.13753409828597607,0.01489334209180082,1.734723475976807e-18,12.323426211205591,18.86334512205865,20.249923496444797,2.0249923496444797,0.12407521548463073,0.15350716775671808,0.159049019825763,0.34278724803499405,0.3534429339255608
random,18,20270945,10,16,1.0,0.1,0.1,4,0.3571247986943288,0.035344293392556084,0.035344293392556084,0.035344293392556084,0.0,0.12576112253122929,0.015815859940314866,0.14171867912148484,0.01581585994031487,3.469446951953614e-18,13.03763574233735,19.499273053303707,20.85300003558503,2.085300003558503,0.12761999556375742,0.15607326438244415,0.16140001680349245,0.34278724803499405,0.3534429339255608
random,19,20270946,10,16,1.0,0.1,0.1,4,0.3375039087766639,0.035344293392556084,0.035344293392556084,0.035344293392556084,0.0,0.1189021507073521,0.014137721442833873,0.13400824894384566,0.014137721442833873,0.0,13.429365646775784,19.449012192888105,22.966135816932205,2.2966135816932205,0.12952304712571444,0.15587198923929266,0.16938044441781688,0.34278724803499405,0.3534429339255608
random,20,20270947,10,16,1.0,0.1,0.1,4,0.2318399311573904,0.035344293392556084,0.035344293392556084,0.035344293392556084,0.0,0.08183030660870907,0.006696199079675336,0.09228402787648604,0.006696199079675337,1.734723475976807e-18,10.639790348923988,17.216842056877802,27.486081216839324,2.748608121683932,0.11528846023056998,0.14665472210579952,0.18530012672579008,0.34278724803499405,0.3534429339255608
random,21,20270948,10,16,1.0,0.1,0.1,4,0.3558423147901112,0.035344293392556084,0.035344293392556084,0.035344293392556084,0.0,0.12531306834033218,0.015703365096868763,0.1412151052531616,0.01570336509686876,3.469446951953614e-18,13.0745866178875,20.437547797436864,23.44195577289127,2.3441955772891268,0.12780071598502157,0.15978414991277268,0.17112608894211975,0.34278724803499405,0.3534429339255608
random,22,20270949,10,16,1.0,0.1,0.1,4,0.28383611671117975,0.035344293392556084,0.035344293392556084,0.035344293392556084,0.0,0.10009910725714848,0.010019831273678115,0.11285526981332339,0.010019831273678117,1.734723475976807e-18,11.260387738631385,18.248831634708463,26.32549484439586,2.632549484439586,0.11860308242079329,0.15098605426392542,0.18134583074740385,0.34278724803499405,0.3534429339255608
random,23,20270950,10,16,1.0,0.1,0.1,4,0.37152212731014805,0.035344293392556084,0.035344293392556084,0.035344293392556084,0.0,0.13078836190490553,0.017105595609768546,0.1473678602837185,0.017105595609768542,3.469446951953614e-18,14.995636150732873,22.914720962034664,25.99731148933808,2.599731148933808,0.1368679463115433,0.1691907400943658,0.18021192364017657,0.34278724803499405,0.3534429339255608
random,24,20270951,10,16,1.0,0.1,0.1,4,0.3195815725641809,0.035344293392556084,0.035344293392556084,0.035344293392556084,0.0,0.11262948551965064,0.012685401008421193,0.12695411769709297,0.012685401008421193,0.0,13.148323399176528,20.527829595784326,26.056688754610967,2.6056688754610966,0.1281605883258594,0.16013668008300344,0.1804176062210059,0.34278724803499405,0.3534429339255608
random,25,20270952,10,16,1.0,0.1,0.1,4,0.23426356438147025,0.035344293392556084,0.035344293392556084,0.035344293392556084,0.0,0.08268283745704796,0.006836451609948614,0.09324437546695963,0.006836451609948614,0.0,9.397733442115344,16.206102507168374,24.636359267967176,2.4636359267967176,0.10835048630068225,0.1422848283906326,0.17543149644924746,0.34278724803499405,0.3534429339255608
random,26,20270953,10,16,1.0,0.1,0.1,4,0.24098871414639914,0.035344293392556084,0.035344293392556084,0.035344293392556084,0.0,0.08504798009415206,0.007233158918095285,0.09590845051824282,0.007233158918095285,0.0,9.120073043137362,16.654575111424414,22.28211705550235,2.228211705550235,0.10673785277352438,0.14424012244237486,0.16683898125574384,0.34278724803499405,0.3534429339255608
random,27,20270954,10,16,1.0,0.1,0.1,4,0.30901030193244766,0.035344293392556084,0.035344293392556084,0.035344293392556084,0.0,0.10892644445516135,0.011864970301643352,0.12278854989551347,0.011864970301643352,0.0,11.683889143176657,18.430983143627987,23.052532614225683,2.3052532614225685,0.12081281882622477,0.15173772016788598,0.16969874330239243,0.34278724803499405,0.3534429339255608
random,28,20270955,10,16,1.0,0.1,0.1,4,0.3021024977427699,0.035344293392556084,0.035344293392556084,0.035344293392556084,0.0,0.10650545845039609,0.011343412679729048,0.12006471110168215,0.011343412679729048,0.0,10.31020805930189,17.590710089995888,21.01832265912039,2.101832265912039,0.11348880376151425,0.14823849228385255,0.16203854356012443,0.34278724803499405,0.3534429339255608
random,29,20270956,10,16,1.0,0.1,0.1,4,0.34189678827866704,0.035344293392556084,0.035344293392556084,0.035344293392556084,0.0,0.12043854956814193,0.01450544422207778,0.1357356563335721,0.014505444222077779,1.734723475976807e-18,11.707401487988614,18.664219748211163,20.497418679083104,2.0497418679083106,0.12093431796799922,0.1526947914543222,0.16001801901899065,0.34278724803499405,0.3534429339255608
random,30,20270957,10,16,1.0,0.1,0.1,4,0.3442044393545895,0.035344293392556084,0.035344293392556084,0.035344293392556084,0.0,0.12124547177600718,0.014700464426186555,0.13664283224814033,0.014700464426186555,0.0,12.724160877465653,19.913255450713162,22.700293214941183,2.2700293214941185,0.12607642319970583,0.1577213319837362,0.16839726631305782,0.34278724803499405,0.3534429339255608
random,31,20270958,10,16,1.0,0.1,0.1,4,0.358706128245347,0.035344293392556084,0.035344293392556084,0.035344293392556084,0.0,0.12631352971554577,0.015955107789200063,0.14233951686602664,0.015955107789200063,0.0,13.40034414018918,19.839012141575207,23.682796458147557,2.3682796458147557,0.1293830186581866,0.15742703835341168,0.17200291013464117,0.34278724803499405,0.3534429339255608
random,32,20270959,10,16,1.0,0.1,0.1,4,0.31073759287265673,0.035344293392556084,0.035344293392556084,0.035344293392556084,0.0,0.10953165940553566,0.01199718441213027,0.1234694177446447,0.011997184412130268,1.734723475976807e-18,10.994257143914023,17.13557562609814,19.459103043065397,1.9459103043065396,0.11719315570561248,0.14630819505553375,0.15591242000540828,0.34278724803499405,0.3534429339255608
random,33,20270960,10,16,1.0,0.1,0.1,4,0.3054596877162313,0.035344293392556084,0.035344293392556084,0.035344293392556084,0.0,0.1076821763830446,0.011595451110589128,0.12138867513199392,0.01159545111058913,1.734723475976807e-18,13.215524808678294,18.784879812180225,24.251792053578537,2.425179205357854,0.12848768689129345,0.1531875653923333,0.17405689083293213,0.34278724803499405,0.3534429339255608
random,34,20270961,10,16,1.0,0.1,0.1,4,0.4294230347657941,0.035344293392556084,0.035344293392556084,0.035344293392556084,0.0,0.15095325163031648,0.022786884177765643,0.17000775757318287,0.022786884177765643,0.0,18.240903157935836,22.89233991976368,24.560829022699252,2.4560829022699253,0.15095325163031648,0.16910809474636795,0.17516237074001528,0.34278724803499405,0.3534429339255608
random,35,20270962,10,16,1.0,0.1,0.1,4,0.36154432928473307,0.035344293392556084,0.035344293392556084,0.035344293392556084,0.0,0.1273048532281259,0.016206525655434678,0.1434535874804721,0.016206525655434678,0.0,14.891692389884234,21.74034988981215,28.574119532969778,2.8574119532969777,0.13639276446614237,0.1647982396405936,0.1889320914611673,0.34278724803499405,0.3534429339255608
random,36,20270963,10,16,1.0,0.1,0.1,4,0.308549162327275,0.035344293392556084,0.035344293392556084,0.035344293392556084,0.0,0.10876485829333896,0.011829794399570104,0.12260676134930759,0.011829794399570106,1.734723475976807e-18,10.09280107766443,16.78117799456563,21.579250259001633,2.1579250259001634,0.11228588348776836,0.14478731870856076,0.16418651301732137,0.34278724803499405,0.3534429339255608
random,37,20270964,10,16,1.0,0.1,0.1,4,0.2889972034903791,0.035344293392556084,0.035344293392556084,0.035344293392556084,0.0,0.10190984303908776,0.010385616108251504,0.1148932394896609,0.010385616108251505,1.734723475976807e-18,11.437874715246785,17.931614064526386,21.32548811745484,2.132548811745484,0.11953414272307265,0.14966801375865016,0.16321827884445905,0.34278724803499405,0.3534429339255608
random,38,20270965,10,16,1.0,0.1,0.1,4,0.2838769106260333,0.035344293392556084,0.035344293392556084,0.035344293392556084,0.0,0.10011342151623051,0.010022697167686447,0.1128713811405051,0.010022697167686445,1.734723475976807e-18,9.95511560751656,17.362444584355963,22.555942729264675,2.2555942729264675,0.11151735432170155,0.14727354470740572,0.1678609958312467,0.34278724803499405,0.3534429339255608
random,39,20270966,10,16,1.0,0.1,0.1,4,0.30358432140310565,0.035344293392556084,0.035344293392556084,0.035344293392556084,0.0,0.10702487547989144,0.011454323971486267,0.12064913465895799,0.011454323971486158,1.0928757898653885e-16,10.331256348902457,18.356825946657835,24.75342535565566,2.475342535565566,0.11360458839366244,0.15143215357615747,0.17584780674278389,0.34278724803499405,0.3534429339255608
random,40,20270967,10,16,1.0,0.1,0.1,4,0.41437802503603366,0.035344293392556084,0.035344293392556084,0.035344293392556084,0.0,0.14572212824697306,0.021234938660827263,0.16413775211586779,0.021234938660827263,0.0,16.99857060996562,22.85369739000146,25.27277088383945,2.527277088383945,0.14572212824697303,0.1689653062715691,0.17768294087162181,0.34278724803499405,0.3534429339255608
random,41,20270968,10,16,1.0,0.1,0.1,4,0.3618551046908399,0.035344293392556084,0.035344293392556084,0.035344293392556084,0.0,0.12741338892687903,0.01623417167783214,0.14357555790758014,0.016234171677832143,3.469446951953614e-18,14.569556446908283,19.202624154925566,21.573997193191463,2.1573997193191463,0.13490948014825688,0.15488151727186908,0.1641665277295361,0.34278724803499405,0.3534429339255608
random,42,20270969,10,16,1.0,0.1,0.1,4,0.24217239528676485,0.035344293392556084,0.035344293392556084,0.035344293392556084,0.0,0.08546419062768963,0.007304127879646073,0.09637723858305103,0.007304127879646073,0.0,9.391812981261245,16.835319599406617,24.587473193320584,2.4587473193320584,0.10831635116158649,0.14502069640005014,0.17525735513652899,0.34278724803499405,0.3534429339255608
random,43,20270970,10,16,1.0,0.1,0.1,4,0.3117586843191457,0.035344293392556084,0.035344293392556084,0.035344293392556084,0.0,0.10988940477571234,0.012075681281960349,0.12387187118357468,0.01207568128196035,1.734723475976807e-18,10.106642471740143,18.354098437303094,21.453890994302355,2.1453890994302354,0.11236285224280515,0.1514209030484187,0.16370891812007124,0.34278724803499405,0.3534429339255608
random,44,20270971,10,16,1.0,0.1,0.1,4,0.31571764206572833,0.035344293392556084,0.035344293392556084,0.035344293392556084,0.0,0.11127624617165734,0.012382402962055283,0.12543195281618003,0.012382402962055174,1.0928757898653885e-16,10.847486126276433,18.868788105483674,21.42898767950666,2.142898767950666,0.11640827543301371,0.1535293132643109,0.1636138752556159,0.34278724803499405,0.3534429339255608
random,45,20270972,10,16,1.0,0.1,0.1,4,0.25470155660469024,0.035344293392556084,0.035344293392556084,0.035344293392556084,0.0,0.08986834940321085,0.00807632022445759,0.10133722783201549,0.008076320224457478,1.1102230246251565e-16,9.006184007633887,17.912929489810935,26.35075096869997,2.635075096869997,0.10606930215227468,0.14959001709776243,0.18143279957526395,0.34278724803499405,0.3534429339255608
random,46,20270973,10,16,1.0,0.1,0.1,4,0.3484202910684013,0.035344293392556084,0.035344293392556084,0.035344293392556084,0.0,0.12271932822520452,0.01506003352004548,0.13829968752437538,0.015060033520045481,1.734723475976807e-18,15.674876851915231,21.73465736909175,30.487193617891624,3.0487193617891624,0.13993339547176556,0.1647766627382876,0.19515425648308354,0.34278724803499405,0.3534429339255608
random,47,20270974,10,16,1.0,0.1,0.1,4,0.4113051718127119,0.035344293392556084,0.035344293392556084,0.035344293392556084,0.0,0.14465294221604144,0.020924473691757425,0.16293770224121262,0.020924473691757428,3.469446951953614e-18,19.567232211011426,24.058838094219986,33.16158982105637,3.3161589821056365,0.15634500225830758,0.17336308568930964,0.20353400348759154,0.34278724803499405,0.3534429339255608
random,48,20270975,10,16,1.0,0.1,0.1,4,0.3316210250434912,0.035344293392556084,0.035344293392556084,0.035344293392556084,0.0,0.11684395788141598,0.013652510493394112,0.13169392714918438,0.01365251049339411,1.734723475976807e-18,11.804756928340373,20.003817694752186,24.77173968615076,2.4771739686150758,0.12143610474471084,0.15807957061394817,0.1759128470216302,0.34278724803499405,0.3534429339255608
random,49,20270976,10,16,1.0,0.1,0.1,4,0.35003029030525523,0.035344293392556084,0.035344293392556084,0.035344293392556084,0.0,0.1232820750067396,0.01519847001796737,0.13893226685499127,0.015198470017967371,1.734723475976807e-18,13.597698901493573,19.4472982035286,21.74055679292026,2.174055679292026,0.130332286289894,0.15586512079747414,0.16479902383190234,0.34278724803499405,0.3534429339255608
aligned,0,20270927,11,16,1.0,0.1,0.1,4,1.0999999999999999,0.035344293392556084,0.035344293392556084,0.035344293392556084,0.0,0.3746561575597787,0.14036723639745774,0.4176806264233073,0.14036723639745774,0.0,112.36398735775614,112.36398735775614,112.48380439023384,10.225800399112167,0.3746561575597787,0.3746561575597787,0.37485585779068326,0.3746561575597789,0.38878722731811693
alternating,0,20270927,11,16,1.0,0.1,0.1,4,0.1,0.035344293392556084,0.035344293392556084,0.035344293392556084,0.0,0.035344293392556084,0.0012492190754190837,0.03987761167674497,0.001249219075415761,3.322645977799077e-15,36.0,60.99999999999999,121.00000000000264,11.00000000000024,0.2120657603553365,0.2760477560143608,0.3887872273181212,0.3746561575597789,0.38878722731811693
orthogonal,0,20270927,11,16,1.0,0.1,0.1,4,0.33166247903554,0.035344293392556084,0.035344293392556084,0.035344293392556084,0.0,0.11685846367703093,0.013655900532955956,0.13171023908946577,0.013655900532955957,1.734723475976807e-18,10.931549799121283,11.0,11.00687491023269,1.0006249918393355,0.11685846367703094,0.11722375966334607,0.11726038588804999,0.3746561575597789,0.38878722731811693
clustered,0,20270927,11,16,1.0,0.1,0.1,4,0.6403124237432849,0.035344293392556084,0.035344293392556084,0.035344293392556084,0.0,0.22351480810333843,0.0499588694414722,0.2511500846222767,0.0499588694414722,0.0,39.992080191948865,40.657087115178484,44.02365819741208,4.00215074521928,0.22351480810333846,0.22536550041045858,0.23451054046660008,0.3746561575597789,0.38878722731811693
random,0,20270927,11,16,1.0,0.1,0.1,4,0.39013267729386714,0.035344293392556084,0.035344293392556084,0.035344293392556084,0.0,0.13727926614190067,0.018845596912458795,0.15465898578842885,0.018845596912458795,0.0,16.730242432970496,23.68144024483236,27.817250424992547,2.528840947726595,0.1445674167426828,0.17199798512552916,0.18641308928455183,0.3746561575597789,0.38878722731811693
random,1,20270928,11,16,1.0,0.1,0.1,4,0.4322948889071745,0.035344293392556084,0.035344293392556084,0.035344293392556084,0.0,0.15195107611436545,0.023089129532313683,0.17112718162961604,0.02308912953231368,3.469446951953614e-18,18.482850595735435,26.481416127394702,32.279870289233095,2.934533662657554,0.15195107611436545,0.18188207765047115,0.20080993430944524,0.3746561575597789,0.38878722731811693
random,2,20270929,11,16,1.0,0.1,0.1,4,0.3527446473680458,0.035344293392556084,0.035344293392556084,0.035344293392556084,0.0,0.12423069567079985,0.015433265746850888,0.13999855368869363,0.015433265746851,1.1102230246251565e-16,15.47359207349025,23.628933577629233,31.947325146150966,2.904302286013724,0.13903203365936048,0.17180720170291153,0.19977289100673182,0.3746561575597789,0.38878722731811693
random,3,20270930,11,16,1.0,0.1,0.1,4,0.3617441602107023,0.035344293392556084,0.035344293392556084,0.035344293392556084,0.0,0.12737464276239502,0.01622429961884775,0.14353201577683938,0.016224299618847637,1.1102230246251565e-16,14.697491050832882,23.635277980702135,31.33440098032214,2.848581907302013,0.13550050251383464,0.1718302653967739,0.1978472426430271,0.3746561575597789,0.38878722731811693
random,4,20270931,11,16,1.0,0.1,0.1,4,0.29210125821440514,0.035344293392556084,0.035344293392556084,0.035344293392556084,0.0,0.10299863827818481,0.010608719487160358,0.11611857935171876,0.010608719487160358,0.0,11.57153471831319,19.648177374227355,26.21849727272242,2.3834997520656747,0.12023053647884563,0.15666805026265712,0.18097692372760696,0.3746561575597789,0.38878722731811693
random,5,20270932,11,16,1.0,0.1,0.1,4,0.24918140461619054,0.035344293392556084,0.035344293392556084,0.035344293392556084,0.0,0.08792826332778074,0.007731379491839551,0.09915241047679246,0.007731379491839552,8.673617379884035e-19,9.763658230711862,20.054253842911134,30.498058652117717,2.772550786556156,0.110439794040363,0.15827873023202155,0.1951890279484876,0.3746561575597789,0.38878722731811693
random,6,20270933,11,16,1.0,0.1,0.1,4,0.38967692931807213,0.035344293392556084,0.035344293392556084,0.035344293392556084,0.0,0.13712041631648011,0.018802008570804826,0.15448059114085133,0.01880200857080483,3.469446951953614e-18,16.09000784424249,24.573671180698796,29.69927382474273,2.699933984067521,0.1417742738393338,0.17520815846302687,0.19261593752325715,0.3746561575597789,0.38878722731811693
random,7,20270934,11,16,1.0,0.1,0.1,4,0.3193976420181635,0.035344293392556084,0.035344293392556084,0.035344293392556084,0.0,0.11256507579307518,0.01267089628830076,0.12688167031860575,0.012670896288300761,1.734723475976807e-18,12.822707382035972,22.598779006631727,30.5746939288929,2.7795176298993542,0.12656370198503375,0.16802031370124473,0.1954341087964766,0.3746561575597789,0.38878722731811693
random,8,20270935,11,16,1.0,0.1,0.1,4,0.17814073972196748,0.035344293392556084,0.035344293392556084,0.035344293392556084,0.0,0.06291985515262033,0.003958908172426723,0.07097401479880627,0.0039589081724266135,1.0928757898653885e-16,9.190757401202443,18.50266200026568,27.73784240940956,2.5216220372190508,0.1071506857800323,0.15203249099045804,0.18614682873689484,0.3746561575597789,0.38878722731811693
random,9,20270936,11,16,1.0,0.1,0.1,4,0.25002893864712455,0.035344293392556084,0.035344293392556084,0.035344293392556084,0.0,0.08822616636972565,0.007783856432298509,0.09948790465700741,0.007783856432298509,0.0,9.177983271206957,19.190241822048982,29.856437949764192,2.714221631796745,0.10707619612345674,0.15483157347908294,0.1931249124554149,0.3746561575597789,0.38878722731811693
random,10,20270937,11,16,1.0,0.1,0.1,4,0.34604741145503,0.035344293392556084,0.035344293392556084,0.035344293392556084,0.0,0.12188982216677283,0.014857128747847505,0.13736720583543582,0.014857128747847503,1.734723475976807e-18,13.499699644570264,21.270277085972904,25.659128404144134,2.332648036740376,0.12986178155417935,0.16300685836874101,0.1790359535430928,0.3746561575597789,0.38878722731811693
random,11,20270938,11,16,1.0,0.1,0.1,4,0.3278332523126263,0.035344293392556084,0.035344293392556084,0.035344293392556084,0.0,0.11551836349926849,0.013344492305549125,0.13020322164661668,0.013344492305549129,3.469446951953614e-18,15.34237604018026,21.608333050256423,27.292796954253735,2.481163359477612,0.13844128290234053,0.16429711450414752,0.18464745483432377,0.3746561575597789,0.38878722731811693
random,12,20270939,11,16,1.0,0.1,0.1,4,0.3455439874273063,0.035344293392556084,0.035344293392556084,0.035344293392556084,0.0,0.12171381983204921,0.014814253938108535,0.13716934826245875,0.014814253938108535,0.0,15.831811948576199,25.0049853650503,32.80947045294845,2.982679132086223,0.14063214954130923,0.1767390865049264,0.20245052814014095,0.3746561575597789,0.38878722731811693
random,13,20270940,11,16,1.0,0.1,0.1,4,0.3097232794778929,0.035344293392556084,0.035344293392556084,0.035344293392556084,0.0,0.10917626767898576,0.011919457424313551,0.12306960420197277,0.011919457424313553,1.734723475976807e-18,14.34069428244287,21.619021706570464,28.47267563183576,2.5884250574396144,0.1338456904512843,0.16433774462291692,0.1885964197102091,0.3746561575597789,0.38878722731811693
random,14,20270941,11,16,1.0,0.1,0.1,4,0.32136655128337227,0.035344293392556084,0.035344293392556084,0.035344293392556084,0.0,0.11325452141361593,0.01282658662062719,0.127657137635667,0.012826586620627191,1.734723475976807e-18,12.048258656813431,21.050947282649947,24.507833537882334,2.2279848670802123,0.12268216879267518,0.16216425284608146,0.17497329268410702,0.3746561575597789,0.38878722731811693
random,15,20270942,11,16,1.0,0.1,0.1,4,0.3218240178807758,0.035344293392556084,0.035344293392556084,0.035344293392556084,0.0,0.11341469908749925,0.012862893969108004,0.12783729620335516,0.012862893969108002,1.734723475976807e-18,13.006023354874845,22.119582265541396,30.214499923149933,2.7467727202863577,0.12746518140361218,0.166229371972633,0.19427951425265438,0.3746561575597789,0.38878722731811693
random,16,20270943,11,16,1.0,0.1,0.1,4,0.2973580623377913,0.035344293392556084,0.035344293392556084,0.035344293392556084,0.0,0.10484212027650854,0.010991870184073882,0.11819309198299965,0.010991870184073884,1.734723475976807e-18,11.272855285172637,20.095055522023163,27.533337666210926,2.503030696928266,0.11866872316106081,0.15843966258395314,0.18545935032396033,0.3746561575597789,0.38878722731811693
random,17,20270944,11,16,1.0,0.1,0.1,4,0.35961822126298665,0.035344293392556084,0.035344293392556084,0.035344293392556084,0.0,0.12663212521498718,0.016035695136464193,0.14269756905421405,0.01603569513646419,3.469446951953614e-18,13.924402481023002,22.366726555210228,27.52147124614443,2.5019519314676755,0.1318887000205353,0.16715544103453883,0.1854193810373701,0.3746561575597789,0.38878722731811693
random,18,20270945,11,16,1.0,0.1,0.1,4,0.32340814128274065,0.035344293392556084,0.035344293392556084,0.035344293392556084,0.0,0.1139693309327816,0.012989008393265888,0.12846110117501852,0.01298900839326589,1.734723475976807e-18,13.03763574233735,20.825698431777216,24.127641840504626,2.1934219855004207,0.12761999556375742,0.1612943264343213,0.17361080159954906,0.3746561575597789,0.38878722731811693
random,19,20270946,11,16,1.0,0.1,0.1,4,0.33078351442713483,0.035344293392556084,0.035344293392556084,0.035344293392556084,0.0,0.1165508838202046,0.013584108519270832,0.13136435887706788,0.013584108519270834,1.734723475976807e-18,13.429365646775784,22.585039538833,27.790419919276324,2.526401810843302,0.12952304712571444,0.16796922995300184,0.18632316731170726,0.3746561575597789,0.38878722731811693
random,20,20270947,11,16,1.0,0.1,0.1,4,0.24531473269376486,0.035344293392556084,0.035344293392556084,0.035344293392556084,0.0,0.08656900258898463,0.0074941922092516275,0.09762157441588681,0.007494192209251628,8.673617379884035e-19,11.759500648714868,20.38832443915331,30.400108303823803,2.7636462094385275,0.1212031044477727,0.1595916157109245,0.1948753324254837,0.3746561575597789,0.38878722731811693
random,21,20270948,11,16,1.0,0.1,0.1,4,0.3963710801729819,0.035344293392556084,0.035344293392556084,0.035344293392556084,0.0,0.13945311048904022,0.019447170025068457,0.15710009955732795,0.01944717002506846,3.469446951953614e-18,15.817407889366745,24.483966837998125,25.808227506392598,2.3462025005811453,0.14056816018957224,0.1748880739671963,0.17955536779428546,0.3746561575597789,0.38878722731811693
random,22,20270949,11,16,1.0,0.1,0.1,4,0.2649258505355422,0.035344293392556084,0.035344293392556084,0.035344293392556084,0.0,0.0934603710018332,0.008734840947800304,0.10538185407914824,0.008734840947800306,1.734723475976807e-18,11.260387738631385,19.998844151956444,28.95834335187875,2.6325766683526135,0.11860308242079329,0.15805991775575925,0.19019809385927697,0.3746561575597789,0.38878722731811693
random,23,20270950,11,16,1.0,0.1,0.1,4,0.3797975513310138,0.035344293392556084,0.035344293392556084,0.035344293392556084,0.0,0.1336756923553457,0.01786919072668103,0.1506115481095831,0.017869190726681028,3.469446951953614e-18,15.578454410397654,25.938589638727088,30.31336678027032,2.755760616388211,0.13950233838547405,0.18000828027111884,0.19459711205999142,0.3746561575597789,0.38878722731811693
random,24,20270951,11,16,1.0,0.1,0.1,4,0.32257400297871547,0.035344293392556084,0.035344293392556084,0.035344293392556084,0.0,0.1136772898173048,0.012922526220207509,0.12813263946323916,0.012922526220207509,0.0,14.18228114357727,22.797530380823133,29.181466131514743,2.652860557410431,0.13310438060977972,0.16875754745838878,0.19092942188197226,0.3746561575597789,0.38878722731811693
random,25,20270952,11,16,1.0,0.1,0.1,4,0.25925338735848064,0.035344293392556084,0.035344293392556084,0.035344293392556084,0.0,0.09146772956735282,0.008366345552206389,0.10313821707324933,0.00836634555220639,1.734723475976807e-18,10.22493297909918,18.3533589755342,27.108569046066062,2.4644153678241874,0.1130184999120603,0.1514178527461388,0.18402320929616742,0.3746561575597789,0.38878722731811693
random,26,20270953,11,16,1.0,0.1,0.1,4,0.268836872988197,0.035344293392556084,0.035344293392556084,0.035344293392556084,0.0,0.09483392136081821,0.008993472640669853,0.10692829628157519,0.008993472640669855,1.734723475976807e-18,9.8568574196798,20.283980730466673,25.685832824812934,2.3350757113466303,0.11096564473903683,0.15918271154221517,0.17912909404332386,0.3746561575597789,0.38878722731811693
random,27,20270954,11,16,1.0,0.1,0.1,4,0.3259566512765912,0.035344293392556084,0.035344293392556084,0.035344293392556084,0.0,0.11486150094741172,0.013193164399892264,0.12946449987842845,0.013193164399892265,1.734723475976807e-18,14.183985589275487,21.347195166713092,27.090887471679906,2.4628079519709005,0.13311237870157805,0.16330132702752925,0.1839631849029974,0.3746561575597789,0.38878722731811693
random,28,20270955,11,16,1.0,0.1,0.1,4,0.28473134301939396,0.035344293392556084,0.035344293392556084,0.035344293392556084,0.0,0.10041322786869457,0.01008281633101038,0.11320882367776397,0.010082816331010382,1.734723475976807e-18,10.31020805930189,19.164740002573524,23.241046710574825,2.112822428234075,0.11348880376151425,0.1547286618137119,0.17039119367959138,0.3746561575597789,0.38878722731811693
random,29,20270956,11,16,1.0,0.1,0.1,4,0.35056499711096495,0.035344293392556084,0.035344293392556084,0.035344293392556084,0.0,0.12346895917040641,0.015244583878623486,0.13914233699583622,0.015244583878623486,0.0,12.625946981955563,21.49258483020879,23.62535415389692,2.147759468536084,0.12558890800977965,0.16385648278282933,0.17179418812223982,0.3746561575597789,0.38878722731811693
random,30,20270957,11,16,1.0,0.1,0.1,4,0.38326200846398906,0.035344293392556084,0.035344293392556084,0.035344293392556084,0.0,0.13488395255423558,0.018193680656653274,0.15196874528601367,0.018193680656653277,3.469446951953614e-18,16.02506995138051,24.01967706093202,28.01348757914593,2.5466806890132663,0.14148789018212724,0.17322193501379227,0.18706946050300316,0.3746561575597789,0.38878722731811693
random,31,20270958,11,16,1.0,0.1,0.1,4,0.34432577436695333,0.035344293392556084,0.035344293392556084,0.035344293392556084,0.0,0.1212878959765802,0.014710753710425739,0.13669052607987098,0.01471075371042574,1.734723475976807e-18,13.40034414018918,21.761865581364685,26.298040698931647,2.3907309726301498,0.1293830186581866,0.16487976710605448,0.18125124575365772,0.3746561575597789,0.38878722731811693
random,32,20270959,11,16,1.0,0.1,0.1,4,0.3018572403855126,0.035344293392556084,0.035344293392556084,0.035344293392556084,0.0,0.10641948527070431,0.011325106845281652,0.11996797655615254,0.011325106845281653,1.734723475976807e-18,10.994257143914023,19.64523818882798,24.47808043448975,2.225280039499068,0.11719315570561248,0.15665633177958485,0.17486704952165016,0.3746561575597789,0.38878722731811693
random,33,20270960,11,16,1.0,0.1,0.1,4,0.31486638898433084,0.035344293392556084,0.035344293392556084,0.035344293392556084,0.0,0.11097807554803504,0.012316133252345374,0.12509654578764118,0.012316133252345375,1.734723475976807e-18,14.737970380616533,21.4383513346157,27.2192221292033,2.474474739018482,0.13568696964862775,0.16364961788143015,0.18439840428233106,0.3746561575597789,0.38878722731811693
random,34,20270961,11,16,1.0,0.1,0.1,4,0.4911950067380932,0.035344293392556084,0.035344293392556084,0.035344293392556084,0.0,0.1723624665353773,0.029708819870159057,0.1940061779242055,0.029708819870159053,3.469446951953614e-18,23.78191340073193,28.48167777865857,31.195332941464294,2.8359393583149357,0.1723624665353773,0.1886262314235221,0.19740771255076764,0.3746561575597789,0.38878722731811693
random,35,20270962,11,16,1.0,0.1,0.1,4,0.38600925381069573,0.035344293392556084,0.035344293392556084,0.035344293392556084,0.0,0.13584186486488406,0.01845301224996942,0.153044655525314,0.018453012249969425,3.469446951953614e-18,17.856433284385925,25.04155878845704,32.1685360690372,2.924412369912473,0.14935393224754123,0.1768682925704009,0.2004633355148719,0.3746561575597789,0.38878722731811693
random,36,20270963,11,16,1.0,0.1,0.1,4,0.3219017296390855,0.035344293392556084,0.035344293392556084,0.035344293392556084,0.0,0.1134419086973259,0.012869066648892426,0.12786789983180036,0.012869066648892426,0.0,11.507430827816982,20.014051173491463,28.664432190724057,2.605857471884005,0.11989704791684652,0.15812000032361256,0.18923042957914915,0.3746561575597789,0.38878722731811693
random,37,20270964,11,16,1.0,0.1,0.1,4,0.28072266012564023,0.035344293392556084,0.035344293392556084,0.035344293392556084,0.0,0.09900652877352613,0.009802292739783057,0.11162549052550719,0.00980229273978306,3.469446951953614e-18,11.437874715246785,20.43453575835008,28.347006138009128,2.57700055800083,0.11953414272307265,0.15977237516749973,0.1881797566121894,0.3746561575597789,0.38878722731811693
random,38,20270965,11,16,1.0,0.1,0.1,4,0.23108372534560281,0.035344293392556084,0.035344293392556084,0.035344293392556084,0.0,0.08156428720545758,0.006652732947334371,0.09198435897135604,0.006652732947334372,8.673617379884035e-19,9.95511560751656,19.508869561097256,27.00292702318441,2.454811547562219,0.11151735432170155,0.15611166514897412,0.18366429029485132,0.3746561575597789,0.38878722731811693
random,39,20270966,11,16,1.0,0.1,0.1,4,0.30258151132813155,0.035344293392556084,0.035344293392556084,0.035344293392556084,0.0,0.10667336972530188,0.01137920780855095,0.12025363874221529,0.011379207808550841,1.0928757898653885e-16,10.90060692404432,20.676655777531373,27.25782575185067,2.477984159259152,0.11669295652763927,0.16071612493202542,0.1845291193380096,0.3746561575597789,0.38878722731811693
random,40,20270967,11,16,1.0,0.1,0.1,4,0.43232094540264376,0.035344293392556084,0.035344293392556084,0.035344293392556084,0.0,0.15196012837022235,0.023091880614294458,0.17113733664066677,0.023091880614294458,0.0,18.485052837147617,25.45219971321555,27.807788519440873,2.5279807744946248,0.15196012837022235,0.17831257216787882,0.18638138282485547,0.3746561575597789,0.38878722731811693
random,41,20270968,11,16,1.0,0.1,0.1,4,0.413850607624439,0.035344293392556084,0.035344293392556084,0.035344293392556084,0.0,0.1455386337475421,0.021181493913101205,0.1639318054116261,0.0211814939131012,3.469446951953614e-18,18.850368336941266,23.751657544050335,26.57561985221065,2.415965441110059,0.15345435707461336,0.1722527900408271,0.18220529975955044,0.3746561575597789,0.38878722731811693
random,42,20270969,11,16,1.0,0.1,0.1,4,0.2896148323577745,0.035344293392556084,0.035344293392556084,0.035344293392556084,0.0,0.10212650058982747,0.01042982212272403,0.11513707331638634,0.01042982212272403,0.0,12.583277785198899,20.164667411835648,28.88955183670993,2.6263228942463575,0.12537651550656392,0.15871385314567424,0.1899720485616936,0.3746561575597789,0.38878722731811693
random,43,20270970,11,16,1.0,0.1,0.1,4,0.30272673565995295,0.035344293392556084,0.035344293392556084,0.035344293392556084,0.0,0.10672427510990035,0.011390070897733695,0.12031091528644522,0.011390070897733697,1.734723475976807e-18,10.319276980649787,20.448645611704897,23.79682031819364,2.163347301653967,0.11353870550944625,0.15982752630453395,0.17241647797066242,0.3746561575597789,0.38878722731811693
random,44,20270971,11,16,1.0,0.1,0.1,4,0.34391474692503304,0.035344293392556084,0.035344293392556084,0.035344293392556084,0.0,0.12114418087395502,0.01467591255962153,0.13652895921163188,0.01467591255962153,0.0,12.723196664103423,21.884458974546476,24.53027747591285,2.2300252250829864,0.12607164619019792,0.16534353209675248,0.1750533934210743,0.3746561575597789,0.38878722731811693
random,45,20270972,11,16,1.0,0.1,0.1,4,0.28921812793441704,0.035344293392556084,0.035344293392556084,0.035344293392556084,0.0,0.1019873417874881,0.010401417884877915,0.1149804595471795,0.010401417884877806,1.0928757898653885e-16,11.150776800401829,20.818976568361897,29.144947321895746,2.649540665626886,0.11802441732456272,0.16126829403171788,0.19080991626903593,0.3746561575597789,0.38878722731811693
random,46,20270973,11,16,1.0,0.1,0.1,4,0.32170336228011714,0.035344293392556084,0.035344293392556084,0.035344293392556084,0.0,0.11337245308058073,0.01285331311750848,0.1277897805028052,0.01285331311750848,0.0,15.674876851915231,23.15639516429711,35.256385091282866,3.2051259173893514,0.13993339547176556,0.17008060017880397,0.20986411981649353,0.3746561575597789,0.38878722731811693
random,47,20270974,11,16,1.0,0.1,0.1,4,0.4461473584648323,0.035344293392556084,0.035344293392556084,0.035344293392556084,0.0,0.15676081784451162,0.024573954011280152,0.17652183684801726,0.024573954011280152,0.0,22.557848001787274,27.638336666568406,36.8845062497729,3.353136931797536,0.16786808518666352,0.185812640519239,0.21465513922249965,0.3746561575597789,0.38878722731811693
random,48,20270975,11,16,1.0,0.1,0.1,4,0.3230363891527242,0.035344293392556084,0.035344293392556084,0.035344293392556084,0.0,0.11383917819316494,0.012959358491695161,0.12831471770267489,0.012959358491695161,0.0,12.88640576699103,21.98771045563825,28.09109272138896,2.553735701944451,0.1268776729677672,0.16573312078753277,0.18732839847958255,0.3746561575597789,0.38878722731811693
random,49,20270976,11,16,1.0,0.1,0.1,4,0.36836317577986666,0.035344293392556084,0.035344293392556084,0.035344293392556084,0.0,0.1296857488826941,0.016818393463265194,0.14612899688039072,0.016818393463265194,0.0,14.798439049667317,22.443824646687162,25.5334248347831,2.3212204395257365,0.13596504090122236,0.16744328554469595,0.1785968682939049,0.3746561575597789,0.38878722731811693
aligned,0,20270927,12,16,1.0,0.1,0.1,4,1.2,0.035344293392556084,0.035344293392556084,0.035344293392556084,0.0,0.40586917669210604,0.164729788588728,0.4514937644998529,0.164729788588728,0.0,131.86621292463457,131.86621292463454,132.06559894265095,11.005466578554246,0.4058691766921061,0.405869176692106,0.4061759045115871,0.40586917669210604,0.424131520710673
alternating,0,20270927,12,16,1.0,0.1,0.1,4,0.0,0.035344293392556084,0.035344293392556084,0.035344293392556084,0.0,0.0,0.0,0.0,-3.988571767166574e-15,3.988571767166574e-15,36.0,71.99999999999999,144.00000000000318,12.000000000000265,0.2120657603553365,0.2999062744094795,0.4241315207106777,0.40586917669210604,0.424131520710673
orthogonal,0,20270927,12,16,1.0,0.1,0.1,4,0.3464101615137755,0.035344293392556084,0.035344293392556084,0.035344293392556084,0.0,0.12201663983628361,0.014888060396937353,0.13750976986407837,0.014888060396937354,1.734723475976807e-18,11.917893898588414,12.0,12.007499917734563,1.000624993144547,0.12201663983628364,0.12243622382705618,0.1224744787509916,0.40586917669210604,0.424131520710673
clustered,0,20270927,12,16,1.0,0.1,0.1,4,0.692820323027551,0.035344293392556084,0.035344293392556084,0.035344293392556084,0.0,0.2413202569527707,0.05823546641575128,0.2709655104611959,0.05823546641575128,0.0,46.617496932005025,47.55289224174359,48.02798015989586,4.002331679991322,0.2413202569527707,0.24372931723478455,0.24494380777964403,0.40586917669210604,0.424131520710673
random,0,20270927,12,16,1.0,0.1,0.1,4,0.43367925832094456,0.035344293392556084,0.035344293392556084,0.035344293392556084,0.0,0.15243199169518304,0.023235512092160352,0.1716666729735996,0.023235512092160463,1.1102230246251565e-16,20.2758762185632,28.009179410104583,30.4328570976854,2.536071424807117,0.15915090745284902,0.18705507532793136,0.19498026978628286,0.40586917669210604,0.424131520710673
random,1,20270928,12,16,1.0,0.1,0.1,4,0.4487705429303727,0.035344293392556084,0.035344293392556084,0.035344293392556084,0.0,0.15767099554171357,0.024860142835115062,0.17754246980838562,0.024860142835115062,0.0,19.900546929108547,29.540131193197375,35.278055584378336,2.9398379653648616,0.15767099554171357,0.19209918109384136,0.20992860686361958,0.40586917669210604,0.424131520710673
random,2,20270929,12,16,1.0,0.1,0.1,4,0.3528514056338686,0.035344293392556084,0.035344293392556084,0.035344293392556084,0.0,0.12426800235595989,0.015442536409540852,0.14004048656855606,0.015442536409540963,1.1102230246251565e-16,15.47359207349025,26.47725372034632,34.85164387334784,2.90430365611232,0.13903203365936048,0.18186778277685006,0.20865602875617748,0.40586917669210604,0.424131520710673
random,3,20270930,12,16,1.0,0.1,0.1,4,0.3498629180566935,0.035344293392556084,0.035344293392556084,0.035344293392556084,0.0,0.12322357576215716,0.015184049623612085,0.1388665093372099,0.015184049623611973,1.1275702593849246e-16,14.697491050832882,25.68595000433292,34.50135824132378,2.8751131867769817,0.13550050251383464,0.1791295026389388,0.207604804479398,0.40586917669210604,0.424131520710673
random,4,20270931,12,16,1.0,0.1,0.1,4,0.32447881604891743,0.035344293392556084,0.035344293392556084,0.035344293392556084,0.0,0.11434416443013222,0.013074587939225115,0.1288826722487959,0.013074587939225113,1.734723475976807e-18,14.25465905110239,22.9708250718426,29.54663884792503,2.4622199039937525,0.13344359107964834,0.16939773569283836,0.19212033953578805,0.40586917669210604,0.424131520710673
random,5,20270932,12,16,1.0,0.1,0.1,4,0.23573766098026255,0.035344293392556084,0.035344293392556084,0.035344293392556084,0.0,0.0832013174572704,0.006922459226625488,0.0938284092852697,0.006922459226625489,8.673617379884035e-19,10.252175838547668,21.52640950726091,33.433408770558756,2.7861173975465627,0.11316896050624653,0.16398536941371644,0.2043664649409626,0.40586917669210604,0.424131520710673
random,6,20270933,12,16,1.0,0.1,0.1,4,0.4375160336699134,0.035344293392556084,0.035344293392556084,0.035344293392556084,0.0,0.1537645638642443,0.023643541100361265,0.1731614475612968,0.02364354110036126,3.469446951953614e-18,19.959833755805647,28.956864524770936,32.71740146580481,2.7264501221504007,0.15790568409638123,0.19019323733684648,0.20216627317440378,0.40586917669210604,0.424131520710673
random,7,20270934,12,16,1.0,0.1,0.1,4,0.37398152913071553,0.035344293392556084,0.035344293392556084,0.035344293392556084,0.0,0.1316466332844726,0.017330836055136408,0.148332125957918,0.01733083605513641,3.469446951953614e-18,16.11090532377591,27.276743779835254,33.37971369780052,2.781642808150043,0.14186631119730903,0.1845931435484239,0.2042022896133148,0.40586917669210604,0.424131520710673
random,8,20270935,12,16,1.0,0.1,0.1,4,0.21110148498603118,0.035344293392556084,0.035344293392556084,0.035344293392556084,0.0,0.07453182721245398,0.005554993267627095,0.0840611918662919,0.005554993267626986,1.0928757898653885e-16,10.01920390899431,21.127347330409478,30.57717316355268,2.54809776362939,0.11187573751099539,0.16245825709440556,0.19544203229679766,0.40586917669210604,0.424131520710673
random,9,20270936,12,16,1.0,0.1,0.1,4,0.30192943721375004,0.035344293392556084,0.035344293392556084,0.035344293392556084,0.0,0.10644479346689899,0.01133049405621078,0.11999645265598113,0.011330494056210783,1.734723475976807e-18,11.890145496237176,22.816338185200923,33.093372177302584,2.7577810147752153,0.12187451154120695,0.16882714500981716,0.20332454793710858,0.40586917669210604,0.424131520710673
random,10,20270937,12,16,1.0,0.1,0.1,4,0.3777651161825997,0.035344293392556084,0.035344293392556084,0.035344293392556084,0.0,0.1329667234835916,0.017680149553961907,0.14981513586533057,0.01768014955396191,3.469446951953614e-18,15.665325176469219,25.80428147267396,31.370168923076825,2.6141807435897353,0.13989075392279568,0.1795416404156639,0.1979601308794943,0.40586917669210604,0.424131520710673
random,11,20270938,12,16,1.0,0.1,0.1,4,0.330055932883819,0.035344293392556084,0.035344293392556084,0.035344293392556084,0.0,0.11629626539241372,0.013524821344222726,0.13107803019412545,0.013524821344222726,0.0,15.505781654666905,24.625577799931285,29.976297433898953,2.498024786158246,0.1391765721028262,0.1753931057108314,0.19351217678705052,0.40586917669210604,0.424131520710673
random,12,20270939,12,16,1.0,0.1,0.1,4,0.36791325979626394,0.035344293392556084,0.035344293392556084,0.035344293392556084,0.0,0.1295286887768082,0.01677768121623924,0.14595252145944793,0.016777681216239237,3.469446951953614e-18,17.436290146774994,28.412383383496156,35.81484540261686,2.984570450218072,0.14758640267955966,0.18839663293377515,0.21151971080760879,0.40586917669210604,0.424131520710673
random,13,20270940,12,16,1.0,0.1,0.1,4,0.3286174845525743,0.035344293392556084,0.035344293392556084,0.035344293392556084,0.0,0.1157928441535852,0.013407982757176471,0.13051190011350577,0.013407982757176475,3.469446951953614e-18,16.500606141231565,25.104107389398184,31.823297544940655,2.651941462078388,0.14357183549569794,0.17708904489607874,0.19938472944505342,0.40586917669210604,0.424131520710673
random,14,20270941,12,16,1.0,0.1,0.1,4,0.3691878631998542,0.035344293392556084,0.035344293392556084,0.035344293392556084,0.0,0.12997362437434604,0.0168931430330036,0.14645245397184015,0.0168931430330036,0.0,15.516628060916911,25.503895671867806,29.347315589896116,2.445609632491343,0.13922524110189372,0.17849356562855556,0.19147121571463968,0.40586917669210604,0.424131520710673
random,15,20270942,12,16,1.0,0.1,0.1,4,0.34024739390927367,0.035344293392556084,0.035344293392556084,0.035344293392556084,0.0,0.11986172839095692,0.014366833932867529,0.13508714231624075,0.01436683393286753,1.734723475976807e-18,15.88651751076281,26.3531624822964,37.62510164281363,3.1354251369011363,0.14087491159331458,0.18144110138142128,0.21679943424000142,0.40586917669210604,0.424131520710673
random,16,20270943,12,16,1.0,0.1,0.1,4,0.31283033280171396,0.035344293392556084,0.035344293392556084,0.035344293392556084,0.0,0.1102648401186045,0.012158334966381414,0.1242942167481822,0.012158334966381414,0.0,11.842348832449957,23.71099536891184,30.893378370165692,2.574448197513808,0.12162930592280546,0.17210528089520735,0.19644998743738903,0.40586917669210604,0.424131520710673
random,17,20270944,12,16,1.0,0.1,0.1,4,0.40271688609445505,0.035344293392556084,0.035344293392556084,0.035344293392556084,0.0,0.14166334565372662,0.020068503501807226,0.15958169269868683,0.020068503501807222,3.469446951953614e-18,16.782805793029038,26.143247940809303,30.39927268785911,2.5332727239882593,0.14479434082762274,0.1807170274796198,0.19487265411170435,0.40586917669210604,0.424131520710673
random,18,20270945,12,16,1.0,0.1,0.1,4,0.3397669625014317,0.035344293392556084,0.035344293392556084,0.035344293392556084,0.0,0.11969370194457467,0.014326582285196678,0.13489822766715975,0.014326582285196676,1.734723475976807e-18,14.037632559869703,24.551678047059013,29.884680892521075,2.4903900743767564,0.1324238587548077,0.1751297363383331,0.19321623491246673,0.40586917669210604,0.424131520710673
random,19,20270946,12,16,1.0,0.1,0.1,4,0.36322930430450706,0.035344293392556084,0.035344293392556084,0.035344293392556084,0.0,0.12789328910879433,0.01635669339906565,0.14411485067056584,0.016356693399065425,2.255140518769849e-16,16.452022458939712,27.30494345309406,34.58077464227054,2.8817312201892116,0.14336031628358897,0.1846885383959831,0.20784360304299215,0.40586917669210604,0.424131520710673
random,20,20270947,12,16,1.0,0.1,0.1,4,0.23629361485172273,0.035344293392556084,0.035344293392556084,0.035344293392556084,0.0,0.08339685284032279,0.006955035063670455,0.094048663822895,0.006955035063670458,2.6020852139652106e-18,11.759500648714868,22.310714611697374,33.29215513348281,2.7743462611235676,0.1212031044477727,0.16694601007260892,0.20393429151213902,0.40586917669210604,0.424131520710673
random,21,20270948,12,16,1.0,0.1,0.1,4,0.40006054994949014,0.035344293392556084,0.035344293392556084,0.035344293392556084,0.0,0.14073827561293242,0.019807262222501728,0.15854309642188724,0.019807262222501735,6.938893903907228e-18,17.393078564704375,26.70353991832075,28.26818710475514,2.355682258729595,0.1474034108265188,0.1826432901783727,0.18791795698861744,0.40586917669210604,0.424131520710673
random,22,20270949,12,16,1.0,0.1,0.1,4,0.2652736051943663,0.035344293392556084,0.035344293392556084,0.035344293392556084,0.0,0.09358251324563219,0.008757686785368923,0.10551937471160877,0.008757686785368925,1.734723475976807e-18,11.260387738631385,23.449273601930997,36.53502697481277,3.0445855812343976,0.11860308242079329,0.17115279690455942,0.21363579432737131,0.40586917669210604,0.424131520710673
random,23,20270950,12,16,1.0,0.1,0.1,4,0.3904238815874667,0.035344293392556084,0.035344293392556084,0.035344293392556084,0.0,0.13738076190000778,0.018873473740226628,0.15477296851148137,0.01887347374022663,3.469446951953614e-18,17.614757705061,28.73194728824641,34.807677063281915,2.9006397552734926,0.1483397833827712,0.1894531515346552,0.20852437305619476,0.40586917669210604,0.424131520710673
random,24,20270951,12,16,1.0,0.1,0.1,4,0.329007616052126,0.035344293392556084,0.035344293392556084,0.035344293392556084,0.0,0.11592938492336467,0.013439622288709652,0.1306654507841123,0.013439622288709653,1.734723475976807e-18,14.18228114357727,25.35514575301639,32.12931679409449,2.6774430661745408,0.13310438060977972,0.17797227799491483,0.20034109767934677,0.40586917669210604,0.424131520710673
random,25,20270952,12,16,1.0,0.1,0.1,4,0.25777849467101804,0.035344293392556084,0.035344293392556084,0.035344293392556084,0.0,0.09094953389761579,0.008271817716193564,0.10255471491827328,0.008271817716193564,0.0,11.408189685837993,21.28987874742185,30.023281016451847,2.5019400847043207,0.11937892683194996,0.16308195070159887,0.19366376881703842,0.40586917669210604,0.424131520710673
random,26,20270953,12,16,1.0,0.1,0.1,4,0.24558905718802534,0.035344293392556084,0.035344293392556084,0.035344293392556084,0.0,0.08666544457212112,0.007510899282883399,0.09773019297946428,0.0075108992828833996,8.673617379884035e-19,9.8568574196798,22.35710272220525,28.385604502242657,2.3654670418535546,0.11096564473903683,0.16711947580004766,0.18830782939512458,0.40586917669210604,0.424131520710673
random,27,20270954,12,16,1.0,0.1,0.1,4,0.3509093917916874,0.035344293392556084,0.035344293392556084,0.035344293392556084,0.0,0.12358932429465122,0.015274321079608466,0.13927763404434645,0.015274321079608466,0.0,15.78247480750077,24.577211675055825,29.557036847746765,2.463086403978897,0.14041285050468527,0.17522077971830952,0.19215414188372312,0.40586917669210604,0.424131520710673
random,28,20270955,12,16,1.0,0.1,0.1,4,0.33032400391576144,0.035344293392556084,0.035344293392556084,0.035344293392556084,0.0,0.11639007865297175,0.013546650408844951,0.13118352748557438,0.013546650408844953,1.734723475976807e-18,12.534670593780767,22.73875905563768,25.38872181022004,2.1157268175183366,0.12513412647973207,0.16853988122596092,0.17809007716836836,0.40586917669210604,0.424131520710673
random,29,20270956,12,16,1.0,0.1,0.1,4,0.37606800577892324,0.035344293392556084,0.035344293392556084,0.035344293392556084,0.0,0.1323746467392141,0.017523047099331723,0.1491500038785114,0.017523047099331723,0.0,14.59484862913951,24.899485651507327,27.79793914771348,2.316494928976123,0.13502652817270813,0.17636584829265195,0.18634837225117523,0.40586917669210604,0.424131520710673
random,30,20270957,12,16,1.0,0.1,0.1,4,0.4194910483765559,0.035344293392556084,0.035344293392556084,0.035344293392556084,0.0,0.14750061541878481,0.02175643154892026,0.16613370742284417,0.021756431548920263,3.469446951953614e-18,18.49465829527597,27.700027342486,30.80564222645296,2.5671368522044133,0.15199960505151497,0.18601989825248183,0.19617083345854616,0.40586917669210604,0.424131520710673
random,31,20270958,12,16,1.0,0.1,0.1,4,0.37670673542901184,0.035344293392556084,0.035344293392556084,0.035344293392556084,0.0,0.13259749088990888,0.01758209459029947,0.1494003474632184,0.01758209459029947,0.0,16.24581504093213,25.64763478057148,30.833421682809615,2.569451806900801,0.1424590539237948,0.17899585081021246,0.19625926354342144,0.40586917669210604,0.424131520710673
random,32,20270959,12,16,1.0,0.1,0.1,4,0.33490549685849086,0.035344293392556084,0.035344293392556084,0.035344293392556084,0.0,0.11799316092384105,0.013922386024799449,0.1329861762115414,0.01392238602479945,1.734723475976807e-18,13.790483381101016,23.861890712177086,28.97118486810586,2.414265405675488,0.1312529424390983,0.17265204618890875,0.19024026065670366,0.40586917669210604,0.424131520710673
random,33,20270960,12,16,1.0,0.1,0.1,4,0.2812784226581546,0.035344293392556084,0.035344293392556084,0.035344293392556084,0.0,0.0992015709213985,0.009840951673273257,0.11184503007667423,0.009840951673273257,0.0,14.737970380616533,24.073509579085716,34.639723999547364,2.886643666628947,0.13568696964862775,0.1734159374984834,0.2080206816340308,0.40586917669210604,0.424131520710673
random,34,20270961,12,16,1.0,0.1,0.1,4,0.48460076693448273,0.035344293392556084,0.035344293392556084,0.035344293392556084,0.0,0.17008254663545147,0.028928072670000523,0.19145258333795478,0.028928072670000526,3.469446951953614e-18,23.78191340073193,30.3948367294036,35.357646392935976,2.946470532744665,0.1723624665353773,0.19485843537455486,0.2101652833747248,0.40586917669210604,0.424131520710673
random,35,20270962,12,16,1.0,0.1,0.1,4,0.3896204902746878,0.035344293392556084,0.035344293392556084,0.035344293392556084,0.0,0.1371007442594363,0.018796614076491355,0.15445849850398097,0.018796614076491358,3.469446951953614e-18,17.856433284385925,28.053832061390818,36.837761401285746,3.0698134501071457,0.14935393224754123,0.18720411894424993,0.214519076630082,0.40586917669210604,0.424131520710673
random,36,20270963,12,16,1.0,0.1,0.1,4,0.38443512599868657,0.035344293392556084,0.035344293392556084,0.035344293392556084,0.0,0.1352930196114569,0.01830420115558606,0.15242821086596892,0.018304201155586067,6.938893903907228e-18,15.970526520410683,25.186342442593027,31.58231633494347,2.6318596945786226,0.1412468986342121,0.17737885843393086,0.19862837665230793,0.40586917669210604,0.424131520710673
random,37,20270964,12,16,1.0,0.1,0.1,4,0.2953582322417018,0.035344293392556084,0.035344293392556084,0.035344293392556084,0.0,0.10414087318997195,0.010845321468769818,0.11740398617869907,0.010845321468769821,3.469446951953614e-18,12.58621842835101,22.46987824636003,31.40748606414806,2.6172905053456716,0.1253911645535174,0.16754044445356248,0.19807784000814627,0.40586917669210604,0.424131520710673
random,38,20270965,12,16,1.0,0.1,0.1,4,0.29057181272386284,0.035344293392556084,0.035344293392556084,0.035344293392556084,0.0,0.10246218462354933,0.01049849927783031,0.11551485824645447,0.01049849927783042,1.0928757898653885e-16,14.825893203170715,24.653564649266684,35.906201590509156,2.992183465875763,0.13609110404257507,0.17549274411479673,0.21178931028903955,0.40586917669210604,0.424131520710673
random,39,20270966,12,16,1.0,0.1,0.1,4,0.3008766339136297,0.035344293392556084,0.035344293392556084,0.035344293392556084,0.0,0.10607572889359859,0.011252060260308228,0.1195811873211523,0.011252060260308006,2.220446049250313e-16,11.900914602301098,23.403229793086687,29.762041677060566,2.4801701397550473,0.1219296909539594,0.17098468084580007,0.19281937191683265,0.40586917669210604,0.424131520710673
random,40,20270967,12,16,1.0,0.1,0.1,4,0.4190250669173513,0.035344293392556084,0.035344293392556084,0.035344293392556084,0.0,0.14733856040120097,0.021708651381098346,0.16595184778916594,0.021708651381098343,3.469446951953614e-18,18.485052837147617,28.01384521750162,31.316286439772338,2.609690536647695,0.15196012837022235,0.18707065462423733,0.19779004624058205,0.40586917669210604,0.424131520710673
random,41,20270968,12,16,1.0,0.1,0.1,4,0.4667917653588105,0.035344293392556084,0.035344293392556084,0.035344293392556084,0.0,0.16391839934614896,0.026869241644203568,0.18454598995072646,0.026869241644203568,0.0,23.546175244408854,28.79292013678059,31.695118009537843,2.6412598341281535,0.17150606773078364,0.1896540668477335,0.19898277818739393,0.40586917669210604,0.424131520710673
random,42,20270969,12,16,1.0,0.1,0.1,4,0.29344948174406804,0.035344293392556084,0.035344293392556084,0.035344293392556084,0.0,0.10347149097485395,0.010706349444559282,0.1166507104434551,0.010706349444559282,0.0,13.284147964220342,22.57645729112514,31.561040493594525,2.630086707799544,0.12882084861385457,0.16793731301726184,0.19856146107609204,0.40586917669210604,0.424131520710673
random,43,20270970,12,16,1.0,0.1,0.1,4,0.3172332472770877,0.035344293392556084,0.035344293392556084,0.035344293392556084,0.0,0.11180708389693832,0.012500824009537004,0.12602906915852108,0.012500824009537006,1.734723475976807e-18,11.330056127016693,23.914569677506485,30.508854657518164,2.54240455479318,0.118969417244257,0.17284251971543316,0.19522357236604404,0.40586917669210604,0.424131520710673
random,44,20270971,12,16,1.0,0.1,0.1,4,0.3527034650001357,0.035344293392556084,0.035344293392556084,0.035344293392556084,0.0,0.12421630441832486,0.015429690283345952,0.1399823778306628,0.015429690283345955,3.469446951953614e-18,13.865756288656868,24.41401675081961,26.761854038201292,2.230154503183441,0.13161066541470823,0.1746380698264983,0.1828426059705513,0.40586917669210604,0.424131520710673
random,45,20270972,12,16,1.0,0.1,0.1,4,0.3041201735825973,0.035344293392556084,0.035344293392556084,0.035344293392556084,0.0,0.10721269456955819,0.011494561876865372,0.12086045581203786,0.011494561876865261,1.1102230246251565e-16,11.647808244073927,23.799522593327236,32.94426769534331,2.745355641278609,0.12062613417216357,0.17242626716788784,0.20286598441023954,0.40586917669210604,0.424131520710673
random,46,20270973,12,16,1.0,0.1,0.1,4,0.3247193669125231,0.035344293392556084,0.035344293392556084,0.035344293392556084,0.0,0.11442837574092661,0.013093853174706682,0.12897738251985302,0.013093853174706793,1.1102230246251565e-16,17.03600038862043,25.632398105502855,38.638052421727316,3.2198377018106097,0.1458824754873304,0.17894267423432048,0.2196984117426985,0.40586917669210604,0.424131520710673
random,47,20270974,12,16,1.0,0.1,0.1,4,0.46264556306287535,0.035344293392556084,0.035344293392556084,0.035344293392556084,0.0,0.1624818985536932,0.026400367357612645,0.18293595051386125,0.026400367357612642,3.469446951953614e-18,24.30627771992568,30.261131274791865,40.24085006604542,3.3534041721704515,0.1742523049493608,0.19442937646413158,0.2242089148842731,0.40586917669210604,0.424131520710673
random,48,20270975,12,16,1.0,0.1,0.1,4,0.2926474891639463,0.035344293392556084,0.035344293392556084,0.035344293392556084,0.0,0.10319021813123369,0.01064822111797159,0.1163341778745921,0.010648221117971592,1.734723475976807e-18,12.88640576699103,23.341060209934312,30.67873411647019,2.5565611763725156,0.1268776729677672,0.17075742342503095,0.19576633997703688,0.40586917669210604,0.424131520710673
random,49,20270976,12,16,1.0,0.1,0.1,4,0.3667667683818895,0.035344293392556084,0.035344293392556084,0.035344293392556084,0.0,0.12912844075726407,0.016674154212402256,0.1455027877137003,0.016674154212402263,6.938893903907228e-18,15.24996622494475,25.24504546227731,29.209921929419316,2.434160160784943,0.13802372516237105,0.17758545084352714,0.19102248994747403,0.40586917669210604,0.424131520710673
aligned,0,20270927,13,16,1.0,0.1,0.1,4,1.3,0.035344293392556084,0.035344293392556084,0.035344293392556084,0.0,0.43638097040557705,0.1904283513321131,0.48430777838827055,0.1904283513321131,0.0,152.4379150776487,152.43791507764868,152.75511897844262,11.75039376757251,0.43638097040557705,0.436380970405577,0.43683476108911273,0.43638097040557705,0.4594758141032291
alternating,0,20270927,13,16,1.0,0.1,0.1,4,0.1,0.035344293392556084,0.035344293392556084,0.035344293392556084,0.0,0.035344293392556084,0.0012492190754190837,0.03987761167674497,0.0012492190754144303,4.653395724307785e-15,49.0,84.99999999999999,169.00000000000372,13.000000000000286,0.2474100537478926,0.32585828424427404,0.4594758141032342,0.43638097040557705,0.4594758141032291
orthogonal,0,20270927,13,16,1.0,0.1,0.1,4,0.36055512754639896,0.035344293392556084,0.035344293392556084,0.035344293392556084,0.0,0.1269593676075641,0.016118681023312598,0.1430653313947743,0.0161186810233126,3.469446951953614e-18,12.903005838191483,13.0,13.008124924032952,1.000624994156381,0.12695936760756413,0.12743566212190402,0.12747547917359003,0.43638097040557705,0.4594758141032291
clustered,0,20270927,13,16,1.0,0.1,0.1,4,0.7000000000000001,0.035344293392556084,0.035344293392556084,0.035344293392556084,0.0,0.2437456392136235,0.059411936635657914,0.2736613023512382,0.059411936635657914,0.0,47.5592614655893,48.55289224174359,52.03031184140005,4.002331680107696,0.24374563921362352,0.2462787021956087,0.25494559822103297,0.43638097040557705,0.4594758141032291
random,0,20270927,13,16,1.0,0.1,0.1,4,0.4719492297655025,0.035344293392556084,0.035344293392556084,0.035344293392556084,0.0,0.1657045348633698,0.027457992874285738,0.18654763163631838,0.027457992874285745,6.938893903907228e-18,24.40882418541745,32.77843646044968,36.445843116443925,2.80352639357261,0.17461949713870487,0.20235475800881514,0.21337488709028776,0.43638097040557705,0.4594758141032291
random,1,20270928,13,16,1.0,0.1,0.1,4,0.4583248530175862,0.035344293392556084,0.035344293392556084,0.035344293392556084,0.0,0.16098438690199277,0.025915972826210498,0.18125732517905346,0.025915972826210498,0.0,20.745738946962764,32.868761508813876,39.99769484427489,3.076745757251915,0.16098438690199274,0.2026333730218466,0.2235304976334543,0.43638097040557705,0.4594758141032291
random,2,20270929,13,16,1.0,0.1,0.1,4,0.33719988325384737,0.035344293392556084,0.035344293392556084,0.035344293392556084,0.0,0.11879580264455994,0.014112442725965233,0.13388867352017986,0.014112442725965348,1.1449174941446927e-16,15.47359207349025,28.539444629198638,38.593632218878135,2.968740939913703,0.13903203365936048,0.18881742142255215,0.21957208738255213,0.43638097040557705,0.4594758141032291
random,3,20270930,13,16,1.0,0.1,0.1,4,0.37427092969102455,0.035344293392556084,0.035344293392556084,0.035344293392556084,0.0,0.13174761731320694,0.017357434667707228,0.14844557762571187,0.01735743466770712,1.0755285551056204e-16,17.078830619865727,28.61384473716812,37.50265685318923,2.884819757937633,0.14606574203483785,0.18906337738110565,0.21644637747003345,0.43638097040557705,0.4594758141032291
random,4,20270931,13,16,1.0,0.1,0.1,4,0.32313098271861534,0.035344293392556084,0.035344293392556084,0.035344293392556084,0.0,0.11387229626894987,0.012966899857563495,0.12835196588113007,0.012966899857563498,3.469446951953614e-18,14.902658695852026,25.904317085322706,33.429088431793915,2.571468340907224,0.13644297533152241,0.17988931885659473,0.20435326017186117,0.43638097040557705,0.4594758141032291
random,5,20270932,13,16,1.0,0.1,0.1,4,0.24759676389967866,0.035344293392556084,0.035344293392556084,0.035344293392556084,0.0,0.08737124015195653,0.007633733605690861,0.09852508702340845,0.007633733605690863,1.734723475976807e-18,11.037220303426992,23.923915963100832,36.31438028187727,2.793413867836713,0.1174219150867665,0.17287629154927137,0.21298970998652428,0.43638097040557705,0.4594758141032291
random,6,20270933,13,16,1.0,0.1,0.1,4,0.4431193693165165,0.035344293392556084,0.035344293392556084,0.035344293392556084,0.0,0.15570993467581784,0.024245583756747457,0.1753433305655725,0.024245583756747457,0.0,19.959833755805647,32.00162474687023,35.87154657198343,2.7593497363064174,0.15790568409638123,0.19994259195627553,0.2116870809532451,0.43638097040557705,0.4594758141032291
random,7,20270934,13,16,1.0,0.1,0.1,4,0.3649640807286444,0.035344293392556084,0.035344293392556084,0.035344293392556084,0.0,0.12849904628552009,0.016512004896288235,0.14479555256138488,0.016512004896288235,0.0,16.11090532377591,29.737528508096336,36.70856352075453,2.8237356554426563,0.14186631119730903,0.1927399488122085,0.2141425641514542,0.43638097040557705,0.4594758141032291
random,8,20270935,13,16,1.0,0.1,0.1,4,0.24246086185210916,0.035344293392556084,0.035344293392556084,0.035344293392556084,0.0,0.08556561896803253,0.007321475149382527,0.09649147852440798,0.007321475149382419,1.0842021724855044e-16,13.771382943148797,25.18239799496584,37.000045845016544,2.8461573726935803,0.13116201533783506,0.17736496818736955,0.21499107670081397,0.43638097040557705,0.4594758141032291
random,9,20270936,13,16,1.0,0.1,0.1,4,0.2763685449769639,0.035344293392556084,0.035344293392556084,0.035344293392556084,0.0,0.09747827663379233,0.009502014415494144,0.10990521541559284,0.009502014415494144,0.0,11.890145496237176,25.208286386444108,37.766599032505084,2.905123002500391,0.12187451154120695,0.1774561134832305,0.21720671243106013,0.43638097040557705,0.4594758141032291
random,10,20270937,13,16,1.0,0.1,0.1,4,0.38741391971899986,0.035344293392556084,0.035344293392556084,0.035344293392556084,0.0,0.1363315716314845,0.018586297423510586,0.1535946581120664,0.01858629742351059,3.469446951953614e-18,17.10077378057831,29.27929056313935,37.8719986416903,2.9132306647454076,0.14615954574069032,0.19124917852427928,0.21750959318486424,0.43638097040557705,0.4594758141032291
random,11,20270938,13,16,1.0,0.1,0.1,4,0.3052691573565334,0.035344293392556084,0.035344293392556084,0.035344293392556084,0.0,0.10761540023161983,0.011581074367011722,0.12131354534674621,0.011581074367011725,3.469446951953614e-18,15.505781654666905,27.144045617830447,36.333367492810794,2.7948744225239075,0.1391765721028262,0.18414358411261464,0.21304538424061406,0.43638097040557705,0.4594758141032291
random,12,20270939,13,16,1.0,0.1,0.1,4,0.3928550427552282,0.035344293392556084,0.035344293392556084,0.035344293392556084,0.0,0.13822802924500535,0.019106988068958056,0.15572444311279154,0.019106988068958053,3.469446951953614e-18,19.25593694840505,31.485201320957728,38.83768844391789,2.987514495685992,0.15509636923865988,0.19832275230933671,0.2202652520242935,0.43638097040557705,0.4594758141032291
random,13,20270940,13,16,1.0,0.1,0.1,4,0.3666983601883882,0.035344293392556084,0.035344293392556084,0.035344293392556084,0.0,0.12910455798796822,0.01666798689326865,0.1454759517618489,0.01666798689326865,0.0,20.38927525818163,29.838503918310966,37.806506307131336,2.9081927928562568,0.15959533698229048,0.19306690103878793,0.2173214413117591,0.43638097040557705,0.4594758141032291
random,14,20270941,13,16,1.0,0.1,0.1,4,0.3841788722590137,0.035344293392556084,0.035344293392556084,0.035344293392556084,0.0,0.13520366667197717,0.01828003148154711,0.15232785042587604,0.018280031481547113,3.469446951953614e-18,15.516628060916911,28.34763037369334,31.793027866196457,2.4456175281689583,0.13922524110189372,0.188181828574778,0.19928988151881447,0.43638097040557705,0.4594758141032291
random,15,20270942,13,16,1.0,0.1,0.1,4,0.38351331069725747,0.035344293392556084,0.035344293392556084,0.035344293392556084,0.0,0.13497158476039345,0.018217328692732074,0.15206717517771162,0.01821732869273207,3.469446951953614e-18,20.477935155515706,31.456120028000875,45.65289925015498,3.5117614807811526,0.15994194953627794,0.19823114078683746,0.23881053701936852,0.43638097040557705,0.4594758141032291
random,16,20270943,13,16,1.0,0.1,0.1,4,0.3245022623454684,0.035344293392556084,0.035344293392556084,0.035344293392556084,0.0,0.11435237249219932,0.013076465094594703,0.12889190366300807,0.013076465094594704,1.734723475976807e-18,11.842348832449957,27.07933779570937,36.034637916613335,2.771895224354872,0.12162930592280546,0.1839239661493768,0.21216775688415326,0.43638097040557705,0.4594758141032291
random,17,20270944,13,16,1.0,0.1,0.1,4,0.4414403688067845,0.035344293392556084,0.035344293392556084,0.035344293392556084,0.0,0.15512711249280664,0.024064421030355887,0.17468968584429367,0.024064421030355887,0.0,20.544372159852568,30.48263550670911,34.82783569229759,2.6790642840228918,0.16020119098994423,0.1951396672745654,0.2085847470511201,0.43638097040557705,0.4594758141032291
random,18,20270945,13,16,1.0,0.1,0.1,4,0.3317687251786031,0.035344293392556084,0.035344293392556084,0.035344293392556084,0.0,0.11689564170684853,0.013664591050055906,0.13175204616382108,0.013664591050055908,1.734723475976807e-18,15.571807779881619,27.976571291405406,39.11181145239987,3.008600880953836,0.13947257550281134,0.18694615942042123,0.22104122000326656,0.43638097040557705,0.4594758141032291
random,19,20270946,13,16,1.0,0.1,0.1,4,0.3895556292525407,0.035344293392556084,0.035344293392556084,0.035344293392556084,0.0,0.1370781365873293,0.01879041553025451,0.15443310899720153,0.01879041553025429,2.220446049250313e-16,19.308008015912872,30.595079717766613,39.06443951421423,3.0049568857087867,0.15530593009226318,0.19549925114281527,0.2209073176961583,0.43638097040557705,0.4594758141032291
random,20,20270947,13,16,1.0,0.1,0.1,4,0.2578145643051741,0.035344293392556084,0.035344293392556084,0.035344293392556084,0.0,0.09096220721268963,0.008274123141004286,0.1025689855747971,0.008274123141004288,1.734723475976807e-18,12.546640624122958,25.966147038526227,36.46022230318573,2.804632484860441,0.12519386087217854,0.18010387612615036,0.21341697494613668,0.43638097040557705,0.4594758141032291
random,21,20270948,13,16,1.0,0.1,0.1,4,0.4266414677773528,0.035344293392556084,0.035344293392556084,0.035344293392556084,0.0,0.149986577093749,0.02249597330829911,0.16892319757546392,0.022495973308299114,3.469446951953614e-18,18.964412863322252,30.737242985546516,31.77204639998976,2.4440035692299817,0.15391785569902278,0.19595292869292905,0.19922411106080368,0.43638097040557705,0.4594758141032291
random,22,20270949,13,16,1.0,0.1,0.1,4,0.26293879637130935,0.035344293392556084,0.035344293392556084,0.035344293392556084,0.0,0.09276241541601332,0.008604865713813026,0.10459600686150661,0.008604865713813026,0.0,11.931540263757832,25.685252176407694,40.676659179948935,3.128973783072995,0.12208647630518758,0.17912706935501968,0.22541973864751283,0.43638097040557705,0.4594758141032291
random,23,20270950,13,16,1.0,0.1,0.1,4,0.4043509868516051,0.035344293392556084,0.035344293392556084,0.035344293392556084,0.0,0.14223232964420687,0.02023003559601833,0.16022046906699727,0.020230035596018325,3.469446951953614e-18,20.605793782931006,32.19658378199513,41.32251662583202,3.178655125064002,0.16044048945883135,0.2005507083602474,0.22720227994743275,0.43638097040557705,0.4594758141032291
random,24,20270951,13,16,1.0,0.1,0.1,4,0.32948478773232825,0.035344293392556084,0.035344293392556084,0.035344293392556084,0.0,0.11609638411265248,0.013478370404032547,0.13085325263540337,0.013478370404032549,1.734723475976807e-18,15.16422715078081,27.73679146563355,35.304677500721944,2.7157444231324575,0.13763517653835217,0.18614330229635093,0.21000780124895552,0.43638097040557705,0.4594758141032291
random,25,20270952,13,16,1.0,0.1,0.1,4,0.27619388432387604,0.035344293392556084,0.035344293392556084,0.035344293392556084,0.0,0.09741696520669904,0.009490065110083212,0.10983619757579577,0.009490065110083212,0.0,12.868207600082053,23.898799991534762,33.337513760752685,2.5644241354425144,0.12678805306682223,0.1727855226257416,0.20407316853760674,0.43638097040557705,0.4594758141032291
random,26,20270953,13,16,1.0,0.1,0.1,4,0.3033035928415303,0.035344293392556084,0.035344293392556084,0.035344293392556084,0.0,0.1069264763104334,0.011433271336165673,0.12053842180856256,0.011433271336165675,1.734723475976807e-18,12.045884205417615,27.22269615482865,31.940708320321523,2.4569775631016557,0.12267007919495747,0.1844101714140239,0.19975220178046268,0.43638097040557705,0.4594758141032291
random,27,20270954,13,16,1.0,0.1,0.1,4,0.32176947622563246,0.035344293392556084,0.035344293392556084,0.035344293392556084,0.0,0.11339560206647975,0.012858562568019427,0.12781581706730405,0.012858562568019427,0.0,15.78247480750077,27.134901176204842,35.95989645647114,2.7661458812670108,0.14041285050468527,0.18411256382693392,0.21194760815710767,0.43638097040557705,0.4594758141032291
random,28,20270955,13,16,1.0,0.1,0.1,4,0.36840192681240763,0.035344293392556084,0.035344293392556084,0.035344293392556084,0.0,0.12969927616051677,0.016821902236561992,0.14614419627586206,0.016821902236561992,0.0,15.625500371890018,26.31214582196464,29.6245104181343,2.2788084937026385,0.13971282377624825,0.1812998468725409,0.19237334408458137,0.43638097040557705,0.4594758141032291
random,29,20270956,13,16,1.0,0.1,0.1,4,0.41072754051054455,0.035344293392556084,0.035344293392556084,0.035344293392556084,0.0,0.14445192951163502,0.02086635993963437,0.16271207586300873,0.02086635993963437,0.0,17.186552580210567,29.56813704167183,34.69888202040397,2.6691447708003055,0.14652566097408368,0.19219022039911926,0.2081982356207778,0.43638097040557705,0.4594758141032291
random,30,20270957,13,16,1.0,0.1,0.1,4,0.41725630853237794,0.035344293392556084,0.035344293392556084,0.035344293392556084,0.0,0.1467233828340688,0.021527751070272716,0.16526146974800904,0.02152775107027272,3.469446951953614e-18,18.49465829527597,30.07376076012135,33.40800892641037,2.5698468404931054,0.15199960505151497,0.1938265090516091,0.2042888201117302,0.43638097040557705,0.4594758141032291
random,31,20270958,13,16,1.0,0.1,0.1,4,0.4069808207751613,0.035344293392556084,0.035344293392556084,0.035344293392556084,0.0,0.14314787360826894,0.02049131371856894,0.1612482597101652,0.020491313718568938,3.469446951953614e-18,19.52306741943076,30.389108631500942,35.219059050108925,2.7091583884699175,0.15616846106383236,0.19484007336134346,0.2097529985094544,0.43638097040557705,0.4594758141032291
random,32,20270959,13,16,1.0,0.1,0.1,4,0.30974149773384146,0.035344293392556084,0.035344293392556084,0.035344293392556084,0.0,0.10918265111537884,0.011920851304582536,0.12307678559847579,0.011920851304582538,1.734723475976807e-18,13.790483381101016,26.084015563490794,35.00941455164297,2.6930318885879205,0.1312529424390983,0.18051218741525724,0.2091277802616545,0.43638097040557705,0.4594758141032291
random,33,20270960,13,16,1.0,0.1,0.1,4,0.32063148696656635,0.035344293392556084,0.035344293392556084,0.035344293392556084,0.0,0.11299713622907535,0.012768352795972214,0.1273676422331056,0.012768352795972217,3.469446951953614e-18,15.523839474158478,28.415296176008802,38.45147325402402,2.9578056349249247,0.13925759007990382,0.18840628974838697,0.2191673193404836,0.43638097040557705,0.4594758141032291
random,34,20270961,13,16,1.0,0.1,0.1,4,0.46821095920115524,0.035344293392556084,0.035344293392556084,0.035344293392556084,0.0,0.16440997613924316,0.027030640254106505,0.18509690797908096,0.02703064025410651,3.469446951953614e-18,23.78191340073193,32.31278679306869,39.38932100764737,3.029947769819028,0.1723624665353773,0.20091229340647937,0.22182400945469977,0.43638097040557705,0.4594758141032291
random,35,20270962,13,16,1.0,0.1,0.1,4,0.41059233636399095,0.035344293392556084,0.035344293392556084,0.035344293392556084,0.0,0.14440487787475909,0.020852768754024087,0.1626592623491956,0.020852768754024087,0.0,19.390859803840968,30.751259732929235,39.907736920910786,3.0698259169931372,0.15563878679729962,0.19599760266784377,0.2232789874090444,0.43638097040557705,0.4594758141032291
random,36,20270963,13,16,1.0,0.1,0.1,4,0.3706428217311449,0.035344293392556084,0.035344293392556084,0.035344293392556084,0.0,0.1304814698876324,0.017025413984037122,0.14702305455100717,0.017025413984037122,0.0,15.970526520410683,27.655480054059744,37.49369491419242,2.884130378014801,0.1412468986342121,0.18587025911480143,0.2164205140340274,0.43638097040557705,0.4594758141032291
random,37,20270964,13,16,1.0,0.1,0.1,4,0.3046023854326019,0.035344293392556084,0.035344293392556084,0.035344293392556084,0.0,0.1073817075246112,0.01153083111090114,0.12105061575653764,0.01153083111090114,0.0,12.707731572190323,25.452044802415557,34.12004938784745,2.6246191836805735,0.12599500262028449,0.17831202953137698,0.20645439338880697,0.43638097040557705,0.4594758141032291
random,38,20270965,13,16,1.0,0.1,0.1,4,0.27712067537646073,0.035344293392556084,0.035344293392556084,0.035344293392556084,0.0,0.09774229190378467,0.00955355562660465,0.11020241316082435,0.00955355562660476,1.0928757898653885e-16,14.961956382857673,27.519044708709504,39.5617153414315,3.0432088724178077,0.13671415917546403,0.1854112067471395,0.22230890549147156,0.43638097040557705,0.4594758141032291
random,39,20270966,13,16,1.0,0.1,0.1,4,0.35398228822392014,0.035344293392556084,0.035344293392556084,0.035344293392556084,0.0,0.12466317316558737,0.015540906743713221,0.14048465426259993,0.015540906743713001,2.203098814490545e-16,15.64611560456952,27.75400164306528,34.219803595189795,2.632292584245369,0.13980495724201067,0.18620104261719303,0.20675597067123752,0.43638097040557705,0.4594758141032291
random,40,20270967,13,16,1.0,0.1,0.1,4,0.4859374295577224,0.035344293392556084,0.035344293392556084,0.035344293392556084,0.0,0.17054480110970113,0.029085529185547517,0.19197036667871648,0.02908552918554752,3.469446951953614e-18,23.65571304612031,34.509157262831486,35.869044544039184,2.7591572726183986,0.1719045315861498,0.20762826765487907,0.21167969827423355,0.43638097040557705,0.4594758141032291
random,41,20270968,13,16,1.0,0.1,0.1,4,0.4733726709793137,0.035344293392556084,0.035344293392556084,0.035344293392556084,0.0,0.16619735833525653,0.027621561917617665,0.18709986350445162,0.027621561917617665,0.0,24.12097229625648,32.466134185660266,34.82712767862928,2.679009821433022,0.17358680453922426,0.20138846573188451,0.20858262688488619,0.43638097040557705,0.4594758141032291
random,42,20270969,13,16,1.0,0.1,0.1,4,0.30865366427166324,0.035344293392556084,0.035344293392556084,0.035344293392556084,0.0,0.10880147679743368,0.0118377613533025,0.12264795824023023,0.0118377613533025,0.0,13.634034954290973,25.144629562057162,34.38055090123025,2.644657761633096,0.13050630842925118,0.17723191273940597,0.20724101912805196,0.43638097040557705,0.4594758141032291
random,43,20270970,13,16,1.0,0.1,0.1,4,0.31625588069541805,0.035344293392556084,0.035344293392556084,0.035344293392556084,0.0,0.11146476865549829,0.012424394651423754,0.12564401562972938,0.012424394651423755,1.734723475976807e-18,12.813259581776386,26.577521099382,33.716480997023496,2.5935754613094995,0.12651706718009,0.1822118172202373,0.2052298009975325,0.43638097040557705,0.4594758141032291
random,44,20270971,13,16,1.0,0.1,0.1,4,0.3805036870781558,0.035344293392556084,0.035344293392556084,0.035344293392556084,0.0,0.1339219877701696,0.01793509880831345,0.1508882123508406,0.017935098808313458,6.938893903907228e-18,16.673172307506793,28.300964159784662,32.84196657442677,2.526305121109752,0.14432063225432012,0.18802687116780625,0.2025507618328054,0.43638097040557705,0.4594758141032291
random,45,20270972,13,16,1.0,0.1,0.1,4,0.32710347500446535,0.035344293392556084,0.035344293392556084,0.035344293392556084,0.0,0.11526293013224755,0.013285543062671379,0.12991595914125842,0.013285543062671268,1.1102230246251565e-16,13.222069968697372,26.697435325862173,35.87145912131663,2.759343009332049,0.12851950054922626,0.1826224122988039,0.2116868229188218,0.43638097040557705,0.4594758141032291
random,46,20270973,13,16,1.0,0.1,0.1,4,0.3515939387737116,0.035344293392556084,0.035344293392556084,0.035344293392556084,0.0,0.12382856373369869,0.015333513196350677,0.1395465493617607,0.015333513196350679,1.734723475976807e-18,19.48568531120116,30.148178451625242,42.60938065472257,3.27764466574789,0.1560188763847693,0.19406617327836612,0.2307129192430981,0.43638097040557705,0.4594758141032291
random,47,20270974,13,16,1.0,0.1,0.1,4,0.44268770651347294,0.035344293392556084,0.035344293392556084,0.035344293392556084,0.0,0.15556010171119508,0.02419894524439736,0.17517529330281967,0.024198945244397363,3.469446951953614e-18,24.30627771992568,32.17490387231061,45.66312164227203,3.5125478186363104,0.1742523049493608,0.20048317552120365,0.23883727221417558,0.43638097040557705,0.4594758141032291
random,48,20270975,13,16,1.0,0.1,0.1,4,0.3228849897537093,0.035344293392556084,0.035344293392556084,0.035344293392556084,0.0,0.11378617147857564,0.012947292819751821,0.1282551004571193,0.012947292819751823,1.734723475976807e-18,15.81884086779164,26.868646997617418,35.040745151222865,2.695441934709451,0.14057452743318857,0.18320705870715073,0.20922133557504685,0.43638097040557705,0.4594758141032291
random,49,20270976,13,16,1.0,0.1,0.1,4,0.3747210287051583,0.035344293392556084,0.035344293392556084,0.035344293392556084,0.0,0.131904671712278,0.01739884241952383,0.1486220206736839,0.017398842419523834,3.469446951953614e-18,15.868833839681237,28.5120399414712,33.134071480465494,2.5487747292665763,0.14079648410804035,0.18872674472367884,0.20344953708400745,0.43638097040557705,0.4594758141032291
aligned,0,20270927,14,16,1.0,0.1,0.1,4,1.4000000000000001,0.035344293392556084,0.035344293392556084,0.035344293392556084,0.0,0.46614961306229985,0.21729546175813186,0.5160726955538539,0.21729546175813186,0.0,173.94503977233484,173.94503977233484,174.43070486046412,12.459336061461723,0.46614961306229985,0.46614961306229985,0.46679991843453444,0.46614961306229985,0.4948201074957852
alternating,0,20270927,14,16,1.0,0.1,0.1,4,0.0,0.035344293392556084,0.035344293392556084,0.035344293392556084,0.0,0.0,0.0,0.0,-5.429489229615451e-15,5.429489229615451e-15,49.0,97.99999999999997,196.00000000000432,14.000000000000309,0.2474100537478926,0.349890653477726,0.49482010749579064,0.46614961306229985,0.4948201074957852
orthogonal,0,20270927,14,16,1.0,0.1,0.1,4,0.37416573867739417,0.035344293392556084,0.035344293392556084,0.035344293392556084,0.0,0.13171091198122803,0.017347764334926796,0.14840434068716424,0.0173477643349268,3.469446951953614e-18,13.886887157168196,14.0,14.008749929395284,1.000624994956806,0.13171091198122806,0.13224623645256287,0.13228755661276811,0.46614961306229985,0.4948201074957852
clustered,0,20270927,14,16,1.0,0.1,0.1,4,0.7211102550927979,0.035344293392556084,0.035344293392556084,0.035344293392556084,0.0,0.2508635816984932,0.06293253662259658,0.2815679610896611,0.06293253662259657,1.3877787807814457e-17,50.37750212186296,51.54540316753496,56.03264354179696,4.002331681556925,0.2508635816984932,0.25375480465806344,0.2645695507018347,0.46614961306229985,0.4948201074957852
random,0,20270927,14,16,1.0,0.1,0.1,4,0.4647065052651257,0.035344293392556084,0.035344293392556084,0.035344293392556084,0.0,0.16319600130603867,0.026632934842280576,0.18373634565231645,0.02663293484228058,3.469446951953614e-18,24.40882418541745,35.72971514623542,39.44030381344609,2.8171645581032925,0.17461949713870487,0.21126817488672409,0.22196751984036062,0.46614961306229985,0.4948201074957852
random,1,20270928,14,16,1.0,0.1,0.1,4,0.4372882120631466,0.035344293392556084,0.035344293392556084,0.035344293392556084,0.0,0.1536854495436959,0.023619217401447897,0.17307270769090777,0.0236192174014479,3.469446951953614e-18,20.745738946962764,34.96534152544925,43.549127883624934,3.1106519916874955,0.16098438690199274,0.2089961042989419,0.23324322341729326,0.46614961306229985,0.4948201074957852
random,2,20270929,14,16,1.0,0.1,0.1,4,0.3546246082190289,0.035344293392556084,0.035344293392556084,0.035344293392556084,0.0,0.12488760952403809,0.01559691501262861,0.1407369133566243,0.015596915012628722,1.1275702593849246e-16,16.798597814767113,31.899201003457463,41.56290453405316,2.9687788952895113,0.14486244796530404,0.19962236944828263,0.2278621802181343,0.46614961306229985,0.4948201074957852
random,3,20270930,14,16,1.0,0.1,0.1,4,0.3670726135496282,0.035344293392556084,0.035344293392556084,0.035344293392556084,0.0,0.12923521649717618,0.016701741183071998,0.14562276610985347,0.016701741183071883,1.1449174941446927e-16,17.64266882049094,31.203407391998198,40.41918273792181,2.8870844812801293,0.14845726129717868,0.19743325893110558,0.22470517147823205,0.46614961306229985,0.4948201074957852
random,4,20270931,14,16,1.0,0.1,0.1,4,0.2932149594174861,0.035344293392556084,0.035344293392556084,0.035344293392556084,0.0,0.10338924117091416,0.010689335189897453,0.1165581504710329,0.010689335189897455,1.734723475976807e-18,14.902658695852026,28.105442364463514,38.79378995699385,2.770984996928132,0.13644297533152241,0.187376238420936,0.22014073321872532,0.46614961306229985,0.4948201074957852
random,5,20270932,14,16,1.0,0.1,0.1,4,0.2559302885559913,0.035344293392556084,0.035344293392556084,0.035344293392556084,0.0,0.09030012439871124,0.008154112466422725,0.10182344295043988,0.008154112466422616,1.0928757898653885e-16,11.70324808476346,26.90805670270901,40.084653896217645,2.863189564015546,0.1209128642942858,0.1833413693509526,0.22377335471125012,0.46614961306229985,0.4948201074957852
random,6,20270933,14,16,1.0,0.1,0.1,4,0.4878333074081743,0.035344293392556084,0.035344293392556084,0.035344293392556084,0.0,0.17120035075539664,0.029309560098770837,0.1927046291222383,0.029309560098770834,3.469446951953614e-18,23.975023190742164,37.01508107368926,38.7364925844107,2.766892327457907,0.17306084566848162,0.21503475383164583,0.21997810220855102,0.46614961306229985,0.4948201074957852
random,7,20270934,14,16,1.0,0.1,0.1,4,0.38385728745225534,0.035344293392556084,0.035344293392556084,0.035344293392556084,0.0,0.1350915311518565,0.01824972178895301,0.15220189991945854,0.01824972178895301,0.0,18.749058298131004,34.104699587085065,39.56282576166029,2.825916125832878,0.153041436454869,0.20640794869777668,0.22231202535838582,0.46614961306229985,0.4948201074957852
random,8,20270935,14,16,1.0,0.1,0.1,4,0.2720460439223622,0.035344293392556084,0.035344293392556084,0.035344293392556084,0.0,0.09596077943430541,0.009208471189639411,0.1081969187820142,0.009208471189639304,1.0755285551056204e-16,16.41063404200717,29.013294357702726,41.80495920586665,2.986068514704761,0.14317987667614865,0.19037846714476697,0.22852473058092693,0.46614961306229985,0.4948201074957852
random,9,20270936,14,16,1.0,0.1,0.1,4,0.2814762262489435,0.035344293392556084,0.035344293392556084,0.035344293392556084,0.0,0.09927098774642339,0.009854729008150542,0.11192316517741752,0.009854729008150655,1.1275702593849246e-16,12.858595604772407,29.32893389899922,41.55005499799143,2.9678610712851023,0.12674069162104837,0.19141124232483112,0.22782695470071782,0.46614961306229985,0.4948201074957852
random,10,20270937,14,16,1.0,0.1,0.1,4,0.4035744126777246,0.035344293392556084,0.035344293392556084,0.035344293392556084,0.0,0.1419619400006859,0.020153192408758343,0.15991691632054983,0.020153192408758347,3.469446951953614e-18,18.44054371615116,31.979672270414497,40.78670806060202,2.9133362900430013,0.15177706997868798,0.199874001875813,0.2257244641877644,0.46614961306229985,0.4948201074957852
random,11,20270938,14,16,1.0,0.1,0.1,4,0.37240886729673184,0.035344293392556084,0.035344293392556084,0.035344293392556084,0.0,0.13109782959707378,0.017186640925063393,0.1477155527838412,0.01718664092506339,3.469446951953614e-18,21.630168358801992,33.89138824107565,44.44632867043364,3.174737762173831,0.16438010499553085,0.20576143633632063,0.23563361731181698,0.46614961306229985,0.4948201074957852
random,12,20270939,14,16,1.0,0.1,0.1,4,0.43602964330070487,0.035344293392556084,0.035344293392556084,0.035344293392556084,0.0,0.15324836684186344,0.02348506193969835,0.1725824368253699,0.02348506193969835,0.0,23.99832477395358,36.34709939855624,43.15032329435211,3.0821659495965794,0.17314492509376408,0.2130856398372024,0.23217279549896688,0.46614961306229985,0.4948201074957852
random,13,20270940,14,16,1.0,0.1,0.1,4,0.4040216143441662,0.035344293392556084,0.035344293392556084,0.035344293392556084,0.0,0.14211764980064853,0.020197426384859777,0.16009172454426768,0.020197426384859773,3.469446951953614e-18,23.32050208832393,34.25699198842996,41.08359232192926,2.934542308709233,0.17068220779297655,0.2068682862558334,0.2265444927940095,0.46614961306229985,0.4948201074957852
random,14,20270941,14,16,1.0,0.1,0.1,4,0.4090410464646268,0.035344293392556084,0.035344293392556084,0.035344293392556084,0.0,0.14386498712728996,0.020697134521135304,0.16205324429096812,0.020697134521135307,3.469446951953614e-18,17.562037216958302,31.702164698889128,34.37419894080773,2.455299924343409,0.1481176285748735,0.19900489660792217,0.20722187389150665,0.46614961306229985,0.4948201074957852
random,15,20270942,14,16,1.0,0.1,0.1,4,0.402325055777379,0.035344293392556084,0.035344293392556084,0.035344293392556084,0.0,0.14152690225115577,0.0200298640608082,0.15942850905989103,0.0200298640608082,0.0,23.114380098844283,34.85169206526217,49.634487197322116,3.5453205140944366,0.16992623263040796,0.20865617301809553,0.24900672321352907,0.46614961306229985,0.4948201074957852
random,16,20270943,14,16,1.0,0.1,0.1,4,0.3487462460074632,0.035344293392556084,0.035344293392556084,0.035344293392556084,0.0,0.12283326480545856,0.015088010942767904,0.13842776454760308,0.015088010942767904,0.0,15.404828663841261,31.724932612715666,43.32052471064694,3.094323193617639,0.13872276604953196,0.19907634461730855,0.2326302341178032,0.46614961306229985,0.4948201074957852
random,17,20270944,14,16,1.0,0.1,0.1,4,0.4338787599325761,0.035344293392556084,0.035344293392556084,0.035344293392556084,0.0,0.15250129202197535,0.0232566440683718,0.17174441245484484,0.023256644068371805,3.469446951953614e-18,20.772173622414243,32.925562954673225,37.862568978269486,2.704469212733535,0.1610869191679976,0.20280838570406728,0.21748251288787587,0.46614961306229985,0.4948201074957852
random,18,20270945,14,16,1.0,0.1,0.1,4,0.3081117809070488,0.035344293392556084,0.035344293392556084,0.035344293392556084,0.0,0.1086115931598489,0.011796478168720537,0.12243433268090187,0.011796478168720537,0.0,15.571807779881619,29.912363552280276,42.17231699509132,3.012308356792237,0.13947257550281134,0.19330570384853898,0.2295266059629874,0.46614961306229985,0.4948201074957852
random,19,20270946,14,16,1.0,0.1,0.1,4,0.35275889837217234,0.035344293392556084,0.035344293392556084,0.035344293392556084,0.0,0.12423567570066557,0.015434503116800946,0.14000415127008115,0.015434503116800724,2.220446049250313e-16,19.308008015912872,33.097204979123504,45.270096316452474,3.233578308318034,0.15530593009226318,0.20333632189792497,0.23780720734362032,0.46614961306229985,0.4948201074957852
random,20,20270947,14,16,1.0,0.1,0.1,4,0.28715825516663984,0.035344293392556084,0.035344293392556084,0.035344293392556084,0.0,0.10126471688379941,0.01025454288555605,0.11416717636541196,0.010254542885556052,1.734723475976807e-18,14.755209463741304,29.40004264702329,39.865926790019806,2.847566199287129,0.13576630334479106,0.19164314256658405,0.22316199543236168,0.46614961306229985,0.4948201074957852
random,21,20270948,14,16,1.0,0.1,0.1,4,0.45784180466737384,0.035344293392556084,0.035344293392556084,0.035344293392556084,0.0,0.16081693283028234,0.02586208588493954,0.18106960580150444,0.025862085884939545,3.469446951953614e-18,21.665210499764253,34.41532036911178,35.0028374605577,2.5002026757541214,0.1645132038143909,0.20734578532430645,0.20910813530210237,0.46614961306229985,0.4948201074957852
random,22,20270949,14,16,1.0,0.1,0.1,4,0.29146741021150463,0.035344293392556084,0.035344293392556084,0.035344293392556084,0.0,0.10277632126457269,0.010562972212678656,0.1158683874117592,0.010562972212678658,1.734723475976807e-18,13.670015635496611,29.545831924599554,43.80644343227934,3.1290316737342385,0.13067840025474559,0.19211771609962444,0.23393128213616574,0.46614961306229985,0.4948201074957852
random,23,20270950,14,16,1.0,0.1,0.1,4,0.35863904189770457,0.035344293392556084,0.035344293392556084,0.035344293392556084,0.0,0.12629009557779294,0.015949188241048077,0.1423131802221096,0.015949188241048077,0.0,20.605793782931006,34.89508211818438,50.15065898780857,3.582189927700612,0.16044048945883135,0.20878602017460673,0.250298141927598,0.46614961306229985,0.4948201074957852
random,24,20270951,14,16,1.0,0.1,0.1,4,0.3226359720608093,0.035344293392556084,0.035344293392556084,0.035344293392556084,0.0,0.11369898639097352,0.012927459506334782,0.12815704201736877,0.012927459506334784,1.734723475976807e-18,15.16422715078081,31.251448757143837,40.747003236096994,2.9105002311497854,0.13763517653835217,0.19758518649409448,0.2256145689194195,0.46614961306229985,0.4948201074957852
random,25,20270952,14,16,1.0,0.1,0.1,4,0.286108879525479,0.035344293392556084,0.035344293392556084,0.035344293392556084,0.0,0.10089655406801065,0.010180114622798997,0.1137528134305088,0.010180114622798999,1.734723475976807e-18,13.00976346238318,28.15629401652849,40.401594447090034,2.8858281747921453,0.12748350749763396,0.18754567331334415,0.22465627625475013,0.46614961306229985,0.4948201074957852
random,26,20270953,14,16,1.0,0.1,0.1,4,0.2959611328321942,0.035344293392556084,0.035344293392556084,0.035344293392556084,0.0,0.10435229049740544,0.010889400532054894,0.11764189487165577,0.010889400532054895,1.734723475976807e-18,13.026217206636762,29.846766153532922,36.22224635499129,2.5873033110708064,0.1275640976728285,0.19309362915064288,0.2127193482059977,0.46614961306229985,0.4948201074957852
random,27,20270954,14,16,1.0,0.1,0.1,4,0.34024752641966904,0.035344293392556084,0.035344293392556084,0.035344293392556084,0.0,0.11986177473453263,0.014366845042511846,0.13508719442075146,0.014366845042511844,1.734723475976807e-18,18.41529984042951,31.31870472550676,41.60805346819953,2.972003819157109,0.15167314805273394,0.19779768289977726,0.22798590764240673,0.46614961306229985,0.4948201074957852
random,28,20270955,14,16,1.0,0.1,0.1,4,0.37507990901449867,0.035344293392556084,0.035344293392556084,0.035344293392556084,0.0,0.13202989333310405,0.017431892733550836,0.14876269980082824,0.017431892733550836,0.0,17.438837971417016,29.12600893469517,33.16246630346518,2.3687475931046555,0.1475971850918464,0.1907479120516077,0.20353669323793017,0.46614961306229985,0.4948201074957852
random,29,20270956,14,16,1.0,0.1,0.1,4,0.39311217970274875,0.035344293392556084,0.035344293392556084,0.035344293392556084,0.0,0.1383176334179028,0.01913176771432934,0.1558250645938215,0.01913176771432934,0.0,17.488808886977854,32.768904513150304,42.50452970909031,3.036037836363594,0.14780850336828233,0.2023253335556718,0.2304288812287053,0.46614961306229985,0.4948201074957852
random,30,20270957,14,16,1.0,0.1,0.1,4,0.43986940454156376,0.035344293392556084,0.035344293392556084,0.035344293392556084,0.0,0.1545817188795984,0.02389550781177119,0.1740779905687877,0.02389550781177119,0.0,19.47230122677046,33.63867557487745,36.30325605586708,2.59308971827622,0.15596528503095836,0.20499286621726845,0.2129570847960042,0.46614961306229985,0.4948201074957852
random,31,20270958,14,16,1.0,0.1,0.1,4,0.40344112702175733,0.035344293392556084,0.035344293392556084,0.035344293392556084,0.0,0.14191553064929563,0.020140017839471166,0.1598648142981416,0.02014001783947117,3.469446951953614e-18,20.518382759067183,33.86032435592206,39.22102089822585,2.801501492730418,0.16009982866754346,0.20566711717067276,0.22134960461558148,0.46614961306229985,0.4948201074957852
random,32,20270959,14,16,1.0,0.1,0.1,4,0.28379018741403234,0.035344293392556084,0.035344293392556084,0.035344293392556084,0.0,0.10008299099620196,0.010016605086745843,0.1128371302399811,0.010016605086745846,3.469446951953614e-18,13.790483381101016,28.077849735919653,37.71527998740213,2.6939485705287236,0.1312529424390983,0.18728423715535036,0.21705908687505887,0.46614961306229985,0.4948201074957852
random,33,20270960,14,16,1.0,0.1,0.1,4,0.30900668764939604,0.035344293392556084,0.035344293392556084,0.035344293392556084,0.0,0.10892517800487683,0.011864694403394103,0.12278712511297774,0.011864694403394105,1.734723475976807e-18,15.523839474158478,30.70672339677155,41.717820539923316,2.979844324280237,0.13925759007990382,0.19585562185156824,0.22828643674862126,0.46614961306229985,0.4948201074957852
random,34,20270961,14,16,1.0,0.1,0.1,4,0.5244482028548884,0.035344293392556084,0.035344293392556084,0.035344293392556084,0.0,0.1838380739751784,0.033796437442903164,0.20685132691297792,0.03379643744290317,6.938893903907228e-18,28.716954205016684,38.37863835366316,43.23930083163914,3.0885214879742247,0.18940371427414804,0.21895964724123593,0.2324120466040172,0.46614961306229985,0.4948201074957852
random,35,20270962,14,16,1.0,0.1,0.1,4,0.46833421352982785,0.035344293392556084,0.035344293392556084,0.035344293392556084,0.0,0.16445266577139345,0.02704467927931764,0.18514474986346352,0.02704467927931764,0.0,24.945994514079032,37.19387187052965,45.90842727397972,3.279173376712837,0.1765304851924657,0.21555346025837513,0.2394779385938195,0.46614961306229985,0.4948201074957852
random,36,20270963,14,16,1.0,0.1,0.1,4,0.3865884708426052,0.035344293392556084,0.035344293392556084,0.035344293392556084,0.0,0.13604380256019016,0.018507916215036002,0.1532714593325828,0.018507916215036006,3.469446951953614e-18,17.99924762131593,31.214956242418815,41.36883413157875,2.9549167236841964,0.14995000324021146,0.1974697920604607,0.22732957732115774,0.46614961306229985,0.4948201074957852
random,37,20270964,14,16,1.0,0.1,0.1,4,0.3391619267140255,0.035344293392556084,0.035344293392556084,0.035344293392556084,0.0,0.11948208894612597,0.014275969578929957,0.13466030526992423,0.01427596957892996,3.469446951953614e-18,14.24230724706385,28.757380900345957,38.305022977092314,2.736073069792308,0.13338576344952116,0.18953698525566084,0.21874954945633604,0.46614961306229985,0.4948201074957852
random,38,20270965,14,16,1.0,0.1,0.1,4,0.25966812208849427,0.035344293392556084,0.035344293392556084,0.035344293392556084,0.0,0.09161343771387107,0.008393021969753334,0.10330228583036916,0.008393021969753445,1.1102230246251565e-16,14.961956382857673,30.610977615388567,45.443872578193314,3.2459908984423795,0.13671415917546403,0.19555003746962046,0.23826320002382512,0.46614961306229985,0.4948201074957852
random,39,20270966,14,16,1.0,0.1,0.1,4,0.3939733243123192,0.035344293392556084,0.035344293392556084,0.035344293392556084,0.0,0.1386177029572764,0.019214867573151717,0.15616202465747597,0.019214867573151495,2.220446049250313e-16,18.047426087390235,32.443476169740386,37.220389538550045,2.6585992527535747,0.1501505542133757,0.201318179268898,0.21563028684784896,0.46614961306229985,0.4948201074957852
random,40,20270967,14,16,1.0,0.1,0.1,4,0.5327367450209888,0.035344293392556084,0.035344293392556084,0.035344293392556084,0.0,0.18669267679420595,0.03485415556858584,0.21004447933817572,0.03485415556858584,0.0,28.542711596508806,40.0342902785409,41.23821553842941,2.945586824173529,0.18882822826723838,0.22363273259256586,0.22697040663233978,0.46614961306229985,0.4948201074957852
random,41,20270968,14,16,1.0,0.1,0.1,4,0.48913894955886716,0.035344293392556084,0.035344293392556084,0.035344293392556084,0.0,0.17165174469884567,0.029464321458157694,0.19321019804814576,0.029464321458157694,0.0,25.238971936769982,36.480015715992,37.528986836235426,2.680641916873959,0.17756408754976327,0.21347489666001754,0.21652234581441468,0.46614961306229985,0.4948201074957852
random,42,20270969,14,16,1.0,0.1,0.1,4,0.3351223330261745,0.035344293392556084,0.035344293392556084,0.035344293392556084,0.0,0.11806902135662847,0.01394029380411199,0.13307147619466742,0.013940293804111993,3.469446951953614e-18,15.834880969244855,28.76109746481625,37.03363679663007,2.6452597711878623,0.14064577975812606,0.1895492326099895,0.21508864572192643,0.46614961306229985,0.4948201074957852
random,43,20270970,14,16,1.0,0.1,0.1,4,0.3255466917064201,0.035344293392556084,0.035344293392556084,0.035344293392556084,0.0,0.11471799364723219,0.013160218066446405,0.12930310472264472,0.013160218066446407,1.734723475976807e-18,13.850782076052635,29.102314650749452,36.43699481541881,2.602642486815629,0.13153958027482712,0.19067030864968063,0.2133489840012542,0.46614961306229985,0.4948201074957852
random,44,20270971,14,16,1.0,0.1,0.1,4,0.3997384480309807,0.035344293392556084,0.035344293392556084,0.035344293392556084,0.0,0.1406260909317251,0.019775697450737813,0.15841713955435566,0.019775697450737817,3.469446951953614e-18,18.836345274192194,32.40029223941171,36.651278922682586,2.6179484944773277,0.15339726799295025,0.2011841522452154,0.21397541159843692,0.46614961306229985,0.4948201074957852
random,45,20270972,14,16,1.0,0.1,0.1,4,0.35802692730859265,0.035344293392556084,0.035344293392556084,0.035344293392556084,0.0,0.12607627106937153,0.015895226126757648,0.14207287000760704,0.015895226126757533,1.1449174941446927e-16,17.162980439546192,31.71847817793655,44.47947652531084,3.1771054660936313,0.14642514318287592,0.19905609255469242,0.2357214681357505,0.46614961306229985,0.4948201074957852
random,46,20270973,14,16,1.0,0.1,0.1,4,0.4030057382784253,0.035344293392556084,0.035344293392556084,0.035344293392556084,0.0,0.14176392735762883,0.020097011099859063,0.1596946138043014,0.020097011099859063,0.0,23.01267004083781,36.30342953604254,47.20419126033544,3.3717279471668173,0.16955195779270688,0.2129575936179711,0.2428340506645265,0.46614961306229985,0.4948201074957852
random,47,20270974,14,16,1.0,0.1,0.1,4,0.4265067784887453,0.035344293392556084,0.035344293392556084,0.035344293392556084,0.0,0.14993976321345098,0.02248193259250575,0.1688706727280771,0.02248193259250575,0.0,24.30627771992568,35.40993995254989,51.18770172044526,3.656264408603233,0.1742523049493608,0.21032064199257675,0.25287280086249386,0.46614961306229985,0.4948201074957852
random,48,20270975,14,16,1.0,0.1,0.1,4,0.3083428021034048,0.035344293392556084,0.035344293392556084,0.035344293392556084,0.0,0.10869254700061742,0.011814069773481428,0.12252540878117513,0.011814069773481432,3.469446951953614e-18,16.04315317065984,28.732094063370994,38.7621626531613,2.7687259037972356,0.1415676974830714,0.18945363543806293,0.22005097816375704,0.46614961306229985,0.4948201074957852
random,49,20270976,14,16,1.0,0.1,0.1,4,0.3918847523371623,0.035344293392556084,0.035344293392556084,0.035344293392556084,0.0,0.13788989813049363,0.01901362400643791,0.1553447312850207,0.019013624006437805,1.0408340855860843e-16,16.902713292621048,32.258222574478445,39.295310330404455,2.8068078807431753,0.14531067363233136,0.20074258885237325,0.22155913711524924,0.46614961306229985,0.4948201074957852
aligned,0,20270927,15,16,1.0,0.1,0.1,4,1.5000000000000002,0.035344293392556084,0.035344293392556084,0.035344293392556084,0.0,0.4951367467791022,0.24516039801099276,0.5467452952462635,0.24516039801099276,0.0,196.25092414534834,196.25092414534834,196.9703043673639,13.131353624490925,0.4951367467791022,0.4951367467791022,0.49604340687767823,0.4951367467791021,0.5301644008883413
alternating,0,20270927,15,16,1.0,0.1,0.1,4,0.1,0.035344293392556084,0.035344293392556084,0.035344293392556084,0.0,0.035344293392556084,0.0012492190754190837,0.03987761167674497,0.001249219075412879,6.204672192700045e-15,64.0,112.99999999999997,225.000000000005,15.000000000000334,0.28275434714044867,0.37571499241094497,0.5301644008883472,0.4951367467791021,0.5301644008883413
orthogonal,0,20270927,15,16,1.0,0.1,0.1,4,0.3872983346207417,0.035344293392556084,0.035344293392556084,0.035344293392556084,0.0,0.1362912772418795,0.01857531225222286,0.15354940312340948,0.018575312252222868,6.938893903907228e-18,14.86953939283331,15.0,15.00937493401471,1.0006249956009807,0.13629127724187953,0.13688785969283856,0.13693063016611084,0.4951367467791021,0.5301644008883413
clustered,0,20270927,15,16,1.0,0.1,0.1,4,0.754983443527075,0.035344293392556084,0.035344293392556084,0.035344293392556084,0.0,0.2622421480991971,0.06877094423968123,0.29419178478626207,0.06877094423968122,1.3877787807814457e-17,55.051148027506855,56.50805119575968,60.03497535052193,4.002331690034795,0.2622421480991971,0.2656895471570177,0.2738555027750702,0.4951367467791021,0.5301644008883413
random,0,20270927,15,16,1.0,0.1,0.1,4,0.4676096665910804,0.035344293392556084,0.035344293392556084,0.035344293392556084,0.0,0.16420170939546275,0.026962201368392,0.18486350286200426,0.026962201368392006,6.938893903907228e-18,24.967717058860238,39.1410254795361,42.47101531487467,2.8314010209916445,0.17660732832924764,0.2211237564363017,0.23033801788623057,0.4951367467791021,0.5301644008883413
random,1,20270928,15,16,1.0,0.1,0.1,4,0.44725325443689556,0.035344293392556084,0.035344293392556084,0.035344293392556084,0.0,0.1571445598225618,0.02469441268182671,0.17695215719705115,0.024694412681826705,3.469446951953614e-18,23.055677349537742,39.59674088638864,52.66792701943065,3.51119513462871,0.16971031772332007,0.22240729313514754,0.25650298067557215,0.4951367467791021,0.5301644008883413
random,2,20270929,15,16,1.0,0.1,0.1,4,0.39204419152290615,0.035344293392556084,0.035344293392556084,0.035344293392556084,0.0,0.13794546186467338,0.019028950449058057,0.15540712842976667,0.01902895044905817,1.1102230246251565e-16,20.886625589050155,37.76877189785241,48.56407233553171,3.2376048223687808,0.16153009350265915,0.21721296073197258,0.24630705540357226,0.4951367467791021,0.5301644008883413
random,3,20270930,15,16,1.0,0.1,0.1,4,0.40852111411933295,0.035344293392556084,0.035344293392556084,0.035344293392556084,0.0,0.1436840222388971,0.020645098246747873,0.1618501089592661,0.02064509824674776,1.1102230246251565e-16,21.386185236212903,35.910912263071374,43.63032665691545,2.908688443794363,0.16345039170195688,0.21180320256013566,0.23346056696278392,0.4951367467791021,0.5301644008883413
random,4,20270931,15,16,1.0,0.1,0.1,4,0.28664416551925626,0.035344293392556084,0.035344293392556084,0.035344293392556084,0.0,0.10108435633351705,0.010218047095361449,0.11396418365125682,0.01021804709536145,1.734723475976807e-18,15.56117706617545,31.129651950133468,42.17230139086593,2.811486759391062,0.13942495912511627,0.1971997845517677,0.22952656349928754,0.4951367467791021,0.5301644008883413
random,5,20270932,15,16,1.0,0.1,0.1,4,0.24862812500644074,0.035344293392556084,0.035344293392556084,0.035344293392556084,0.0,0.0877337825505973,0.007697216600635492,0.0989333865972084,0.007697216600635383,1.0842021724855044e-16,12.60774840495342,29.952430388301156,42.95750962415393,2.8638339749435953,0.12549836574853213,0.19343512451524422,0.23165349221410833,0.4951367467791021,0.5301644008883413
random,6,20270933,15,16,1.0,0.1,0.1,4,0.4855211394058852,0.035344293392556084,0.035344293392556084,0.035344293392556084,0.0,0.17040084263430622,0.02903644717048159,0.1918091172608749,0.029036447170481594,3.469446951953614e-18,23.975023190742164,40.297350308969726,42.00322296365964,2.800214864243976,0.17306084566848162,0.22436626015247946,0.22906598908455292,0.4951367467791021,0.5301644008883413
random,7,20270934,15,16,1.0,0.1,0.1,4,0.37737843178598796,0.035344293392556084,0.035344293392556084,0.035344293392556084,0.0,0.1328318258233954,0.01764429395157685,0.14966359576820643,0.01764429395157685,0.0,18.749058298131004,37.10972536136771,44.27087867316802,2.9513919115445346,0.153041436454869,0.2153094907452616,0.23516808058085897,0.4951367467791021,0.5301644008883413
random,8,20270935,15,16,1.0,0.1,0.1,4,0.27448289737545356,0.035344293392556084,0.035344293392556084,0.035344293392556084,0.0,0.09681632525152971,0.009373400835209988,0.10916005046017974,0.00937340083520988,1.0928757898653885e-16,16.854985593335442,32.20158648122944,44.806326462353134,2.987088430823542,0.1451053738464171,0.20056628852105007,0.23658596263562723,0.4951367467791021,0.5301644008883413
random,9,20270936,15,16,1.0,0.1,0.1,4,0.3063528983002497,0.035344293392556084,0.035344293392556084,0.035344293392556084,0.0,0.10799521474416292,0.011662966407637863,0.12174087065892403,0.011662966407637977,1.1449174941446927e-16,15.138945474260872,33.28077756931587,44.64424180341654,2.976282786894436,0.1375203965532971,0.20389944135374416,0.2361576559598482,0.4951367467791021,0.5301644008883413
random,10,20270937,15,16,1.0,0.1,0.1,4,0.4436900362367469,0.035344293392556084,0.035344293392556084,0.035344293392556084,0.0,0.1559080086130824,0.024307307149696977,0.1755654668771658,0.024307307149696977,0.0,23.288710255145716,37.54179358697384,49.350551635008514,3.290036775667234,0.17056582627430406,0.21655928674220723,0.24829347652507322,0.4951367467791021,0.5301644008883413
random,11,20270938,15,16,1.0,0.1,0.1,4,0.3860750810544964,0.035344293392556084,0.035344293392556084,0.035344293392556084,0.0,0.1358648152419123,0.018459248020718962,0.1530704321146401,0.018459248020718966,3.469446951953614e-18,23.764997870937492,37.473573506090005,48.95924216628261,3.263949477752174,0.17230115689591008,0.21636243400351834,0.24730713542512794,0.4951367467791021,0.5301644008883413
random,12,20270939,15,16,1.0,0.1,0.1,4,0.41238491912567193,0.035344293392556084,0.035344293392556084,0.035344293392556084,0.0,0.14502866464370007,0.021033313568334818,0.1633594223040633,0.02103331356833482,3.469446951953614e-18,23.99832477395358,38.656347592759644,49.322178774618,3.2881452516412,0.17314492509376408,0.2197504193372698,0.24822209121366104,0.4951367467791021,0.5301644008883413
random,13,20270940,15,16,1.0,0.1,0.1,4,0.4452497774555725,0.035344293392556084,0.035344293392556084,0.035344293392556084,0.0,0.1564493342786104,0.024476394196220382,0.1761725358760451,0.02447639419622039,6.938893903907228e-18,26.534968703345598,38.97486238954025,44.48374953347548,2.965583302231699,0.18206589211015806,0.22065389540827846,0.23573279038645076,0.4951367467791021,0.5301644008883413
random,14,20270941,15,16,1.0,0.1,0.1,4,0.37865934551959407,0.035344293392556084,0.035344293392556084,0.035344293392556084,0.0,0.13327866771072083,0.01776320326674474,0.1501655596266227,0.017763203266744743,3.469446951953614e-18,17.562037216958302,32.777325970811816,38.48234980400538,2.565489986933692,0.1481176285748735,0.20235133022534707,0.21925529740946595,0.4951367467791021,0.5301644008883413
random,15,20270942,15,16,1.0,0.1,0.1,4,0.3750698550333143,0.035344293392556084,0.035344293392556084,0.035344293392556084,0.0,0.13202638531013863,0.01743096641806119,0.14875875875938238,0.01743096641806119,0.0,23.114380098844283,37.92280627302757,56.75169665062435,3.783446443374957,0.16992623263040796,0.21765544557784106,0.26626171714754127,0.4951367467791021,0.5301644008883413
random,16,20270943,15,16,1.0,0.1,0.1,4,0.37019648323431276,0.035344293392556084,0.035344293392556084,0.035344293392556084,0.0,0.13032568327238542,0.01698478372041412,0.14684801923652868,0.016984783720414124,3.469446951953614e-18,15.515544625861661,35.635658038487634,47.10143408335862,3.1400956055572413,0.13922038037637463,0.21098991394564376,0.242569598129127,0.4951367467791021,0.5301644008883413
random,17,20270944,15,16,1.0,0.1,0.1,4,0.4432093577772508,0.035344293392556084,0.035344293392556084,0.035344293392556084,0.0,0.15574116957779988,0.02425531190146102,0.17537836017134412,0.02425531190146102,0.0,20.798944213274538,36.586292179079855,43.684367768261666,2.912291184550778,0.16119068788177535,0.21378562647886923,0.23360510592393965,0.4951367467791021,0.5301644008883413
random,18,20270945,15,16,1.0,0.1,0.1,4,0.34265999290177607,0.035344293392556084,0.035344293392556084,0.035344293392556084,0.0,0.12070543452716273,0.014569801924391168,0.13603570459299785,0.014569801924391168,0.0,18.690711661263528,33.59274927172875,45.68615146874306,3.0457434312495373,0.15280312019199185,0.20485288181037162,0.23889749244652908,0.4951367467791021,0.5301644008883413
random,19,20270946,15,16,1.0,0.1,0.1,4,0.33093354312118073,0.035344293392556084,0.035344293392556084,0.035344293392556084,0.0,0.11660338519375492,0.013596349438643183,0.13142339825331106,0.013596349438642965,2.185751579730777e-16,19.308008015912872,35.18100333307394,49.82573899778384,3.321715933185589,0.15530593009226318,0.20963964428527904,0.24948599881132427,0.4951367467791021,0.5301644008883413
random,20,20270947,15,16,1.0,0.1,0.1,4,0.32334496597115864,0.035344293392556084,0.035344293392556084,0.035344293392556084,0.0,0.1139472130691161,0.01298396736621854,0.12843622517453612,0.012983967366218542,1.734723475976807e-18,16.792971499436586,34.148820752623664,46.798878550295925,3.119925236686395,0.14483818671215543,0.20654142027023187,0.24178927146019252,0.4951367467791021,0.5301644008883413
random,21,20270948,15,16,1.0,0.1,0.1,4,0.49641941179352594,0.035344293392556084,0.035344293392556084,0.035344293392556084,0.0,0.17416779053025666,0.030334419258191362,0.19602784292799447,0.03033441925819136,3.469446951953614e-18,24.92929487548058,39.16433647025463,38.11492412158229,2.5409949414388193,0.17647138775222898,0.22118959332385735,0.2182060729467252,0.4951367467791021,0.5301644008883413
random,22,20270949,15,16,1.0,0.1,0.1,4,0.2777746721927675,0.035344293392556084,0.035344293392556084,0.035344293392556084,0.0,0.09797185161306299,0.009598483708492032,0.11046082169397131,0.009598483708492036,3.469446951953614e-18,14.618344911240643,32.69605899512769,48.46269565343415,3.2308463768956104,0.13513517423001795,0.20210032307678588,0.24604984018791692,0.4951367467791021,0.5301644008883413
random,23,20270950,15,16,1.0,0.1,0.1,4,0.3749259537127476,0.035344293392556084,0.035344293392556084,0.035344293392556084,0.0,0.13197617516321217,0.01741771081071086,0.1487023507404035,0.017417710810710866,6.938893903907228e-18,20.605793782931006,39.37820827149092,56.00150212975683,3.733433475317122,0.16044048945883135,0.22179271613056187,0.26449602022074864,0.4951367467791021,0.5301644008883413
random,24,20270951,15,16,1.0,0.1,0.1,4,0.3256816506299203,0.035344293392556084,0.035344293392556084,0.035344293392556084,0.0,0.11476523672903655,0.013171059561471798,0.1293562366945673,0.013171059561471802,3.469446951953614e-18,18.375553947225356,35.10553536171301,49.20360348520385,3.2802402323469235,0.15150938093816618,0.20941467099191277,0.24792353670652884,0.4951367467791021,0.5301644008883413
random,25,20270952,15,16,1.0,0.1,0.1,4,0.2955789362694031,0.035344293392556084,0.035344293392556084,0.035344293392556084,0.0,0.10421826761714548,0.010861447305118954,0.11749107872627751,0.010861447305118954,0.0,16.614598149318688,32.80183191901098,49.4690376299543,3.2979358419969533,0.14406690438317715,0.20242696001748156,0.248591362380038,0.4951367467791021,0.5301644008883413
random,26,20270953,15,16,1.0,0.1,0.1,4,0.3000410909595115,0.035344293392556084,0.035344293392556084,0.035344293392556084,0.0,0.10578281022229678,0.011190002938526457,0.11925159424972098,0.011190002938526457,0.0,13.98975915535192,33.38435426362324,43.02927450273369,2.8686183001822463,0.13219785927685965,0.20421648358216965,0.231846911797977,0.4951367467791021,0.5301644008883413
random,27,20270954,15,16,1.0,0.1,0.1,4,0.3609779220780247,0.035344293392556084,0.035344293392556084,0.035344293392556084,0.0,0.12710703438600054,0.016156198190403925,0.1432312800981037,0.016156198190403925,0.0,19.853712894187357,35.80369575822695,44.6496995293423,2.9766466352894865,0.15748535444704906,0.211486783775437,0.23617209056911206,0.4951367467791021,0.5301644008883413
random,28,20270955,15,16,1.0,0.1,0.1,4,0.4003745309363121,0.035344293392556084,0.035344293392556084,0.035344293392556084,0.0,0.140847629248052,0.01983805466479671,0.158665873721052,0.01983805466479671,0.0,19.00146307367077,33.462125902087976,36.788903205018464,2.452593547001231,0.15406813470831943,0.20445421487698245,0.21437677030745503,0.4951367467791021,0.5301644008883413
random,29,20270956,15,16,1.0,0.1,0.1,4,0.4240111970071861,0.035344293392556084,0.035344293392556084,0.035344293392556084,0.0,0.14907228418440924,0.02222254591195727,0.1678973333725169,0.02222254591195727,0.0,19.05309422510412,37.23770002372521,46.99207539389509,3.132805026259673,0.1542773112021248,0.21568042376249913,0.24228783909966572,0.4951367467791021,0.5301644008883413
random,30,20270957,15,16,1.0,0.1,0.1,4,0.4381184775439411,0.035344293392556084,0.035344293392556084,0.035344293392556084,0.0,0.15397376400428134,0.023707920001646125,0.17339609766294184,0.02370792000164612,3.469446951953614e-18,19.95137618190991,36.586213062540565,39.23513350790364,2.615675567193576,0.1578722258894953,0.21378539532688504,0.22138942432891345,0.4951367467791021,0.5301644008883413
random,31,20270958,15,16,1.0,0.1,0.1,4,0.4400426839174166,0.035344293392556084,0.035344293392556084,0.035344293392556084,0.0,0.15464187997216527,0.023914111041325573,0.1741454665352915,0.02391411104132557,3.469446951953614e-18,24.55889805129344,38.56630510518555,44.62553463691583,2.9750356424610556,0.17515548497534505,0.21949433707007154,0.23610817249559635,0.4951367467791021,0.5301644008883413
random,32,20270959,15,16,1.0,0.1,0.1,4,0.30749367716636894,0.035344293392556084,0.035344293392556084,0.035344293392556084,0.0,0.10839499355686888,0.011749474628193646,0.12219064803453539,0.011749474628193646,0.0,15.765135878401136,31.946594480684503,40.41411075421581,2.694274050281054,0.14033569918546204,0.19977060649642403,0.22469107252017365,0.4951367467791021,0.5301644008883413
random,33,20270960,15,16,1.0,0.1,0.1,4,0.33999050265921177,0.035344293392556084,0.035344293392556084,0.035344293392556084,0.0,0.11977188369025771,0.014345304122712621,0.13498612881358318,0.014345304122712621,0.0,17.25796325458201,34.304762515072184,45.313724789006606,3.0209149859337736,0.14682975482001412,0.20701247235746378,0.2379217715651883,0.4951367467791021,0.5301644008883413
random,34,20270961,15,16,1.0,0.1,0.1,4,0.5385001491668071,0.035344293392556084,0.035344293392556084,0.035344293392556084,0.0,0.1886762201535699,0.035598716051438384,0.21226275142415174,0.035598716051438384,0.0,30.16871278514181,42.46633974703673,46.329657822590406,3.0886438548393604,0.19413225258065375,0.23032533876068848,0.24057408902377433,0.4951367467791021,0.5301644008883413
random,35,20270962,15,16,1.0,0.1,0.1,4,0.4644255752604405,0.035344293392556084,0.035344293392556084,0.035344293392556084,0.0,0.16309866847672022,0.02660117565887909,0.18362725389809764,0.026601175658879095,3.469446951953614e-18,26.057807130305857,40.22387177101808,50.74058396714844,3.382705597809896,0.18042147801957917,0.22416161112814786,0.2517659734548447,0.4951367467791021,0.5301644008883413
random,36,20270963,15,16,1.0,0.1,0.1,4,0.37948650714544335,0.035344293392556084,0.035344293392556084,0.035344293392556084,0.0,0.13356719829396047,0.017840196460098157,0.1504896749979503,0.01784019646009816,3.469446951953614e-18,17.99924762131593,34.828821322783384,46.42080919354528,3.0947206129030187,0.14995000324021146,0.20858769851260145,0.24081063170251915,0.4951367467791021,0.5301644008883413
random,37,20270964,15,16,1.0,0.1,0.1,4,0.31767837857427694,0.035344293392556084,0.035344293392556084,0.035344293392556084,0.0,0.11196298116534661,0.01253570915143176,0.12620442783901042,0.012535709151431762,1.734723475976807e-18,14.24230724706385,31.42861682694286,43.540464080698044,2.9026976053798696,0.13338576344952116,0.19814446157855187,0.23322002118644838,0.4951367467791021,0.5301644008883413
random,38,20270965,15,16,1.0,0.1,0.1,4,0.3098199274288663,0.035344293392556084,0.035344293392556084,0.035344293392556084,0.0,0.10921013176801708,0.011926852880787655,0.12310770143539318,0.011926852880787764,1.0928757898653885e-16,19.084851677485766,35.365059413638384,50.94038533371774,3.3960256889145164,0.15440583138942363,0.2101873136581899,0.25226117629964134,0.4951367467791021,0.5301644008883413
random,39,20270966,15,16,1.0,0.1,0.1,4,0.4136973771485002,0.035344293392556084,0.035344293392556084,0.035344293392556084,0.0,0.14548532171708348,0.02116597883512328,0.16387196964905004,0.021165978835123056,2.255140518769849e-16,19.681361612315804,36.68252988360777,42.850254870468774,2.8566836580312516,0.15680029450331334,0.21406661595221568,0.23136411945407415,0.4951367467791021,0.5301644008883413
random,40,20270967,15,16,1.0,0.1,0.1,4,0.49542715412162336,0.035344293392556084,0.035344293392556084,0.035344293392556084,0.0,0.17382497739966418,0.030215122767993763,0.19564397375745912,0.030215122767993874,1.1102230246251565e-16,28.542711596508806,42.63941801388033,47.84050161430038,3.189366774286692,0.18882822826723838,0.23079422511776027,0.24446526786887643,0.4951367467791021,0.5301644008883413
random,41,20270968,15,16,1.0,0.1,0.1,4,0.5129378186110887,0.035344293392556084,0.035344293392556084,0.035344293392556084,0.0,0.17986999713009824,0.03235321586758155,0.202411215450647,0.03235321586758155,0.0,28.277387471826778,41.64327914668362,47.93203643091365,3.1954690953942433,0.18794853506431655,0.22808239448286866,0.24469902785499534,0.4951367467791021,0.5301644008883413
random,42,20270969,15,16,1.0,0.1,0.1,4,0.3390421501354881,0.035344293392556084,0.035344293392556084,0.035344293392556084,0.0,0.11944019577823649,0.014265960367543462,0.13461320325148374,0.014265960367543462,0.0,16.017115400054255,31.27001436350975,40.1197207253869,2.6746480483591264,0.14145276982419447,0.1976438676800399,0.2238712139392639,0.4951367467791021,0.5301644008883413
random,43,20270970,15,16,1.0,0.1,0.1,4,0.34453913271886893,0.035344293392556084,0.035344293392556084,0.035344293392556084,0.0,0.12136249488629956,0.014728855165027088,0.13677439083198495,0.014728855165027092,3.469446951953614e-18,16.152298037288688,33.55139793056736,41.908594202378474,2.793906280158565,0.1420484382879138,0.20472676010194932,0.22880781302571115,0.4951367467791021,0.5301644008883413
random,44,20270971,15,16,1.0,0.1,0.1,4,0.4137770792514524,0.035344293392556084,0.035344293392556084,0.035344293392556084,0.0,0.1455130517952425,0.021174048242764924,0.1639030930546037,0.021174048242764924,0.0,19.88881222623934,36.409491147966705,39.51143755025388,2.634095836683592,0.15762450196732256,0.21326844789687546,0.22216759773874997,0.4951367467791021,0.5301644008883413
random,45,20270972,15,16,1.0,0.1,0.1,4,0.3845480936886494,0.035344293392556084,0.035344293392556084,0.035344293392556084,0.0,0.13533240971259586,0.01831486111861791,0.15247245328742265,0.018314861118617798,1.1102230246251565e-16,17.162980439546192,35.59825146357493,49.910903903205224,3.327393593547015,0.14642514318287592,0.21087914733292884,0.24969912540353995,0.4951367467791021,0.5301644008883413
random,46,20270973,15,16,1.0,0.1,0.1,4,0.43092952805969115,0.035344293392556084,0.035344293392556084,0.035344293392556084,0.0,0.15147671098267423,0.022945193970128622,0.1705950188917651,0.02294519397012862,3.469446951953614e-18,25.0239331189429,41.09202476539943,51.01355941173095,3.4009039607820637,0.1768060366452312,0.22656774082938277,0.2524422934497289,0.4951367467791021,0.5301644008883413
random,47,20270974,15,16,1.0,0.1,0.1,4,0.421377821652223,0.035344293392556084,0.035344293392556084,0.035344293392556084,0.0,0.14815672032163257,0.021950413776462455,0.16686997173906093,0.021950413776462452,3.469446951953614e-18,24.361439312709877,37.39738580532688,54.85994800360822,3.6573298669072143,0.17444992030408482,0.21614237835006167,0.26178635090968067,0.4951367467791021,0.5301644008883413
random,48,20270975,15,16,1.0,0.1,0.1,4,0.30439149379402447,0.035344293392556084,0.035344293392556084,0.035344293392556084,0.0,0.10730779158310054,0.011514962134442143,0.12096745162792488,0.011514962134442145,1.734723475976807e-18,16.47067144522794,31.015502918610235,41.77630021035438,2.785086680690292,0.14344154542648774,0.19683789746805408,0.2284463856645777,0.4951367467791021,0.5301644008883413
random,49,20270976,15,16,1.0,0.1,0.1,4,0.3457473677817669,0.035344293392556084,0.035344293392556084,0.035344293392556084,0.0,0.12178492443513364,0.014831567819671211,0.1372492825980709,0.014831567819670993,2.185751579730777e-16,16.902713292621048,34.66840869157144,47.09217130119043,3.139478086746029,0.14531067363233136,0.20810679338247418,0.2425457455663781,0.4951367467791021,0.5301644008883413
aligned,0,20270927,16,16,1.0,0.1,0.1,4,1.6000000000000003,0.035344293392556084,0.035344293392556084,0.035344293392556084,0.0,0.5233077134213762,0.27385096292630917,0.5762892028332067,0.27385096292630917,0.0,219.21772434866048,219.21772434866045,220.25291587542463,13.76580724221404,0.5233077134213762,0.5233077134213762,0.5245418419232685,0.5233077134213762,0.5655086942808973
alternating,0,20270927,16,16,1.0,0.1,0.1,4,0.0,0.035344293392556084,0.035344293392556084,0.035344293392556084,0.0,0.0,0.0,0.0,-7.092145097089836e-15,7.092145097089836e-15,64.0,127.99999999999997,256.00000000000557,16.000000000000348,0.28275434714044867,0.3998750325459726,0.5655086942809034,0.5233077134213762,0.5655086942808973
orthogonal,0,20270927,16,16,1.0,0.1,0.1,4,0.4,0.035344293392556084,0.035344293392556084,0.035344293392556084,0.0,0.14071718691490656,0.01980132669324475,0.15851941887820598,0.019801326693244754,3.469446951953614e-18,15.850964080581202,16.0,16.00999993803445,1.0006249961271532,0.14071718691490656,0.14137717357022433,0.1414213467622586,0.5233077134213762,0.5655086942808973
clustered,0,20270927,16,16,1.0,0.1,0.1,4,0.8,0.035344293392556084,0.035344293392556084,0.035344293392556084,0.0,0.27727901762189694,0.07688365361336423,0.31084348322064836,0.07688365361336424,1.3877787807814457e-17,61.54537272621425,63.403856322324785,64.03801612052551,4.0023760075328445,0.27727901762189694,0.28143437382981307,0.28283831298067674,0.5233077134213762,0.5655086942808973
random,0,20270927,16,16,1.0,0.1,0.1,4,0.475078889265094,0.035344293392556084,0.035344293392556084,0.035344293392556084,0.0,0.16678800263212973,0.027818237822015313,0.18776167770222796,0.027818237822015313,0.0,24.967717058860238,43.60854492412178,50.25163204475496,3.140727002797185,0.17660732832924764,0.23340228398728874,0.25054998966523384,0.5233077134213762,0.5655086942808973
random,1,20270928,16,16,1.0,0.1,0.1,4,0.4875283316394063,0.035344293392556084,0.035344293392556084,0.035344293392556084,0.0,0.17109490503330518,0.02927346652835572,0.19258652522525743,0.02927346652835572,0.0,25.19378853214692,45.27350792213536,57.03168726367427,3.564480453979642,0.1774050766365847,0.23781616788492008,0.2669177244641455,0.5233077134213762,0.5655086942808973
random,2,20270929,16,16,1.0,0.1,0.1,4,0.3411084706743098,0.035344293392556084,0.035344293392556084,0.035344293392556084,0.0,0.12016286913264229,0.014439115118188517,0.13542571454078778,0.01443911511818874,2.237793284010081e-16,20.886625589050155,39.27022250858707,54.30835726870052,3.3942723292937824,0.16153009350265915,0.22148839936592352,0.2604669573184578,0.5233077134213762,0.5655086942808973
random,3,20270930,16,16,1.0,0.1,0.1,4,0.40602305318955345,0.035344293392556084,0.035344293392556084,0.035344293392556084,0.0,0.14281445997206116,0.020395969977111458,0.16087397711118623,0.02039596997711135,1.0755285551056204e-16,21.386185236212903,39.49672326230863,46.91305933276996,2.9320662082981226,0.16345039170195688,0.2221262256371917,0.2420840527683794,0.5233077134213762,0.5655086942808973
random,4,20270931,16,16,1.0,0.1,0.1,4,0.2976357163289509,0.035344293392556084,0.035344293392556084,0.035344293392556084,0.0,0.10493947440052558,0.011012293287458563,0.11830264122189749,0.011012293287458565,1.734723475976807e-18,17.075423605001685,34.74714152812743,45.255988976079,2.8284993110049377,0.14605117215630076,0.208342967275652,0.2377701509985508,0.5233077134213762,0.5655086942808973
random,5,20270932,16,16,1.0,0.1,0.1,4,0.260653445817871,0.035344293392556084,0.035344293392556084,0.035344293392556084,0.0,0.09195959824706475,0.008456567709761553,0.1036920614538317,0.008456567709761444,1.0928757898653885e-16,16.996031656976584,34.852574009920254,50.34937968191544,3.146836230119715,0.14571124511279754,0.20865881309124656,0.25079355161998645,0.5233077134213762,0.5655086942808973
random,6,20270933,16,16,1.0,0.1,0.1,4,0.5409319565126869,0.035344293392556084,0.035344293392556084,0.035344293392556084,0.0,0.18951280908640422,0.0359151048078199,0.21319821270495476,0.0359151048078199,0.0,29.844939529967395,46.737865714720044,49.37588830324953,3.0859930189530957,0.19308772039040786,0.2416316067802469,0.24835720552096194,0.5233077134213762,0.5655086942808973
random,7,20270934,16,16,1.0,0.1,0.1,4,0.3651750084957596,0.035344293392556084,0.035344293392556084,0.035344293392556084,0.0,0.12857269410839497,0.016530937670290905,0.1448783103170337,0.0165309376702909,3.469446951953614e-18,18.749058298131004,39.39395040199509,47.35174379165425,2.9594839869783907,0.153041436454869,0.22183704446797328,0.2432132841743881,0.5233077134213762,0.5655086942808973
random,8,20270935,16,16,1.0,0.1,0.1,4,0.304485363865007,0.035344293392556084,0.035344293392556084,0.035344293392556084,0.0,0.10734069245065643,0.01152202425578641,0.1210044690150518,0.011522024255786304,1.0581813203458523e-16,18.59580517754162,37.73459290967973,50.97613994079249,3.186008746299531,0.15241467957700777,0.2171146546549671,0.25234969071760444,0.5233077134213762,0.5655086942808973
random,9,20270936,16,16,1.0,0.1,0.1,4,0.3003882866035388,0.035344293392556084,0.035344293392556084,0.035344293392556084,0.0,0.10590452926254655,0.01121576931832158,0.11938855354882416,0.011215769318321692,1.1275702593849246e-16,16.330579779944557,37.319601398790034,49.854954926534056,3.1159346829083785,0.1428302200998091,0.21591747950178844,0.24955913266876242,0.5233077134213762,0.5655086942808973
random,10,20270937,16,16,1.0,0.1,0.1,4,0.4576420637584961,0.035344293392556084,0.035344293392556084,0.035344293392556084,0.0,0.16074768839469983,0.025839819324239514,0.18099198064334598,0.02583981932423951,3.469446951953614e-18,23.29208418621001,43.358292963102116,58.749950831741884,3.6718719269838678,0.17057818111259343,0.23273161935395925,0.27090876556314164,0.5233077134213762,0.5655086942808973
random,11,20270938,16,16,1.0,0.1,0.1,4,0.4139039987450681,0.035344293392556084,0.035344293392556084,0.035344293392556084,0.0,0.14555720946616582,0.021186901227577274,0.16395265416415672,0.02118690122757727,3.469446951953614e-18,25.33499021777281,41.4865387649557,52.22451634228971,3.264032271393107,0.17790152628799358,0.22765275223088327,0.25542095062724196,0.5233077134213762,0.5655086942808973
random,12,20270939,16,16,1.0,0.1,0.1,4,0.4457222274378673,0.035344293392556084,0.035344293392556084,0.035344293392556084,0.0,0.15661328942188163,0.02452772242354206,0.17635639799552294,0.024527722423542064,3.469446951953614e-18,26.283373777901588,44.49299028915843,53.198140730334366,3.324883795645898,0.18120069505861286,0.23575727388916926,0.257790869072515,0.5233077134213762,0.5655086942808973
random,13,20270940,16,16,1.0,0.1,0.1,4,0.4648046743641918,0.035344293392556084,0.035344293392556084,0.035344293392556084,0.0,0.16323001304554224,0.026644037158847892,0.183774466192119,0.02664403715884789,3.469446951953614e-18,27.284264700346373,43.78802802652315,47.53120885225721,2.9707005532660755,0.18461859040317755,0.23388210680964497,0.24367374248360885,0.5233077134213762,0.5655086942808973
random,14,20270941,16,16,1.0,0.1,0.1,4,0.41030835281817013,0.035344293392556084,0.035344293392556084,0.035344293392556084,0.0,0.14430604875708453,0.020824235707882055,0.16254833016298775,0.020824235707882055,0.0,19.337045472101885,37.68229036332407,42.7580077394634,2.6723754837164626,0.1554226690865779,0.2169641351176391,0.2311149473639784,0.5233077134213762,0.5655086942808973
random,15,20270942,16,16,1.0,0.1,0.1,4,0.4138652426727736,0.035344293392556084,0.035344293392556084,0.035344293392556084,0.0,0.14554372554831344,0.021182976046482786,0.16393752027786568,0.021182976046482782,3.469446951953614e-18,27.211788446113133,43.066582181081344,61.923888771624576,3.870243048226536,0.1843732225762547,0.23194739915271828,0.27813037064952656,0.5233077134213762,0.5655086942808973
random,16,20270943,16,16,1.0,0.1,0.1,4,0.38906058717051323,0.035344293392556084,0.035344293392556084,0.035344293392556084,0.0,0.13690558336955239,0.01874313875775746,0.15423932209034374,0.01874313875775746,0.0,17.86013499621998,38.89720764305147,50.36847453324156,3.1480296583275975,0.14936941228657874,0.22043396691126546,0.2508411034632994,0.5233077134213762,0.5655086942808973
random,17,20270944,16,16,1.0,0.1,0.1,4,0.4216514301547686,0.035344293392556084,0.035344293392556084,0.035344293392556084,0.0,0.14825185658569764,0.021978612981106264,0.1669767282246708,0.02197861298110626,3.469446951953614e-18,20.798944213274538,39.855451428057705,51.93289321673059,3.245805826045662,0.16119068788177535,0.22313267394841224,0.25470681350926244,0.5233077134213762,0.5655086942808973
random,18,20270945,16,16,1.0,0.1,0.1,4,0.39529447385730965,0.035344293392556084,0.035344293392556084,0.035344293392556084,0.0,0.13907802603363714,0.01934269732541305,0.1566789259661876,0.01934269732541305,0.0,23.630645013611026,39.84519195451292,50.15136931342386,3.134460582088991,0.1718134235601507,0.22310395302036343,0.2502999145120037,0.5233077134213762,0.5655086942808973
random,19,20270946,16,16,1.0,0.1,0.1,4,0.3097229278031688,0.035344293392556084,0.035344293392556084,0.035344293392556084,0.0,0.10917614445673825,0.011919430518438577,0.12306946557632958,0.011919430518438358,2.185751579730777e-16,19.308008015912872,39.031508315793246,58.36177923038859,3.647611201899287,0.15530593009226318,0.22081418598103592,0.270012310626754,0.5233077134213762,0.5655086942808973
random,20,20270947,16,16,1.0,0.1,0.1,4,0.3578555086854634,0.035344293392556084,0.035344293392556084,0.035344293392556084,0.0,0.12601638935979664,0.015880130387279867,0.14200557036808537,0.015880130387279867,0.0,19.071565241111,38.08725273314249,50.28688614890337,3.1429303843064607,0.1543520751311605,0.21812684989370112,0.25063786110769015,0.5233077134213762,0.5655086942808973
random,21,20270948,16,16,1.0,0.1,0.1,4,0.5286229911714331,0.035344293392556084,0.035344293392556084,0.035344293392556084,0.0,0.18527617931163298,0.03432726262031638,0.20846009703121093,0.03432726262031638,0.0,29.125806128703005,44.03840174458177,43.21511213395513,2.7009445083721957,0.19074724795638298,0.23454980603338943,0.2323470301598698,0.5233077134213762,0.5655086942808973
random,22,20270949,16,16,1.0,0.1,0.1,4,0.2669126316329956,0.035344293392556084,0.035344293392556084,0.035344293392556084,0.0,0.0941581617655222,0.008865759427062248,0.10616748990971914,0.008865759427062251,3.469446951953614e-18,15.225778543875306,36.34243217402728,52.40823599430688,3.27551474964418,0.13791422332419392,0.21307195854668232,0.25586982650002554,0.5233077134213762,0.5655086942808973
random,23,20270950,16,16,1.0,0.1,0.1,4,0.3796399701456178,0.035344293392556084,0.035344293392556084,0.035344293392556084,0.0,0.13362072740142558,0.017854498791286085,0.15054980521121686,0.01785449879128609,3.469446951953614e-18,24.627562942489018,44.19534287312003,65.88530281950975,4.117831426219359,0.1754001750536225,0.23496737084495029,0.28688878868281753,0.5233077134213762,0.5655086942808973
random,24,20270951,16,16,1.0,0.1,0.1,4,0.33566307120233235,0.035344293392556084,0.035344293392556084,0.035344293392556084,0.0,0.11825819484691999,0.013985000648452093,0.13328418744839232,0.013985000648452097,3.469446951953614e-18,18.390218381115805,38.12262769166642,53.069546327389716,3.3168466454618573,0.15156982418282514,0.21822812311324472,0.25747910516391814,0.5233077134213762,0.5655086942808973
random,25,20270952,16,16,1.0,0.1,0.1,4,0.2809152902719928,0.035344293392556084,0.035344293392556084,0.035344293392556084,0.0,0.09907413203007498,0.009815683637512729,0.11170158503126104,0.00981568363751273,1.734723475976807e-18,16.614598149318688,35.513467189231605,52.855073234049165,3.303442077128073,0.14406690438317715,0.21062787243633704,0.2569582956758681,0.5233077134213762,0.5655086942808973
random,26,20270953,16,16,1.0,0.1,0.1,4,0.29546110215702637,0.035344293392556084,0.035344293392556084,0.035344293392556084,0.0,0.1041769467689414,0.01085283623809885,0.11744458010024439,0.010852836238098854,3.469446951953614e-18,14.830498629755027,35.57573920134481,46.12486331771589,2.8828039573572433,0.13611223966369285,0.21081245701441462,0.2400417861698014,0.5233077134213762,0.5655086942808973
random,27,20270954,16,16,1.0,0.1,0.1,4,0.40893123812014964,0.035344293392556084,0.035344293392556084,0.035344293392556084,0.0,0.14382676842007142,0.020686139314160853,0.16201034354210275,0.020686139314160856,3.469446951953614e-18,24.48963751772495,41.65257624469625,53.776564358432644,3.3610352724020403,0.17490832552294608,0.2281078534054063,0.2591885607179763,0.5233077134213762,0.5655086942808973
random,28,20270955,16,16,1.0,0.1,0.1,4,0.4399176864865356,0.035344293392556084,0.035344293392556084,0.035344293392556084,0.0,0.15459848203760101,0.023900690648330444,0.17409679195977934,0.023900690648330447,3.469446951953614e-18,22.89287917433997,38.90269753281198,44.89397202544217,2.8058732515901355,0.169110086499445,0.22044952221142972,0.2368172422470819,0.5233077134213762,0.5655086942808973
random,29,20270956,16,16,1.0,0.1,0.1,4,0.4488913145767476,0.035344293392556084,0.035344293392556084,0.035344293392556084,0.0,0.15771289536873973,0.024873357365591046,0.17758945262161374,0.024873357365591042,3.469446951953614e-18,22.135089699969132,41.05584241928629,51.54851720839808,3.22178232552488,0.1662876311976147,0.22646797015819348,0.2537624696567634,0.5233077134213762,0.5655086942808973
random,30,20270957,16,16,1.0,0.1,0.1,4,0.4363258969856308,0.035344293392556084,0.035344293392556084,0.035344293392556084,0.0,0.1533512555130534,0.02351660756742979,0.17269784742671934,0.023516607567429793,3.469446951953614e-18,19.95137618190991,39.654144138569706,43.28356517726265,2.7052228235789157,0.1578722258894953,0.22256844627511582,0.23253097701506717,0.5233077134213762,0.5655086942808973
random,31,20270958,16,16,1.0,0.1,0.1,4,0.48569733976528134,0.035344293392556084,0.035344293392556084,0.035344293392556084,0.0,0.17046177564643883,0.029057216956536847,0.19187736922267673,0.029057216956536847,0.0,28.317305376711516,43.757564620470305,48.152161187118296,3.0095100741948935,0.1880811474897349,0.23380073656379854,0.24526026640612336,0.5233077134213762,0.5655086942808973
random,32,20270959,16,16,1.0,0.1,0.1,4,0.3361221739664535,0.035344293392556084,0.035344293392556084,0.035344293392556084,0.0,0.11841880369912831,0.014023013069532686,0.13346477804189072,0.014023013069532686,0.0,16.31340391494249,36.0121599427272,43.11108184099982,2.694442615062489,0.14275508872037632,0.2121015727134003,0.23206720103825582,0.5233077134213762,0.5655086942808973
random,33,20270960,16,16,1.0,0.1,0.1,4,0.338868583589475,0.035344293392556084,0.035344293392556084,0.035344293392556084,0.0,0.11937948841467037,0.014251462254148417,0.13454494753420176,0.01425146225414842,3.469446951953614e-18,17.25796325458201,37.81268372310992,50.97154894713311,3.1857218091958193,0.14682975482001412,0.21733919526789827,0.2523383269509731,0.5233077134213762,0.5655086942808973
random,34,20270961,16,16,1.0,0.1,0.1,4,0.5566459127154898,0.035344293392556084,0.035344293392556084,0.035344293392556084,0.0,0.19491369229959468,0.03799134744586107,0.2192355445935481,0.03799134744586108,6.938893903907228e-18,32.658703676095776,46.48690108422737,50.622084711465334,3.1638802944665834,0.2019848400515202,0.2409819984802535,0.2514718152378975,0.5233077134213762,0.5655086942808973
random,35,20270962,16,16,1.0,0.1,0.1,4,0.4783220263041714,0.035344293392556084,0.035344293392556084,0.035344293392556084,0.0,0.16791043643050285,0.028193914662281938,0.18901926750096476,0.028193914662281938,0.0,26.135212477301856,45.05085029128098,56.935859641472874,3.5584912275920546,0.18068925249382245,0.23723065052331999,0.2666933856313491,0.5233077134213762,0.5655086942808973
random,36,20270963,16,16,1.0,0.1,0.1,4,0.4130320197631576,0.035344293392556084,0.035344293392556084,0.035344293392556084,0.0,0.14525382285872532,0.021098673055073954,0.16361213980170208,0.021098673055073958,3.469446951953614e-18,20.971024222709143,38.59458976722049,50.099183321796524,3.1311989576122827,0.16185611971774166,0.21957481127211748,0.2501696533724781,0.5233077134213762,0.5655086942808973
random,37,20270964,16,16,1.0,0.1,0.1,4,0.32837692799800694,0.035344293392556084,0.035344293392556084,0.035344293392556084,0.0,0.1157086509624323,0.013388491907545985,0.1304172177374079,0.013388491907545989,3.469446951953614e-18,16.755230957134707,36.043516371619546,53.241462782138925,3.327591423883683,0.14467534041675875,0.21219389292957322,0.2578958140619253,0.5233077134213762,0.5655086942808973
random,38,20270965,16,16,1.0,0.1,0.1,4,0.32907342391617816,0.035344293392556084,0.035344293392556084,0.035344293392556084,0.0,0.11595241646531557,0.013444962884145985,0.13069135141571042,0.013444962884146094,1.0928757898653885e-16,19.184081695426016,38.73157791782926,55.7158576584878,3.4822411036554874,0.15480672077892565,0.2199641469786221,0.26382060607601787,0.5233077134213762,0.5655086942808973
random,39,20270966,16,16,1.0,0.1,0.1,4,0.4176230447391211,0.035344293392556084,0.035344293392556084,0.035344293392556084,0.0,0.1468509414078744,0.021565198992378964,0.16540462393597344,0.021565198992378742,2.220446049250313e-16,19.737549030566537,40.16201184354515,46.324868597361586,2.895304287335099,0.15702395597807092,0.22398917675227917,0.24056165429699428,0.5233077134213762,0.5655086942808973
random,40,20270967,16,16,1.0,0.1,0.1,4,0.500356617811155,0.035344293392556084,0.035344293392556084,0.035344293392556084,0.0,0.17552773483766707,0.03080998569724236,0.19755054102918224,0.03080998569724247,1.1102230246251565e-16,28.542711596508806,46.03991296892009,52.26696042770686,3.266685026731679,0.18882822826723838,0.2398206361250204,0.25552472283610017,0.5233077134213762,0.5655086942808973
random,41,20270968,16,16,1.0,0.1,0.1,4,0.48649822231083517,0.035344293392556084,0.035344293392556084,0.035344293392556084,0.0,0.17073872179143348,0.029151711118972523,0.1921875760873939,0.029151711118972523,0.0,28.277387471826778,43.787266754690386,52.289124421207994,3.2680702763254996,0.18794853506431655,0.2338800737352866,0.2555788951849015,0.5233077134213762,0.5655086942808973
random,42,20270969,16,16,1.0,0.1,0.1,4,0.3297003024925788,0.035344293392556084,0.035344293392556084,0.035344293392556084,0.0,0.11617180774168881,0.013495888913971908,0.1309380709896395,0.01349588891397191,1.734723475976807e-18,17.3180197485061,34.269194084923264,42.80227466814618,2.6751421667591364,0.1470850115352282,0.20690512548055684,0.23123455188785094,0.5233077134213762,0.5655086942808973
random,43,20270970,16,16,1.0,0.1,0.1,4,0.33072288600679933,0.035344293392556084,0.035344293392556084,0.035344293392556084,0.0,0.11652966723776524,0.013579163346544298,0.1313405001390917,0.013579163346544302,3.469446951953614e-18,16.152298037288688,36.87440072792995,45.36028172879278,2.8350176080495486,0.1420484382879138,0.21462573187755807,0.23804396485101587,0.5233077134213762,0.5655086942808973
random,44,20270971,16,16,1.0,0.1,0.1,4,0.42753554113635794,0.035344293392556084,0.035344293392556084,0.035344293392556084,0.0,0.15029731685803124,0.02258928345472344,0.16927184065839018,0.02258928345472344,0.0,20.42540537885187,40.844456768902404,49.72333867251499,3.107708667032187,0.15973667713593304,0.22588420600131165,0.24922949898282334,0.5233077134213762,0.5655086942808973
random,45,20270972,16,16,1.0,0.1,0.1,4,0.3445554463406463,0.035344293392556084,0.035344293392556084,0.035344293392556084,0.0,0.12136819876127482,0.014730239670556311,0.13678080316271402,0.0147302396705562,1.1102230246251565e-16,17.162980439546192,37.89352028663109,54.51536136894612,3.4072100855591323,0.14642514318287592,0.2175713868523147,0.26096288878967466,0.5233077134213762,0.5655086942808973
random,46,20270973,16,16,1.0,0.1,0.1,4,0.4140211812489337,0.035344293392556084,0.035344293392556084,0.035344293392556084,0.0,0.14559797906920746,0.021198771509037373,0.16399841247440494,0.021198771509037373,0.0,25.0239331189429,44.463394642778354,58.652125177161416,3.6657578235725885,0.1768060366452312,0.23567885086626975,0.2706831239386341,0.5233077134213762,0.5655086942808973
random,47,20270974,16,16,1.0,0.1,0.1,4,0.43790628176518376,0.035344293392556084,0.035344293392556084,0.035344293392556084,0.0,0.15390007967202052,0.023685234523054263,0.17331344980191954,0.023685234523054266,3.469446951953614e-18,27.514460200608173,41.570585599404154,60.08237694366808,3.755148558979255,0.185395761905333,0.2278832343704063,0.27396359498033657,0.5233077134213762,0.5655086942808973
random,48,20270975,16,16,1.0,0.1,0.1,4,0.29889077223995947,0.035344293392556084,0.035344293392556084,0.035344293392556084,0.0,0.10537951718153708,0.01110484264141387,0.11879779913673638,0.011104842641413872,1.734723475976807e-18,17.743032314034977,33.56956842239883,44.57367769600905,2.7858548560005656,0.1488789253805578,0.20478218972080248,0.23597094829541337,0.5233077134213762,0.5655086942808973
random,49,20270976,16,16,1.0,0.1,0.1,4,0.4038467226880603,0.035344293392556084,0.035344293392556084,0.035344293392556084,0.0,0.14205675543066948,0.02018012176348904,0.16002336147272178,0.020180121763488823,2.185751579730777e-16,22.87028754999051,40.999422625782714,51.69453360429137,3.2309083502682108,0.16902662354720255,0.22631230816130293,0.2541216194529179,0.5233077134213762,0.5655086942808973
aligned,0,20270927,2,16,1.0,0.25,0.25,4,0.5,0.08821599480681769,0.08821599480681769,0.08821599480681769,0.0,0.17540457668959458,0.030766765523655867,0.1974126513658474,0.03076676552365587,3.469446951953614e-18,3.953549400215709,3.953549400215709,3.953549400215709,1.9767747001078546,0.17540457668959458,0.17540457668959458,0.17540457668959458,0.17540457668959458,0.17643198961363538
alternating,0,20270927,2,16,1.0,0.25,0.25,4,0.0,0.08821599480681769,0.08821599480681769,0.08821599480681769,0.0,0.0,0.0,0.0,-1.1038580295749829e-16,1.1038580295749829e-16,1.0,2.0,4.000000000000014,2.000000000000007,0.08821599480681769,0.12475625627403611,0.17643198961363568,0.17540457668959458,0.17643198961363538
orthogonal,0,20270927,2,16,1.0,0.25,0.25,4,0.3535533905932738,0.08821599480681769,0.08821599480681769,0.08821599480681769,0.0,0.12451330448828168,0.015503562994591548,0.14031620480133378,0.015503562994591547,1.734723475976807e-18,1.992217938260238,2.0,2.007782061739762,1.003891030869881,0.12451330448828168,0.12475625627403611,0.12499873585134529,0.17540457668959458,0.17643198961363538
clustered,0,20270927,2,16,1.0,0.25,0.25,4,0.5,0.08821599480681769,0.08821599480681769,0.08821599480681769,0.0,0.17540457668959458,0.030766765523655867,0.1974126513658474,0.03076676552365587,3.469446951953614e-18,3.953549400215709,3.953549400215709,3.953549400215709,1.9767747001078546,0.17540457668959458,0.17540457668959458,0.17540457668959458,0.17540457668959458,0.17643198961363538
random,0,20270927,2,16,1.0,0.25,0.25,4,0.3229301248180354,0.08821599480681769,0.08821599480681769,0.08821599480681769,0.0,0.113801973847615,0.01295088925161325,0.12827287357757844,0.012950889251613251,1.734723475976807e-18,1.6641977003922497,2.0,2.3358022996077503,1.1679011498038752,0.11380197384761502,0.12475625627403611,0.13482343159633894,0.17540457668959458,0.17643198961363538
random,1,20270928,2,16,1.0,0.25,0.25,4,0.3200852857262783,0.08821599480681769,0.08821599480681769,0.08821599480681769,0.0,0.11280587469824815,0.012725165366436864,0.1271525170175356,0.012725165366436864,0.0,1.6351920341915789,2.0,2.364807965808421,1.1824039829042106,0.11280587469824815,0.12475625627403611,0.13565795808793923,0.17540457668959458,0.17643198961363538
random,2,20270929,2,16,1.0,0.25,0.25,4,0.24297761293276224,0.08821599480681769,0.08821599480681769,0.08821599480681769,0.0,0.08574731158259018,0.007352601443641803,0.09669611982131987,0.007352601443641915,1.1188966420050406e-16,1.0,2.0,3.055185927646985,1.5275929638234924,0.08821599480681769,0.12475625627403611,0.15419353266393512,0.17540457668959458,0.17643198961363538
random,3,20270930,2,16,1.0,0.25,0.25,4,0.40960409268229014,0.08821599480681769,0.08821599480681769,0.08821599480681769,0.0,0.14406094985275875,0.02075355727247907,0.16227321184623578,0.020753557272479073,3.469446951953614e-18,2.6668456209303333,2.6668456209303333,2.6668456209303333,1.3334228104651666,0.14406094985275875,0.14406094985275875,0.14406094985275875,0.17540457668959458,0.17643198961363538
random,4,20270931,2,16,1.0,0.25,0.25,4,0.3513288331844215,0.08821599480681769,0.08821599480681769,0.08821599480681769,0.0,0.12373591437973898,0.015310576507390095,0.1394424080207517,0.015310576507390096,1.734723475976807e-18,1.967419049012735,2.0,2.0325809509872648,1.0162904754936324,0.12373591437973896,0.12475625627403611,0.12576832054073014,0.17540457668959458,0.17643198961363538
random,5,20270932,2,16,1.0,0.25,0.25,4,0.3800947628387829,0.08821599480681769,0.08821599480681769,0.08821599480681769,0.0,0.13377935924904683,0.01789691696108553,0.1507279979485341,0.01789691696108553,0.0,2.2997654811262853,2.2997654811262853,2.2997654811262853,1.1498827405631427,0.13377935924904683,0.13377935924904683,0.13377935924904683,0.17540457668959458,0.17643198961363538
random,6,20270933,2,16,1.0,0.25,0.25,4,0.29664440827771144,0.08821599480681769,0.08821599480681769,0.08821599480681769,0.0,0.10459188405317342,0.010939462209792472,0.11791150720142496,0.010939462209792472,0.0,1.4057280159967978,2.0,2.5942719840032025,1.2971359920016012,0.10459188405317343,0.12475625627403611,0.142087243443011,0.17540457668959458,0.17643198961363538
random,7,20270934,2,16,1.0,0.25,0.25,4,0.3947142560890429,0.08821599480681769,0.08821599480681769,0.08821599480681769,0.0,0.13887586852679093,0.019286506859070518,0.15645192338166414,0.019286506859070518,0.0,2.4783286876973594,2.4783286876973594,2.4783286876973594,1.2391643438486797,0.13887586852679093,0.13887586852679093,0.13887586852679093,0.17540457668959458,0.17643198961363538
random,8,20270935,2,16,1.0,0.25,0.25,4,0.2501364779702896,0.08821599480681769,0.08821599480681769,0.08821599480681769,0.0,0.0882639649400874,0.0077905275069449775,0.09953047255385772,0.007790527506944978,8.673617379884035e-19,1.0010878565952828,2.0,2.9989121434047172,1.4994560717023586,0.08826396494008738,0.12475625627403611,0.15276687943425749,0.17540457668959458,0.17643198961363538
random,9,20270936,2,16,1.0,0.25,0.25,4,0.3464461228088615,0.08821599480681769,0.08821599480681769,0.08821599480681769,0.0,0.12202921176685373,0.014891128524439634,0.13752390273186155,0.014891128524439636,1.734723475976807e-18,1.9135197101257648,2.0,2.086480289874235,1.0432401449371176,0.12202921176685375,0.12475625627403611,0.12742495216630967,0.17540457668959458,0.17643198961363538
random,10,20270937,2,16,1.0,0.25,0.25,4,0.4259540630008554,0.08821599480681769,0.08821599480681769,0.08821599480681769,0.0,0.14974765091689032,0.022424358955126844,0.16865512210367073,0.022424358955126848,3.469446951953614e-18,2.8815447249109774,2.8815447249109774,2.8815447249109774,1.4407723624554887,0.14974765091689032,0.14974765091689032,0.14974765091689032,0.17540457668959458,0.17643198961363538
random,11,20270938,2,16,1.0,0.25,0.25,4,0.3971059063478302,0.08821599480681769,0.08821599480681769,0.08821599480681769,0.0,0.13970910314346502,0.019518633501151347,0.1573875413147472,0.01951863350115135,3.469446951953614e-18,2.5081571123287083,2.5081571123287083,2.5081571123287083,1.2540785561643542,0.13970910314346502,0.13970910314346502,0.13970910314346502,0.17540457668959458,0.17643198961363538
random,12,20270939,2,16,1.0,0.25,0.25,4,0.4222663831601048,0.08821599480681769,0.08821599480681769,0.08821599480681769,0.0,0.14846567404005406,0.022042056368167584,0.1672166591687576,0.022042056368167584,0.0,2.8324185935920525,2.8324185935920525,2.8324185935920525,1.4162092967960263,0.14846567404005406,0.14846567404005406,0.14846567404005406,0.17540457668959458,0.17643198961363538
random,13,20270940,2,16,1.0,0.25,0.25,4,0.37087656100810423,0.08821599480681769,0.08821599480681769,0.08821599480681769,0.0,0.13056305054878162,0.017046710168603704,0.14711471444438073,0.017046710168603707,3.469446951953614e-18,2.190513354772887,2.190513354772887,2.190513354772887,1.0952566773864434,0.13056305054878162,0.13056305054878162,0.13056305054878162,0.17540457668959458,0.17643198961363538
random,14,20270941,2,16,1.0,0.25,0.25,4,0.3769583314866261,0.08821599480681769,0.08821599480681769,0.08821599480681769,0.0,0.1326852665955736,0.017605379971538437,0.14949895384434475,0.017605379971538437,0.0,2.2623027881669495,2.2623027881669495,2.2623027881669495,1.1311513940834748,0.1326852665955736,0.1326852665955736,0.1326852665955736,0.17540457668959458,0.17643198961363538
random,15,20270942,2,16,1.0,0.25,0.25,4,0.37741771896791676,0.08821599480681769,0.08821599480681769,0.08821599480681769,0.0,0.13284553161083038,0.017647935268964132,0.14967899251299133,0.017647935268964132,0.0,2.2677711715913946,2.2677711715913946,2.2677711715913946,1.1338855857956973,0.13284553161083038,0.13284553161083038,0.13284553161083038,0.17540457668959458,0.17643198961363538
random,16,20270943,2,16,1.0,0.25,0.25,4,0.3242801311394166,0.08821599480681769,0.08821599480681769,0.08821599480681769,0.0,0.11427460849445187,0.013058686146560252,0.12880444414930303,0.01305868614656025,1.734723475976807e-18,1.6780496715731377,2.0,2.3219503284268623,1.1609751642134312,0.11427460849445185,0.12475625627403611,0.13442306651935035,0.17540457668959458,0.17643198961363538
random,17,20270944,2,16,1.0,0.25,0.25,4,0.34729136821034984,0.08821599480681769,0.08821599480681769,0.08821599480681769,0.0,0.12232469784027282,0.014963331701714046,0.13785607334101213,0.014963331701714044,1.734723475976807e-18,1.9227978654127555,2.0,2.0772021345872442,1.0386010672936221,0.1223246978402728,0.12475625627403611,0.12714132002347583,0.17540457668959458,0.17643198961363538
random,18,20270945,2,16,1.0,0.25,0.25,4,0.31925410977601654,0.08821599480681769,0.08821599480681769,0.08821599480681769,0.0,0.11251481245514802,0.012659583021817132,0.12682513446389,0.012659583021817133,1.734723475976807e-18,1.626764660211148,2.0,2.373235339788852,1.186617669894426,0.11251481245514804,0.12475625627403611,0.13589946260824143,0.17540457668959458,0.17643198961363538
random,19,20270946,2,16,1.0,0.25,0.25,4,0.3742020091459032,0.08821599480681769,0.08821599480681769,0.08821599480681769,0.0,0.13172356822213546,0.017351098425171574,0.14841855946737437,0.017351098425171574,0.0,2.229627443911094,2.229627443911094,2.229627443911094,1.114813721955547,0.13172356822213543,0.13172356822213543,0.13172356822213543,0.17540457668959458,0.17643198961363538
random,20,20270947,2,16,1.0,0.25,0.25,4,0.402956943653181,0.08821599480681769,0.08821599480681769,0.08821599480681769,0.0,0.14174693665349092,0.020092194050648767,0.1596755387315718,0.02009219405064877,3.469446951953614e-18,2.5818600163505634,2.5818600163505634,2.5818600163505634,1.2909300081752817,0.14174693665349095,0.14174693665349095,0.14174693665349095,0.17540457668959458,0.17643198961363538
random,21,20270948,2,16,1.0,0.25,0.25,4,0.3717891499776212,0.08821599480681769,0.08821599480681769,0.08821599480681769,0.0,0.13088155345726868,0.01712998103538788,0.14747256341541415,0.017129981035387876,3.469446951953614e-18,2.2012137153674014,2.2012137153674014,2.2012137153674014,1.1006068576837007,0.13088155345726868,0.13088155345726868,0.13088155345726868,0.17540457668959458,0.17643198961363538
random,22,20270949,2,16,1.0,0.25,0.25,4,0.32564955814717644,0.08821599480681769,0.08821599480681769,0.08821599480681769,0.0,0.11475400262177138,0.013168481117717512,0.12934360225952246,0.013168481117717512,0.0,1.6921583968478742,2.0,2.307841603152126,1.153920801576063,0.11475400262177139,0.12475625627403611,0.13401405091000135,0.17540457668959458,0.17643198961363538
random,23,20270950,2,16,1.0,0.25,0.25,4,0.31432847536724157,0.08821599480681769,0.08821599480681769,0.08821599480681769,0.0,0.11078965141656424,0.012274346861003815,0.12488458781663381,0.012274346861003815,0.0,1.5772615627420996,2.0,2.4227384372579004,1.2113692186289502,0.11078965141656424,0.12475625627403611,0.13730950476213263,0.17540457668959458,0.17643198961363538
random,24,20270951,2,16,1.0,0.25,0.25,4,0.25210683263062406,0.08821599480681769,0.08821599480681769,0.08821599480681769,0.0,0.08895648324460254,0.007913255911247252,0.10031035835675817,0.007913255911247252,0.0,1.0168585364493488,2.0,2.983141463550651,1.4915707317753255,0.08895648324460254,0.12475625627403611,0.15236466469552148,0.17540457668959458,0.17643198961363538
random,25,20270952,2,16,1.0,0.25,0.25,4,0.290907375693555,0.08821599480681769,0.08821599480681769,0.08821599480681769,0.0,0.10257988731588377,0.010522633281739413,0.1156473214509035,0.010522633281739413,0.0,1.3521652273692557,2.0,2.6478347726307443,1.3239173863153721,0.10257988731588377,0.12475625627403611,0.143546555783434,0.17540457668959458,0.17643198961363538
random,26,20270953,2,16,1.0,0.25,0.25,4,0.3135316120228664,0.08821599480681769,0.08821599480681769,0.08821599480681769,0.0,0.11051050958557543,0.01221257272886356,0.12457057755903844,0.01221257272886356,0.0,1.5693235465445834,2.0,2.4306764534554164,1.2153382267277082,0.11051050958557543,0.12475625627403611,0.13753426565828017,0.17540457668959458,0.17643198961363538
random,27,20270954,2,16,1.0,0.25,0.25,4,0.39880432092952467,0.08821599480681769,0.08821599480681769,0.08821599480681769,0.0,0.14030072904578153,0.019684294570777805,0.1580518293874189,0.019684294570777805,0.0,2.529444667627857,2.529444667627857,2.529444667627857,1.2647223338139284,0.14030072904578153,0.14030072904578153,0.14030072904578153,0.17540457668959458,0.17643198961363538
random,28,20270955,2,16,1.0,0.25,0.25,4,0.36834365152885984,0.08821599480681769,0.08821599480681769,0.08821599480681769,0.0,0.1296789333094731,0.016816625744282776,0.14612133882358114,0.016816625744282776,0.0,2.1609473564532524,2.1609473564532524,2.1609473564532524,1.0804736782266262,0.1296789333094731,0.1296789333094731,0.1296789333094731,0.17540457668959458,0.17643198961363538
random,29,20270956,2,16,1.0,0.25,0.25,4,0.3103374020022703,0.08821599480681769,0.08821599480681769,0.08821599480681769,0.0,0.10939144437650813,0.011966488102778674,0.12331167762250739,0.011966488102778672,1.734723475976807e-18,1.5377015118814934,2.0,2.4622984881185066,1.2311492440592533,0.10939144437650813,0.12475625627403611,0.13842600498550578,0.17540457668959458,0.17643198961363538
random,30,20270957,2,16,1.0,0.25,0.25,4,0.33216090719948554,0.08821599480681769,0.08821599480681769,0.08821599480681769,0.0,0.11703287331047298,0.013696693435305218,0.1319063637082616,0.01369669343530522,1.734723475976807e-18,1.760034023545772,2.0,2.239965976454228,1.119982988227114,0.11703287331047298,0.12475625627403611,0.1320286087320499,0.17540457668959458,0.17643198961363538
random,31,20270958,2,16,1.0,0.25,0.25,4,0.33818113800013716,0.08821599480681769,0.08821599480681769,0.08821599480681769,0.0,0.11913903798125333,0.014194110371098525,0.13427459703550237,0.014194110371098525,0.0,1.8239524236340334,2.0,2.1760475763659666,1.0880237881829833,0.11913903798125333,0.12475625627403611,0.1301312283348137,0.17540457668959458,0.17643198961363538
random,32,20270959,2,16,1.0,0.25,0.25,4,0.3222476869452099,0.08821599480681769,0.08821599480681769,0.08821599480681769,0.0,0.11356303892325817,0.01289656380948545,0.12800413878129202,0.01289656380948545,0.0,1.6572168457107368,2.0,2.3427831542892634,1.1713915771446317,0.11356303892325817,0.12475625627403611,0.13502475013693044,0.17540457668959458,0.17643198961363538
random,33,20270960,2,16,1.0,0.25,0.25,4,0.20407102893844564,0.08821599480681769,0.08821599480681769,0.08821599480681769,0.0,0.07205620952245619,0.005192097330744105,0.0812715142873095,0.005192097330744106,8.673617379884035e-19,1.0,2.0,3.332812112731121,1.6664060563655605,0.08821599480681769,0.12475625627403611,0.16104704166262054,0.17540457668959458,0.17643198961363538
random,34,20270961,2,16,1.0,0.25,0.25,4,0.3875726160590492,0.08821599480681769,0.08821599480681769,0.08821599480681769,0.0,0.1363868945795159,0.01860138501304398,0.15365679160316104,0.01860138501304398,0.0,2.3902900844405344,2.3902900844405344,2.3902900844405344,1.1951450422202672,0.1363868945795159,0.1363868945795159,0.1363868945795159,0.17540457668959458,0.17643198961363538
random,35,20270962,2,16,1.0,0.25,0.25,4,0.3425002128738548,0.08821599480681769,0.08821599480681769,0.08821599480681769,0.0,0.12064956214592971,0.014556316846004556,0.13597288987748501,0.014556316846004558,1.734723475976807e-18,1.870496191470726,2.0,2.129503808529274,1.064751904264637,0.12064956214592973,0.12475625627403611,0.1287320088906461,0.17540457668959458,0.17643198961363538
random,36,20270963,2,16,1.0,0.25,0.25,4,0.36003191409347307,0.08821599480681769,0.08821599480681769,0.08821599480681769,0.0,0.1267766222977908,0.016072311961236707,0.1428599590702535,0.016072311961236707,0.0,2.0653025507530396,2.0653025507530396,2.0653025507530396,1.0326512753765198,0.1267766222977908,0.1267766222977908,0.1267766222977908,0.17540457668959458,0.17643198961363538
random,37,20270964,2,16,1.0,0.25,0.25,4,0.33861055499033765,0.08821599480681769,0.08821599480681769,0.08821599480681769,0.0,0.11928923801060164,0.014229922305149967,0.13444347493207132,0.014229922305149969,1.734723475976807e-18,1.8285542804746813,2.0,2.1714457195253187,1.0857228597626594,0.11928923801060162,0.12475625627403611,0.12999355620135936,0.17540457668959458,0.17643198961363538
random,38,20270965,2,16,1.0,0.25,0.25,4,0.41965169965858484,0.08821599480681769,0.08821599480681769,0.08821599480681769,0.0,0.14755648395950563,0.021772915958491842,0.16619640310092243,0.021772915958491845,3.469446951953614e-18,2.797833875727277,2.797833875727277,2.797833875727277,1.3989169378636386,0.14755648395950563,0.14755648395950563,0.14755648395950563,0.17540457668959458,0.17643198961363538
random,39,20270966,2,16,1.0,0.25,0.25,4,0.34723401920777863,0.08821599480681769,0.08821599480681769,0.08821599480681769,0.0,0.12230464993836934,0.014958427396547068,0.13783353668823972,0.01495842739654707,1.734723475976807e-18,1.9221676590058956,2.0,2.0778323409941044,1.0389161704970522,0.12230464993836936,0.12475625627403611,0.127160605387356,0.17540457668959458,0.17643198961363538
random,40,20270967,2,16,1.0,0.25,0.25,4,0.3972485964223443,0.08821599480681769,0.08821599480681769,0.08821599480681769,0.0,0.13975881070448662,0.019532525169532522,0.15744335492285844,0.019532525169532522,0.0,2.5099422007597347,2.5099422007597347,2.5099422007597347,1.2549711003798674,0.13975881070448662,0.13975881070448662,0.13975881070448662,0.17540457668959458,0.17643198961363538
random,41,20270968,2,16,1.0,0.25,0.25,4,0.3363709699391266,0.08821599480681769,0.08821599480681769,0.08821599480681769,0.0,0.11850583855682281,0.014043633772055752,0.13356264039392451,0.014043633772055752,0.0,1.8046160826906013,2.0,2.1953839173093987,1.0976919586546994,0.11850583855682283,0.12475625627403611,0.1307081221155372,0.17540457668959458,0.17643198961363538
random,42,20270969,2,16,1.0,0.25,0.25,4,0.38403988871124395,0.08821599480681769,0.08821599480681769,0.08821599480681769,0.0,0.13515520390406052,0.018266929142348176,0.1522734172113145,0.018266929142348176,0.0,2.3473122873116377,2.3473122873116377,2.3473122873116377,1.1736561436558188,0.13515520390406052,0.13515520390406052,0.13515520390406052,0.17540457668959458,0.17643198961363538
random,43,20270970,2,16,1.0,0.25,0.25,4,0.36011892397609646,0.08821599480681769,0.08821599480681769,0.08821599480681769,0.0,0.12680701311117074,0.016080018574176628,0.14289411295667143,0.016080018574176624,3.469446951953614e-18,2.06629285553314,2.06629285553314,2.06629285553314,1.03314642776657,0.12680701311117074,0.12680701311117074,0.12680701311117074,0.17540457668959458,0.17643198961363538
random,44,20270971,2,16,1.0,0.25,0.25,4,0.3838316311653524,0.08821599480681769,0.08821599480681769,0.08821599480681769,0.0,0.1350825847805951,0.018247304711006662,0.15219185132227842,0.018247304711006662,0.0,2.3447905351079434,2.3447905351079434,2.3447905351079434,1.1723952675539717,0.1350825847805951,0.1350825847805951,0.1350825847805951,0.17540457668959458,0.17643198961363538
random,45,20270972,2,16,1.0,0.25,0.25,4,0.3411295974319074,0.08821599480681769,0.08821599480681769,0.08821599480681769,0.0,0.12017025749594204,0.014440890786641014,0.13543402119214343,0.014440890786641014,0.0,1.8556638676954131,2.0,2.144336132304587,1.0721680661522934,0.12017025749594205,0.12475625627403611,0.1291795501323059,0.17540457668959458,0.17643198961363538
random,46,20270973,2,16,1.0,0.25,0.25,4,0.32451420792552926,0.08821599480681769,0.08821599480681769,0.08821599480681769,0.0,0.11435655438748109,0.01307742153137692,0.12889660694051708,0.013077421531376922,1.734723475976807e-18,1.6804571807195836,2.0,2.3195428192804166,1.1597714096402083,0.11435655438748109,0.12475625627403611,0.1343533603139461,0.17540457668959458,0.17643198961363538
random,47,20270974,2,16,1.0,0.25,0.25,4,0.38335446971477866,0.08821599480681769,0.08821599480681769,0.08821599480681769,0.0,0.13491619512363207,0.01820237970663796,0.15200496072293812,0.01820237970663796,0.0,2.339017642798545,2.339017642798545,2.339017642798545,1.1695088213992726,0.13491619512363207,0.13491619512363207,0.13491619512363207,0.17540457668959458,0.17643198961363538
random,48,20270975,2,16,1.0,0.25,0.25,4,0.3343475459571527,0.08821599480681769,0.08821599480681769,0.08821599480681769,0.0,0.11779795627965133,0.013876358503662645,0.13276667986934654,0.013876358503662646,1.734723475976807e-18,1.783121101799028,2.0,2.2168788982009717,1.1084394491004859,0.11779795627965133,0.12475625627403611,0.131346444395588,0.17540457668959458,0.17643198961363538
random,49,20270976,2,16,1.0,0.25,0.25,4,0.3355882079277175,0.08821599480681769,0.08821599480681769,0.08821599480681769,0.0,0.1182320048349667,0.013978806967295587,0.13325473890818973,0.013978806967295587,0.0,1.7962857960740117,2.0,2.2037142039259883,1.1018571019629941,0.1182320048349667,0.12475625627403611,0.1309558703981244,0.17540457668959458,0.17643198961363538
aligned,0,20270927,3,16,1.0,0.25,0.25,4,0.75,0.08821599480681769,0.08821599480681769,0.08821599480681769,0.0,0.260571501973014,0.06789750764047243,0.2923395333454475,0.06789750764047243,0.0,8.724873935862279,8.724873935862279,8.725930466786057,2.9086434889286856,0.26057150197301393,0.26057150197301393,0.2605872783336731,0.260571501973014,0.26464798442045306
alternating,0,20270927,3,16,1.0,0.25,0.25,4,0.25,0.08821599480681769,0.08821599480681769,0.08821599480681769,0.0,0.08821599480681769,0.007782061739756485,0.09947644966022584,0.007782061739756265,2.203098814490545e-16,4.0,5.0,9.000000000000028,3.0000000000000093,0.17643198961363538,0.19725696109081278,0.2646479844204535,0.260571501973014,0.26464798442045306
orthogonal,0,20270927,3,16,1.0,0.25,0.25,4,0.4330127018922193,0.08821599480681769,0.08821599480681769,0.08821599480681769,0.0,0.15220044365880794,0.02316497504993797,0.17140692478135344,0.023164975049937975,3.469446951953614e-18,2.976714375265654,3.0,3.0117034252623998,1.0039011417541333,0.15220044365880794,0.15279458504564045,0.15309233160817715,0.260571501973014,0.26464798442045306
clustered,0,20270927,3,16,1.0,0.25,0.25,4,0.75,0.08821599480681769,0.08821599480681769,0.08821599480681769,0.0,0.260571501973014,0.06789750764047243,0.2923395333454475,0.06789750764047243,0.0,8.724873935862279,8.724873935862279,8.725930466786057,2.9086434889286856,0.26057150197301393,0.26057150197301393,0.2605872783336731,0.260571501973014,0.26464798442045306
random,0,20270927,3,16,1.0,0.25,0.25,4,0.4188050403316655,0.08821599480681769,0.08821599480681769,0.08821599480681769,0.0,0.14726203938565488,0.02168610824402217,0.16586597443184625,0.021686108244022173,3.469446951953614e-18,2.786679027902543,3.330662338900571,3.880076040896226,1.293358680298742,0.14726203938565488,0.16099509295505246,0.17376706047235863,0.260571501973014,0.26464798442045306
random,1,20270928,3,16,1.0,0.25,0.25,4,0.39358153239919536,0.08821599480681769,0.08821599480681769,0.08821599480681769,0.0,0.13848118374840296,0.019177038252358943,0.15600872267046895,0.019177038252358836,1.0755285551056204e-16,2.586965090692627,3.586965090692627,4.731918801721852,1.5773062672406173,0.14188700452953668,0.16707478503389206,0.19189602461362762,0.260571501973014,0.26464798442045306
random,2,20270929,3,16,1.0,0.25,0.25,4,0.3556000510182446,0.08821599480681769,0.08821599480681769,0.08821599480681769,0.0,0.12522842569519194,0.015682158602096208,0.1411199726852872,0.01568215860209632,1.1102230246251565e-16,2.5743536554558917,3.5743536554558917,5.182571322085272,1.7275237740284237,0.1415407329595461,0.16678081672207395,0.2008260192284829,0.260571501973014,0.26464798442045306
random,3,20270930,3,16,1.0,0.25,0.25,4,0.502402810181768,0.08821599480681769,0.08821599480681769,0.08821599480681769,0.0,0.176234308574361,0.031058531518683093,0.19834160171768533,0.031058531518683097,3.469446951953614e-18,3.9910415205283343,3.9910415205283343,4.1078872465447445,1.3692957488482482,0.176234308574361,0.176234308574361,0.17879550378174916,0.260571501973014,0.26464798442045306
random,4,20270931,3,16,1.0,0.25,0.25,4,0.4917952040086477,0.08821599480681769,0.08821599480681769,0.08821599480681769,0.0,0.1725699126606996,0.029780374755721487,0.19423849982627361,0.029780374755721487,0.0,3.826797544355304,3.859378495342569,4.04741942811536,1.3491398093717866,0.1725699126606996,0.17330297668489242,0.1774746964394745,0.260571501973014,0.26464798442045306
random,5,20270932,3,16,1.0,0.25,0.25,4,0.42521169745507953,0.08821599480681769,0.08821599480681769,0.08821599480681769,0.0,0.14948960688317264,0.0223471425660855,0.16836559088318803,0.0223471425660855,0.0,2.8716223686481293,3.4343294433051756,3.8843748320691938,1.2947916106897313,0.14948960688317264,0.16348138659328895,0.17386329331839628,0.260571501973014,0.26464798442045306
random,6,20270933,3,16,1.0,0.25,0.25,4,0.4097185295018972,0.08821599480681769,0.08821599480681769,0.08821599480681769,0.0,0.1441007774308357,0.02076503405617125,0.16231791779366223,0.020765034056171253,3.469446951953614e-18,2.7117803439504318,3.7117803439504318,4.764980757368544,1.588326919122848,0.14526954966984768,0.16995677038893395,0.19256524723478438,0.260571501973014,0.26464798442045306
random,7,20270934,3,16,1.0,0.25,0.25,4,0.3929045665105335,0.08821599480681769,0.08821599480681769,0.08821599480681769,0.0,0.13824528685482085,0.019111759337571702,0.1557438226864809,0.019111759337571702,0.0,2.4783286876973594,3.4783286876973594,4.5109062856567,1.5036354285522333,0.13887586852679093,0.16452528255203516,0.1873610184036051,0.260571501973014,0.26464798442045306
random,8,20270935,3,16,1.0,0.25,0.25,4,0.33369697468336723,0.08821599480681769,0.08821599480681769,0.08821599480681769,0.0,0.11757033885344755,0.013822784578114478,0.1325107340027898,0.013822784578114478,0.0,2.2998277751603635,3.2998277751603635,4.90367121408523,1.6345570713617432,0.13378117108586224,0.16024813096214643,0.19534756752895058,0.260571501973014,0.26464798442045306
random,9,20270936,3,16,1.0,0.25,0.25,4,0.33357820568974966,0.08821599480681769,0.08821599480681769,0.08821599480681769,0.0,0.11752878376910876,0.013813015014245924,0.13246400674897885,0.01381301501424581,1.1275702593849246e-16,2.4101986251096217,3.4101986251096217,5.43810204615727,1.8127006820524232,0.1369536947500113,0.16290603501846013,0.2057173932128539,0.260571501973014,0.26464798442045306
random,10,20270937,3,16,1.0,0.25,0.25,4,0.5006974172739338,0.08821599480681769,0.08821599480681769,0.08821599480681769,0.0,0.17564542625387086,0.030851315763903986,0.19768230863017222,0.030851315763903986,0.0,3.964414161133265,3.9936881837741405,4.328171343668625,1.442723781222875,0.17564542625387086,0.17629273387030536,0.1835268280570283,0.260571501973014,0.26464798442045306
random,11,20270938,3,16,1.0,0.25,0.25,4,0.3952786869826941,0.08821599480681769,0.08821599480681769,0.08821599480681769,0.0,0.1390725257394486,0.01934116741554959,0.15667274973091927,0.019341167415549587,3.469446951953614e-18,2.5081571123287083,3.5081571123287083,4.589643344690103,1.529881114896701,0.13970910314346502,0.1652292202998847,0.18898912104097643,0.260571501973014,0.26464798442045306
random,12,20270939,3,16,1.0,0.25,0.25,4,0.473158527942903,0.08821599480681769,0.08821599480681769,0.08821599480681769,0.0,0.1661232217655455,0.02759692480976461,0.1870167914703973,0.02759692480976461,0.0,3.5462228047844,3.9155824613321712,4.3233164140226705,1.4411054713408902,0.1661232217655455,0.17456031754437953,0.18342386773380132,0.260571501973014,0.26464798442045306
random,13,20270940,3,16,1.0,0.25,0.25,4,0.4560938049693577,0.08821599480681769,0.08821599480681769,0.08821599480681769,0.0,0.16021091127209675,0.025667536090635656,0.18039022189118525,0.025667536090635656,0.0,3.2982950982651595,3.8195689208023054,4.094606354125364,1.3648687847084549,0.16021091127209675,0.1724068477785572,0.17850624484259028,0.260571501973014,0.26464798442045306
random,14,20270941,3,16,1.0,0.25,0.25,4,0.4198389577149672,0.08821599480681769,0.08821599480681769,0.08821599480681769,0.0,0.14762160445429323,0.021792138101659808,0.16626948098992944,0.021792138101659808,0.0,2.800303933638764,3.534996681442273,4.102166173492382,1.3673887244974605,0.14762160445429326,0.16586006880746812,0.17867095575067127,0.260571501973014,0.26464798442045306
random,15,20270942,3,16,1.0,0.25,0.25,4,0.46280798808685625,0.08821599480681769,0.08821599480681769,0.08821599480681769,0.0,0.16253818239189693,0.026418660735261553,0.18299903743413237,0.026418660735261557,3.469446951953614e-18,3.394815104112531,3.413205507295136,3.445912577676068,1.1486375258920227,0.16253818239189693,0.16297783894826806,0.16375684544249922,0.260571501973014,0.26464798442045306
random,16,20270943,3,16,1.0,0.25,0.25,4,0.3410448690937831,0.08821599480681769,0.08821599480681769,0.08821599480681769,0.0,0.12014062658759472,0.014433770156859873,0.13540070748226318,0.01443377015685987,1.734723475976807e-18,1.8547488621327142,3.0,3.901243742434947,1.300414580811649,0.12014062658759472,0.15279458504564045,0.1742404076713189,0.260571501973014,0.26464798442045306
random,17,20270944,3,16,1.0,0.25,0.25,4,0.36831955833882857,0.08821599480681769,0.08821599480681769,0.08821599480681769,0.0,0.12967052278717991,0.016814444479900544,0.1461118886588364,0.016814444479900544,0.0,2.160667062560044,3.0,3.76271825710883,1.2542394190362767,0.12967052278717994,0.15279458504564045,0.1711189813729904,0.260571501973014,0.26464798442045306
random,18,20270945,3,16,1.0,0.25,0.25,4,0.4006387226551456,0.08821599480681769,0.08821599480681769,0.08821599480681769,0.0,0.1409396402245081,0.019863982186613786,0.15876917872528318,0.019863982186613782,3.469446951953614e-18,2.552534643246786,3.1077286924069862,3.6963892500740494,1.232129750024683,0.1409396402245081,0.15551378252336304,0.16960403697509216,0.260571501973014,0.26464798442045306
random,19,20270946,3,16,1.0,0.25,0.25,4,0.4888990391252906,0.08821599480681769,0.08821599480681769,0.08821599480681769,0.0,0.1715688055711062,0.029435855045096045,0.19311730631276003,0.02943585504509605,3.469446951953614e-18,3.782526537243477,3.9785048385451955,4.124548133551402,1.3748493778504673,0.1715688055711062,0.17595729676679683,0.1791577188510012,0.260571501973014,0.26464798442045306
random,20,20270947,3,16,1.0,0.25,0.25,4,0.47368197912584986,0.08821599480681769,0.08821599480681769,0.08821599480681769,0.0,0.16630443868586733,0.027657166326621407,0.187219849012338,0.027657166326621407,0.0,3.553963878920196,4.2136072005761624,4.005473341801589,1.3351577806005297,0.16630443868586733,0.18108161525115182,0.17655265742222262,0.260571501973014,0.26464798442045306
random,21,20270948,3,16,1.0,0.25,0.25,4,0.48864210943060515,0.08821599480681769,0.08821599480681769,0.08821599480681769,0.0,0.17147998071041806,0.02940538378444535,0.19301782181130123,0.02940538378444535,0.0,3.7786109604118225,3.7786109604118225,3.859920569277081,1.286640189759027,0.17147998071041806,0.17147998071041806,0.17331514700299636,0.260571501973014,0.26464798442045306
random,22,20270949,3,16,1.0,0.25,0.25,4,0.4076091713272762,0.08821599480681769,0.08821599480681769,0.08821599480681769,0.0,0.14336659885675337,0.020553981667753237,0.16149379078718495,0.02055398166775324,3.469446951953614e-18,2.6412000257911616,3.1050948205736684,3.5919770371058073,1.197325679035269,0.1433665988567534,0.15544786779336145,0.1671914682947218,0.260571501973014,0.26464798442045306
random,23,20270950,3,16,1.0,0.25,0.25,4,0.4118436221716651,0.08821599480681769,0.08821599480681769,0.08821599480681769,0.0,0.14484031208190448,0.020978716003983485,0.16314801223155762,0.02097871600398349,3.469446951953614e-18,2.9405926547106427,3.9405926547106427,5.215649887170148,1.7385499623900493,0.15127416696327448,0.17511691902894228,0.20146590141984833,0.260571501973014,0.26464798442045306
random,24,20270951,3,16,1.0,0.25,0.25,4,0.3095547405618411,0.08821599480681769,0.08821599480681769,0.08821599480681769,0.0,0.10911721354721474,0.011906566292308463,0.12300316790117471,0.011906566292308463,0.0,2.424211959617655,3.424211959617655,5.353132797582983,1.7843775991943278,0.13735125459929606,0.16324040210608748,0.20410391944278317,0.260571501973014,0.26464798442045306
random,25,20270952,3,16,1.0,0.25,0.25,4,0.37234393272345323,0.08821599480681769,0.08821599480681769,0.08821599480681769,0.0,0.13107516841542927,0.017180699775133146,0.14769009278260037,0.017180699775133146,0.0,2.2657372158025337,3.2657372158025337,4.354146157734791,1.4513820525782637,0.1327859439076263,0.15941821928247651,0.18407670744397733,0.260571501973014,0.26464798442045306
random,26,20270953,3,16,1.0,0.25,0.25,4,0.46394302120895065,0.08821599480681769,0.08821599480681769,0.08821599480681769,0.0,0.16293147410869283,0.026546665255231642,0.1834398584611996,0.026546665255231642,0.0,3.4112637682648783,3.8419402217202947,3.7772220933891854,1.2590740311297284,0.16293147410869283,0.1729110060287692,0.17144846320549764,0.260571501973014,0.26464798442045306
random,27,20270954,3,16,1.0,0.25,0.25,4,0.5907196208522201,0.08821599480681769,0.08821599480681769,0.08821599480681769,0.0,0.20659403389272374,0.042681094840067886,0.23228096887979754,0.04268109484006788,6.938893903907228e-18,5.484548474091578,5.484548474091578,5.5093698131853905,1.83645660439513,0.2065940338927237,0.2065940338927237,0.2070609959247742,0.260571501973014,0.26464798442045306
random,28,20270955,3,16,1.0,0.25,0.25,4,0.4436540571266697,0.08821599480681769,0.08821599480681769,0.08821599480681769,0.0,0.1558955208288834,0.024303413414508816,0.17555146215807738,0.024303413414508816,0.0,3.123004446283063,3.441050304803759,3.528458073490922,1.1761526911636406,0.15589552082888336,0.1636412720605371,0.16570660389389608,0.260571501973014,0.26464798442045306
random,29,20270956,3,16,1.0,0.25,0.25,4,0.44202117547291,0.08821599480681769,0.08821599480681769,0.08821599480681769,0.0,0.15532873389739785,0.02412701557416863,0.1749158110028728,0.02412701557416863,0.0,3.1003372089571224,3.852939659593506,4.664785245488643,1.5549284151628808,0.15532873389739785,0.1731583503920992,0.19052991046840317,0.260571501973014,0.26464798442045306
random,30,20270957,3,16,1.0,0.25,0.25,4,0.44991070650214116,0.08821599480681769,0.08821599480681769,0.08821599480681769,0.0,0.15806654039238136,0.024985031191616325,0.17798599300078832,0.024985031191616325,0.0,3.2105927744025005,3.4505587508567284,3.4659265060341893,1.1553088353447298,0.15806654039238133,0.1638672061024538,0.1642317084348103,0.260571501973014,0.26464798442045306
random,31,20270958,3,16,1.0,0.25,0.25,4,0.4611748187268607,0.08821599480681769,0.08821599480681769,0.08821599480681769,0.0,0.16197221721675453,0.026234999150111512,0.18236465008291303,0.026234999150111626,1.1449174941446927e-16,3.371214470849542,3.5472620472155088,3.755399461973722,1.2517998206579073,0.16197221721675487,0.1661475616990092,0.17095248015319284,0.260571501973014,0.26464798442045306
random,32,20270959,3,16,1.0,0.25,0.25,4,0.48523317141215594,0.08821599480681769,0.08821599480681769,0.08821599480681769,0.0,0.17030125640971866,0.02900251793472874,0.19169756848643393,0.029002517934728744,3.469446951953614e-18,3.7268424364410513,4.069625590730315,3.9703288293411,1.3234429431137,0.1703012564097187,0.17796088785111258,0.17577640364129518,0.260571501973014,0.26464798442045306
random,33,20270960,3,16,1.0,0.25,0.25,4,0.38098471271904816,0.08821599480681769,0.08821599480681769,0.08821599480681769,0.0,0.13408975917822555,0.017980063516474524,0.1510766677316724,0.01798006351647452,3.469446951953614e-18,2.8998847175185203,3.8998847175185203,5.601115462831718,1.8670384876105728,0.15022343994831638,0.17421005610946202,0.2087779354799284,0.260571501973014,0.26464798442045306
random,34,20270961,3,16,1.0,0.25,0.25,4,0.5572023773264486,0.08821599480681769,0.08821599480681769,0.08821599480681769,0.0,0.19510478784980503,0.03806587824191743,0.2194490996077918,0.03806587824191743,0.0,4.891490136533995,4.891490136533995,4.968219459089745,1.656073153029915,0.19510478784980503,0.19510478784980503,0.19662906846978645,0.260571501973014,0.26464798442045306
random,35,20270962,3,16,1.0,0.25,0.25,4,0.4378056572459285,0.08821599480681769,0.08821599480681769,0.08821599480681769,0.0,0.15386513766747706,0.023674480589431668,0.17327425701614185,0.02367448058943167,3.469446951953614e-18,3.042186168799592,3.1716899773288656,3.274214864028756,1.0914049546762519,0.15386513766747706,0.1571059744979168,0.15962500499953058,0.260571501973014,0.26464798442045306
random,36,20270963,3,16,1.0,0.25,0.25,4,0.3940757623142643,0.08821599480681769,0.08821599480681769,0.08821599480681769,0.0,0.13865339664829454,0.019224764402109296,0.15620210605424134,0.019224764402109296,0.0,2.4703947417809706,3.0653025507530396,3.7887675606094993,1.2629225202031664,0.13865339664829454,0.15444861184547173,0.17171028820152184,0.260571501973014,0.26464798442045306
random,37,20270964,3,16,1.0,0.25,0.25,4,0.43943164141772967,0.08821599480681769,0.08821599480681769,0.08821599480681769,0.0,0.15442972749530234,0.02384854073427334,0.17390751741253063,0.02384854073427334,0.0,3.064553010732038,3.41619473409937,3.798514320331171,1.2661714401103903,0.15442972749530234,0.1630491899268202,0.1719310122117773,0.260571501973014,0.26464798442045306
random,38,20270965,3,16,1.0,0.25,0.25,4,0.508477760467098,0.08821599480681769,0.08821599480681769,0.08821599480681769,0.0,0.1783312529220239,0.03180203576873886,0.200688984921374,0.03180203576873886,0.0,4.086582300712253,4.086582300712253,4.271336736047989,1.423778912015996,0.1783312529220239,0.1783312529220239,0.18231787128862434,0.260571501973014,0.26464798442045306
random,39,20270966,3,16,1.0,0.25,0.25,4,0.44099202358954687,0.08821599480681769,0.08821599480681769,0.08821599480681769,0.0,0.1549714671576394,0.02401615563299131,0.17451512191907392,0.02401615563299131,0.0,3.0860916343414693,3.389471590163461,3.7298124378197732,1.243270812606591,0.1549714671576394,0.16241021267088668,0.17036910127374952,0.260571501973014,0.26464798442045306
random,40,20270967,3,16,1.0,0.25,0.25,4,0.470447615253169,0.08821599480681769,0.08821599480681769,0.08821599480681769,0.0,0.16518457886240367,0.02728594509394966,0.1859649714764302,0.02728594509394966,0.0,3.5062617088416324,3.882226775723433,3.7649564417313743,1.2549854805771248,0.16518457886240367,0.1738152135355692,0.17116986731620565,0.260571501973014,0.26464798442045306
random,41,20270968,3,16,1.0,0.25,0.25,4,0.42361433044533714,0.08821599480681769,0.08821599480681769,0.08821599480681769,0.0,0.14893431508870908,0.022181430210942876,0.1677425216916928,0.022181430210942876,0.0,2.8503282231267644,3.8429369645081763,4.892845709462952,1.6309485698209838,0.14893431508870908,0.1729334343607245,0.195131820557651,0.260571501973014,0.26464798442045306
random,42,20270969,3,16,1.0,0.25,0.25,4,0.3763856664715387,0.08821599480681769,0.08821599480681769,0.08821599480681769,0.0,0.13248547552260256,0.017552401224450124,0.14927450963423228,0.01755240122445012,3.469446951953614e-18,2.3473122873116377,3.3473122873116377,4.6165185665216075,1.5388395221738693,0.13515520390406052,0.16139699774811384,0.189541637925294,0.260571501973014,0.26464798442045306
random,43,20270970,3,16,1.0,0.25,0.25,4,0.48926665390329666,0.08821599480681769,0.08821599480681769,0.08821599480681769,0.0,0.17169589245826275,0.02947947948703933,0.19325964321558242,0.02947947948703933,0.0,3.7881323064344894,3.7881323064344894,3.834479036340248,1.2781596787800826,0.17169589245826275,0.17169589245826275,0.17274302475238112,0.260571501973014,0.26464798442045306
random,44,20270971,3,16,1.0,0.25,0.25,4,0.49596074107108296,0.08821599480681769,0.08821599480681769,0.08821599480681769,0.0,0.17400932923214224,0.030279246659820073,0.19585040542287824,0.03027924665982007,3.469446951953614e-18,3.8909029088180382,3.8909029088180382,3.8956338379135147,1.2985446126378382,0.17400932923214224,0.17400932923214224,0.17411508562478864,0.260571501973014,0.26464798442045306
random,45,20270972,3,16,1.0,0.25,0.25,4,0.4683194766444929,0.08821599480681769,0.08821599480681769,0.08821599480681769,0.0,0.16444756161627758,0.02704300052153941,0.18513902969206342,0.027043000521539406,3.469446951953614e-18,3.4750431731200364,3.8779147277038146,4.443806210201641,1.4812687367338806,0.16444756161627758,0.173718657122665,0.18596229264908104,0.260571501973014,0.26464798442045306
random,46,20270973,3,16,1.0,0.25,0.25,4,0.4271810607988401,0.08821599480681769,0.08821599480681769,0.08821599480681769,0.0,0.15017411807080588,0.022552265738344346,0.16913361535945248,0.022552265738344346,0.0,2.8979808298269876,3.707754718806401,4.543499960676685,1.5144999868922282,0.15017411807080588,0.16986458176331187,0.18803669112321436,0.260571501973014,0.26464798442045306
random,47,20270974,3,16,1.0,0.25,0.25,4,0.46706148597866065,0.08821599480681769,0.08821599480681769,0.08821599480681769,0.0,0.16401182920838836,0.026899880120281553,0.18465070005172435,0.02689988012028155,3.469446951953614e-18,3.4566521083811517,3.5421310930350063,3.542837586157807,1.1809458620526023,0.16401182920838833,0.16602735574690558,0.16604391235275653,0.260571501973014,0.26464798442045306
random,48,20270975,3,16,1.0,0.25,0.25,4,0.4585086390960135,0.08821599480681769,0.08821599480681769,0.08821599480681769,0.0,0.1610480965580926,0.02593648940498472,0.18132874430410428,0.02593648940498472,0.0,3.3328557742586504,3.549734672459622,3.6883899206452493,1.2294633068817498,0.1610480965580926,0.16620545833646694,0.16942041814007205,0.260571501973014,0.26464798442045306
random,49,20270976,3,16,1.0,0.25,0.25,4,0.4383426807079183,0.08821599480681769,0.08821599480681769,0.08821599480681769,0.0,0.15405161646682047,0.02373190053604035,0.1734834201780029,0.02373190053604035,0.0,3.0495646693215472,3.594377317327605,4.177617206350928,1.3925390687836428,0.15405161646682045,0.16724732045513827,0.1803066139244258,0.260571501973014,0.26464798442045306
aligned,0,20270927,4,16,1.0,0.25,0.25,4,1.0,0.08821599480681769,0.08821599480681769,0.08821599480681769,0.0,0.34278724803499405,0.11750309741540453,0.38292492254802624,0.11750309741540456,2.7755575615628914e-17,15.09922451721405,15.09922451721405,15.10736491687933,3.7768412292198326,0.34278724803499405,0.34278724803499405,0.3428796385150131,0.34278724803499405,0.35286397922727075
alternating,0,20270927,4,16,1.0,0.25,0.25,4,0.0,0.08821599480681769,0.08821599480681769,0.08821599480681769,0.0,0.0,0.0,0.0,-4.411353202081666e-16,4.411353202081666e-16,4.0,8.0,16.00000000000006,4.000000000000015,0.17643198961363538,0.24951251254807222,0.35286397922727136,0.34278724803499405,0.35286397922727075
orthogonal,0,20270927,4,16,1.0,0.25,0.25,4,0.5,0.08821599480681769,0.08821599480681769,0.08821599480681769,0.0,0.17540457668959458,0.030766765523655867,0.1974126513658474,0.03076676552365587,3.469446951953614e-18,3.953549400215709,4.0,4.015614431789057,1.0039036079472643,0.17540457668959458,0.17643198961363538,0.1767760148641201,0.34278724803499405,0.35286397922727075
clustered,0,20270927,4,16,1.0,0.25,0.25,4,1.0,0.08821599480681769,0.08821599480681769,0.08821599480681769,0.0,0.34278724803499405,0.11750309741540453,0.38292492254802624,0.11750309741540456,2.7755575615628914e-17,15.09922451721405,15.09922451721405,15.10736491687933,3.7768412292198326,0.34278724803499405,0.34278724803499405,0.3428796385150131,0.34278724803499405,0.35286397922727075
random,0,20270927,4,16,1.0,0.25,0.25,4,0.3757912090913904,0.08821599480681769,0.08821599480681769,0.08821599480681769,0.0,0.13227807299105487,0.01749748859422684,0.1490415115637289,0.01749748859422684,0.0,2.786679027902543,4.330662338900571,6.39634169035496,1.59908542258874,0.14726203938565488,0.18357963311697315,0.22310698317829647,0.34278724803499405,0.35286397922727075
random,1,20270928,4,16,1.0,0.25,0.25,4,0.48491612299242354,0.08821599480681769,0.08821599480681769,0.08821599480681769,0.0,0.17019161045522493,0.02896518426934303,0.191574750460616,0.028965184269343025,3.469446951953614e-18,3.722045036133239,5.326742130626703,6.995658732748016,1.748914683187004,0.17019161045522493,0.203600186965285,0.23332519831452342,0.34278724803499405,0.35286397922727075
random,2,20270929,4,16,1.0,0.25,0.25,4,0.41172886613800447,0.08821599480681769,0.08821599480681769,0.08821599480681769,0.0,0.14480037995018202,0.020967150033717075,0.1631031913603418,0.020967150033717186,1.1102230246251565e-16,3.3724835951115493,4.771897117957437,6.921195098889156,1.730298774722289,0.16200270230299862,0.19270495060509163,0.23208008870313585,0.34278724803499405,0.35286397922727075
random,3,20270930,4,16,1.0,0.25,0.25,4,0.5703110438056637,0.08821599480681769,0.08821599480681769,0.08821599480681769,0.0,0.19960319278280889,0.03984143456909117,0.2244750053767468,0.03984143456909117,0.0,5.1196502805357955,5.98379883758057,6.391463416073172,1.597865854018293,0.19960319278280889,0.21579224266023814,0.223021888861332,0.34278724803499405,0.35286397922727075
random,4,20270931,4,16,1.0,0.25,0.25,4,0.5250388525436743,0.08821599480681769,0.08821599480681769,0.08821599480681769,0.0,0.18404157337195237,0.03387130072922373,0.20707898960001359,0.03387130072922373,0.0,4.352484195310898,4.859378495342569,5.466164936444857,1.3665412341112142,0.18404157337195237,0.19446332165115573,0.20624750426394486,0.34278724803499405,0.35286397922727075
random,5,20270932,4,16,1.0,0.25,0.25,4,0.5012963254219616,0.08821599480681769,0.08821599480681769,0.08821599480681769,0.0,0.17585224357834306,0.0309240115715369,0.19791385843136244,0.030924011571536902,3.469446951953614e-18,3.9737556197420467,4.651423339179404,5.281259879191316,1.320314969797829,0.17585224357834306,0.1902568358909566,0.20272910605920824,0.34278724803499405,0.35286397922727075
random,6,20270933,4,16,1.0,0.25,0.25,4,0.524454654896064,0.08821599480681769,0.08821599480681769,0.08821599480681769,0.0,0.18384029699215804,0.03379725479816487,0.20685381391218538,0.03379725479816487,0.0,4.543919411469376,5.543919411469376,6.834370754465854,1.7085926886164635,0.18804537059053764,0.20770922738359293,0.23061980652935987,0.34278724803499405,0.35286397922727075
random,7,20270934,4,16,1.0,0.25,0.25,4,0.4780413476548068,0.08821599480681769,0.08821599480681769,0.08821599480681769,0.0,0.16781330782156986,0.028161306282016962,0.18891044809646917,0.028161306282016962,0.0,3.618746191404308,5.591027055043062,6.426499173867377,1.6066247934668443,0.1678133078215699,0.2085898313221284,0.22363231730125674,0.34278724803499405,0.35286397922727075
random,8,20270935,4,16,1.0,0.25,0.25,4,0.38796191881763564,0.08821599480681769,0.08821599480681769,0.08821599480681769,0.0,0.1365226062594811,0.018638422019881307,0.15380920908915607,0.018638422019881307,0.0,3.162165217704497,4.9866718071332405,7.599138083718509,1.8997845209296274,0.15686989818154057,0.19699387777038638,0.24318092387445242,0.34278724803499405,0.35286397922727075
random,9,20270936,4,16,1.0,0.25,0.25,4,0.45663462052708714,0.08821599480681769,0.08821599480681769,0.08821599480681769,0.0,0.16039841866004503,0.025727652708643082,0.18060043172056384,0.025727652708642967,1.1449174941446927e-16,4.080504937421461,5.577183852405318,8.233396157989606,2.0583490394974016,0.1781986008710365,0.20833144043420593,0.2531260500804865,0.34278724803499405,0.35286397922727075
random,10,20270937,4,16,1.0,0.25,0.25,4,0.6159772353915625,0.08821599480681769,0.08821599480681769,0.08821599480681769,0.0,0.21522392027688575,0.046321335859351276,0.24190900659116332,0.04632133585935128,6.938893903907228e-18,5.952321815015663,5.981595837656539,6.194935786646152,1.548733946661538,0.21522392027688575,0.2157525158854784,0.21956632885191496,0.34278724803499405,0.35286397922727075
random,11,20270938,4,16,1.0,0.25,0.25,4,0.521971230015416,0.08821599480681769,0.08821599480681769,0.08821599480681769,0.0,0.18298454171343512,0.033483342506075875,0.2058963995091312,0.033483342506075875,0.0,4.645101749734458,5.645101749734458,7.12226864497392,1.78056716124348,0.19012750617384228,0.2095961124249229,0.23542713166140983,0.34278724803499405,0.35286397922727075
random,12,20270939,4,16,1.0,0.25,0.25,4,0.5187475635682267,0.08821599480681769,0.08821599480681769,0.08821599480681769,0.0,0.181873398294957,0.033077933007356064,0.20465314320644068,0.033077933007356064,0.0,4.346193753081701,5.634065873972476,6.697499413728876,1.674374853432219,0.18390853193755247,0.2093911375323915,0.22829882597074602,0.34278724803499405,0.35286397922727075
random,13,20270940,4,16,1.0,0.25,0.25,4,0.5104964366053159,0.08821599480681769,0.08821599480681769,0.08821599480681769,0.0,0.17902778866520266,0.03205094911435247,0.20146860871508476,0.03205094911435247,0.0,4.118567827676396,5.327159992950871,6.317111720934745,1.5792779302336863,0.17902778866520266,0.20360817263239803,0.22172089082730462,0.34278724803499405,0.35286397922727075
random,14,20270941,4,16,1.0,0.25,0.25,4,0.4899585455223058,0.08821599480681769,0.08821599480681769,0.08821599480681769,0.0,0.17193507237205521,0.029561669111583866,0.19352751962715642,0.029561669111583866,0.0,3.87397759480155,5.136280382968499,6.431148779553404,1.607787194888351,0.17363044900356328,0.19992711435160798,0.22371320224797678,0.34278724803499405,0.35286397922727075
random,15,20270942,4,16,1.0,0.25,0.25,4,0.4952132947106458,0.08821599480681769,0.08821599480681769,0.08821599480681769,0.0,0.17375108738850234,0.030189440368686978,0.19556123298128747,0.03018944036868698,3.469446951953614e-18,3.8793627419398584,4.496604637837424,4.980485615018601,1.2451214037546503,0.17375108738850237,0.18706377231021024,0.19687164993986261,0.34278724803499405,0.35286397922727075
random,16,20270943,4,16,1.0,0.25,0.25,4,0.48894923922500266,0.08821599480681769,0.08821599480681769,0.08821599480681769,0.0,0.17158616033426083,0.029441810418254666,0.19313674368521339,0.029441810418254662,3.469446951953614e-18,3.783291806571552,5.142129557084699,5.826835053090386,1.4567087632725966,0.17158616033426086,0.20004092003152701,0.21294316173694483,0.34278724803499405,0.35286397922727075
random,17,20270944,4,16,1.0,0.25,0.25,4,0.5028334171526592,0.08821599480681769,0.08821599480681769,0.08821599480681769,0.0,0.1763829847519662,0.031110957310012344,0.1985080490800608,0.031110957310012344,0.0,3.9977782688454826,4.837111206285439,5.058739973229978,1.2646849933074944,0.1763829847519662,0.1940172622458663,0.19841226473444062,0.34278724803499405,0.35286397922727075
random,18,20270945,4,16,1.0,0.25,0.25,4,0.519682407071034,0.08821599480681769,0.08821599480681769,0.08821599480681769,0.0,0.18219565910448954,0.03319525819651936,0.20501373356449215,0.03319525819651936,0.0,4.2656122897269775,5.134474429789437,5.654199529791687,1.4135498824479218,0.18219565910448954,0.19989196335476417,0.20976493946734998,0.34278724803499405,0.35286397922727075
random,19,20270946,4,16,1.0,0.25,0.25,4,0.5724589769734247,0.08821599480681769,0.08821599480681769,0.08821599480681769,0.0,0.20033968470058017,0.040135989265927874,0.22529764042398814,0.04013598926592788,6.938893903907228e-18,5.157500750846498,5.803990270000572,6.107879222380702,1.5269698055951755,0.2003396847005802,0.2125253175931996,0.21801810293538118,0.34278724803499405,0.35286397922727075
random,20,20270947,4,16,1.0,0.25,0.25,4,0.41294720191894846,0.08821599480681769,0.08821599480681769,0.08821599480681769,0.0,0.14522431119198553,0.021090100561186653,0.16357901615722414,0.021090100561186653,0.0,3.553963878920196,5.224951113524907,7.341885369110278,1.8354713422775695,0.16630443868586733,0.20164546152259472,0.2390292978457474,0.34278724803499405,0.35286397922727075
random,21,20270948,4,16,1.0,0.25,0.25,4,0.5398184902092817,0.08821599480681769,0.08821599480681769,0.08821599480681769,0.0,0.18912978066880037,0.03577007393582853,0.21276992550158957,0.03577007393582854,6.938893903907228e-18,4.596477788538832,5.203142132871664,5.2938862966493785,1.3234715741623446,0.1891297806688004,0.2012241867140616,0.20297130339970793,0.34278724803499405,0.35286397922727075
random,22,20270949,4,16,1.0,0.25,0.25,4,0.5373563120675917,0.08821599480681769,0.08821599480681769,0.08821599480681769,0.0,0.18828264674903536,0.03545035506682204,0.21182263716526029,0.03545035506682204,0.0,4.555393705721402,5.203764596687505,6.029949096513753,1.5074872741284382,0.18828264674903533,0.20123622280936695,0.2166227969458867,0.34278724803499405,0.35286397922727075
random,23,20270950,4,16,1.0,0.25,0.25,4,0.5691746758366178,0.08821599480681769,0.08821599480681769,0.08821599480681769,0.0,0.19921348176519885,0.039686011317013214,0.22403968683112097,0.039686011317013214,0.0,5.099678291456868,6.344492281651293,6.984872146938231,1.7462180367345577,0.19921348176519885,0.22220087903340718,0.23314524719963461,0.34278724803499405,0.35286397922727075
random,24,20270951,4,16,1.0,0.25,0.25,4,0.44796199559837463,0.08821599480681769,0.08821599480681769,0.08821599480681769,0.0,0.15739047175856258,0.024771760600382886,0.17722791081348999,0.024771760600382886,0.0,3.7505325979589936,5.077397803974243,7.139281965130219,1.7848204912825547,0.1708416700757932,0.19877782368219943,0.2357081522352873,0.34278724803499405,0.35286397922727075
random,25,20270952,4,16,1.0,0.25,0.25,4,0.4776346942320094,0.08821599480681769,0.08821599480681769,0.08821599480681769,0.0,0.16767258140763397,0.02811409455589964,0.18875278166627063,0.028114094555899638,3.469446951953614e-18,3.6226828088202305,4.670685563219348,5.8721173280656,1.4680293320164,0.1679045600387121,0.1906503695773031,0.21376898650201903,0.34278724803499405,0.35286397922727075
random,26,20270953,4,16,1.0,0.25,0.25,4,0.5220915825887392,0.08821599480681769,0.08821599480681769,0.08821599480681769,0.0,0.18302601842702199,0.033498523421248594,0.20594280521458352,0.033498523421248594,0.0,4.30458206854278,5.16220494047362,5.424486238856492,1.356121559714123,0.183026018427022,0.20043102943417135,0.20545969633298075,0.34278724803499405,0.35286397922727075
random,27,20270954,4,16,1.0,0.25,0.25,4,0.6299657819694533,0.08821599480681769,0.08821599480681769,0.08821599480681769,0.0,0.21999266876760015,0.04839677431149104,0.2472253558160613,0.04839677431149103,6.938893903907228e-18,6.219017007311157,6.594562587623265,7.372023138716221,1.8430057846790553,0.21999266876760015,0.2265376198417661,0.23951939214268858,0.34278724803499405,0.35286397922727075
random,28,20270955,4,16,1.0,0.25,0.25,4,0.5249096253929357,0.08821599480681769,0.08821599480681769,0.08821599480681769,0.0,0.18399705112877635,0.033854914824085536,0.2070291812103493,0.033854914824085536,0.0,4.350378595832743,4.921506139182991,5.310103945653191,1.3275259864132978,0.18399705112877632,0.19570249009073087,0.2032819636603249,0.34278724803499405,0.35286397922727075
random,29,20270956,4,16,1.0,0.25,0.25,4,0.46619525891557245,0.08821599480681769,0.08821599480681769,0.08821599480681769,0.0,0.1637117646800942,0.026801541894670544,0.1843144043705729,0.026801541894670544,0.0,3.4440155823679204,4.977680765035647,6.31919248399257,1.5797981209981424,0.1637117646800942,0.19681620622882073,0.22175740360997043,0.34278724803499405,0.35286397922727075
random,30,20270957,4,16,1.0,0.25,0.25,4,0.5825131832433975,0.08821599480681769,0.08821599480681769,0.08821599480681769,0.0,0.20378483888208476,0.04152826055819724,0.22914491621570732,0.04152826055819725,6.938893903907228e-18,5.336408518328813,5.756874861245832,6.104299836828644,1.526074959207161,0.2037848388820848,0.21166094490544804,0.21795421126508646,0.34278724803499405,0.35286397922727075
random,31,20270958,4,16,1.0,0.25,0.25,4,0.5377425635024015,0.08821599480681769,0.08821599480681769,0.08821599480681769,0.0,0.18841555388353742,0.035500420945240196,0.21197126271941058,0.035500420945240196,0.0,4.561827203693076,5.35636518996238,6.126767742191884,1.531691935547971,0.18841555388353742,0.20416553237255722,0.21835495147783043,0.34278724803499405,0.35286397922727075
random,32,20270959,4,16,1.0,0.25,0.25,4,0.5346780911020086,0.08821599480681769,0.08821599480681769,0.08821599480681769,0.0,0.18736094230737396,0.03510412270230712,0.21079187360557672,0.03510412270230712,0.0,4.51090262146977,5.227236930748105,5.3121609633744065,1.3280402408436016,0.187360942307374,0.20168956473604913,0.20332133333347957,0.34278724803499405,0.35286397922727075
random,33,20270960,4,16,1.0,0.25,0.25,4,0.3953905834390799,0.08821599480681769,0.08821599480681769,0.08821599480681769,0.0,0.13911151136828107,0.019352012595167393,0.15671652632223076,0.019352012595167393,0.0,3.072857560114609,4.903208224729571,7.674208324911725,1.9185520812279313,0.1546388284044126,0.19533834525696,0.24437913779252154,0.34278724803499405,0.35286397922727075
random,34,20270961,4,16,1.0,0.25,0.25,4,0.5616756797273281,0.08821599480681769,0.08821599480681769,0.08821599480681769,0.0,0.19664055955873064,0.038667509663570694,0.22116522093029944,0.03866750966357069,6.938893903907228e-18,4.968800165903164,6.064166129398215,7.169240566262117,1.7923101415655291,0.19664055955873064,0.2172365420897622,0.2362021860902615,0.34278724803499405,0.35286397922727075
random,35,20270962,4,16,1.0,0.25,0.25,4,0.5729789269823041,0.08821599480681769,0.08821599480681769,0.08821599480681769,0.0,0.200517941681015,0.04020744493599093,0.22549673764627975,0.04020744493599094,6.938893903907228e-18,5.166682850970172,5.316001872739346,6.011865720155115,1.5029664300387788,0.20051794168101503,0.2033948248661177,0.216297735090714,0.34278724803499405,0.35286397922727075
random,36,20270963,4,16,1.0,0.25,0.25,4,0.45000723522083924,0.08821599480681769,0.08821599480681769,0.08821599480681769,0.0,0.15810002632870598,0.024995618325137525,0.1780235400258654,0.02499561832513753,3.469446951953614e-18,3.372482100774898,4.372482100774898,5.75092071601137,1.4377301790028425,0.16200266641155606,0.18446388715466883,0.21155145963203623,0.34278724803499405,0.35286397922727075
random,37,20270964,4,16,1.0,0.25,0.25,4,0.38618527917896606,0.08821599480681769,0.08821599480681769,0.08821599480681769,0.0,0.13590323508494243,0.018469689306553124,0.15311358305799083,0.018469689306553128,3.469446951953614e-18,3.064553010732038,4.419119672899926,6.246434767113414,1.5616086917783536,0.15442972749530234,0.18544503802981546,0.22047707593089585,0.34278724803499405,0.35286397922727075
random,38,20270965,4,16,1.0,0.25,0.25,4,0.5841527583972254,0.08821599480681769,0.08821599480681769,0.08821599480681769,0.0,0.20434629462461118,0.04175740812680839,0.22977177369342794,0.04175740812680839,0.0,5.365854130079808,6.100679159908519,6.397270891869788,1.599317722967447,0.20434629462461115,0.2178895634876848,0.22312318805197662,0.34278724803499405,0.35286397922727075
random,39,20270966,4,16,1.0,0.25,0.25,4,0.45582313428023896,0.08821599480681769,0.08821599480681769,0.08821599480681769,0.0,0.1601170631622676,0.02563747391570959,0.18028500991741048,0.025637473915709585,3.469446951953614e-18,3.2944320892154515,4.8928614378081505,6.791732968438825,1.6979332421097062,0.1601170631622676,0.19513213418885345,0.2298992937795384,0.34278724803499405,0.35286397922727075
random,40,20270967,4,16,1.0,0.25,0.25,4,0.5709091362101942,0.08821599480681769,0.08821599480681769,0.08821599480681769,0.0,0.19980828615899765,0.039923351217795895,0.22470409361372612,0.03992335121779589,6.938893903907228e-18,5.1301766232254495,5.7520773103704315,5.931358220131707,1.4828395550329267,0.19980828615899765,0.21157273161056253,0.214844585385988,0.34278724803499405,0.35286397922727075
random,41,20270968,4,16,1.0,0.25,0.25,4,0.4412650778561059,0.08821599480681769,0.08821599480681769,0.08821599480681769,0.0,0.15506626003104282,0.024045545000014986,0.17462143706098887,0.02404554500001499,3.469446951953614e-18,3.2292446301723428,4.842936964508176,6.67506823520173,1.6687670588004324,0.1585250172205582,0.1941340631098816,0.2279161975889981,0.34278724803499405,0.35286397922727075
random,42,20270969,4,16,1.0,0.25,0.25,4,0.46917710751518527,0.08821599480681769,0.08821599480681769,0.08821599480681769,0.0,0.16474459308219422,0.027140780949817755,0.18547190555139226,0.027140780949817755,0.0,3.4876080218128727,4.912484452100629,6.426064055754694,1.6065160139386736,0.16474459308219425,0.19552303522051026,0.2236247464515343,0.34278724803499405,0.35286397922727075
random,43,20270970,4,16,1.0,0.25,0.25,4,0.5644929944151561,0.08821599480681769,0.08821599480681769,0.08821599480681769,0.0,0.19760742677516213,0.03904869511670107,0.2222454926342865,0.03904869511670106,6.938893903907228e-18,5.017782744797777,5.463263206144952,5.278549915600032,1.319637478900008,0.19760742677516213,0.20619275343900906,0.2026770863703784,0.34278724803499405,0.35286397922727075
random,44,20270971,4,16,1.0,0.25,0.25,4,0.572114614224195,0.08821599480681769,0.08821599480681769,0.08821599480681769,0.0,0.20022161966155022,0.04008869697989447,0.22516577023143935,0.04008869697989448,6.938893903907228e-18,5.1514236613019895,5.6268006440766865,5.483848873030166,1.3709622182575416,0.20022161966155028,0.20925608715042515,0.20658085705460413,0.34278724803499405,0.35286397922727075
random,45,20270972,4,16,1.0,0.25,0.25,4,0.478241688960343,0.08821599480681769,0.08821599480681769,0.08821599480681769,0.0,0.16788263601079093,0.028184579473931715,0.18898812100214224,0.028184579473931715,0.0,3.621736811717156,5.085860187284373,5.965427899497275,1.4913569748743187,0.16788263601079093,0.19894340395503557,0.21546073474754893,0.34278724803499405,0.35286397922727075
random,46,20270973,4,16,1.0,0.25,0.25,4,0.4416642701953897,0.08821599480681769,0.08821599480681769,0.08821599480681769,0.0,0.15520483883996253,0.024088541999338742,0.17477685897378792,0.024088541999338745,3.469446951953614e-18,3.3977063390941282,4.821757088482166,6.06161507459241,1.5154037686481026,0.1626073814572773,0.1937090895045369,0.21719084408214992,0.34278724803499405,0.35286397922727075
random,47,20270974,4,16,1.0,0.25,0.25,4,0.552003541296833,0.08821599480681769,0.08821599480681769,0.08821599480681769,0.0,0.19331902274968565,0.03737224455689348,0.2174532937417295,0.037372244556893475,6.938893903907228e-18,4.8023577564244455,4.896252230879717,4.971868747525863,1.2429671868814658,0.19331902274968563,0.19519973656264594,0.19670126983629777,0.34278724803499405,0.35286397922727075
random,48,20270975,4,16,1.0,0.25,0.25,4,0.5753562100074959,0.08821599480681769,0.08821599480681769,0.08821599480681769,0.0,0.2013328298812861,0.040534908388006885,0.22640684848391635,0.04053490838800689,6.938893903907228e-18,5.208762117746357,5.709657913761056,6.2449238846729385,1.5612309711682346,0.2013328298812861,0.21079115350929162,0.22045040991253503,0.34278724803499405,0.35286397922727075
random,49,20270976,4,16,1.0,0.25,0.25,4,0.5557998080440697,0.08821599480681769,0.08821599480681769,0.08821599480681769,0.0,0.19462311012620487,0.03787815499519687,0.21891080242070848,0.03787815499519687,0.0,4.867367577114872,5.418267119683174,5.987156151868293,1.4967890379670732,0.19462311012620487,0.20534188381298882,0.21585277116451831,0.34278724803499405,0.35286397922727075
aligned,0,20270927,5,16,1.0,0.25,0.25,4,1.25,0.08821599480681769,0.08821599480681769,0.08821599480681769,0.0,0.42121542896875863,0.17742243760133536,0.4680289419025989,0.1774224376013354,2.7755575615628914e-17,22.79889874105358,22.79889874105358,22.832842257707107,4.566568451541421,0.42121542896875863,0.42121542896875863,0.42152886988152727,0.42121542896875863,0.44107997403408844
alternating,0,20270927,5,16,1.0,0.25,0.25,4,0.25,0.08821599480681769,0.08821599480681769,0.08821599480681769,0.0,0.08821599480681769,0.007782061739756485,0.09947644966022584,0.007782061739755823,6.617970060851519e-16,9.0,13.0,25.000000000000075,5.000000000000015,0.26464798442045306,0.31806729259204614,0.44107997403408905,0.42121542896875863,0.44107997403408844
orthogonal,0,20270927,5,16,1.0,0.25,0.25,4,0.5590169943749475,0.08821599480681769,0.08821599480681769,0.08821599480681769,0.0,0.1957278682113886,0.0383093983945747,0.22014538203508094,0.0383093983945747,0.0,4.92278263469206,5.0,5.01952307867456,1.0039046157349119,0.19572786821138857,0.19725696109081278,0.1976416922169459,0.42121542896875863,0.44107997403408844
clustered,0,20270927,5,16,1.0,0.25,0.25,4,1.0307764064044151,0.08821599480681769,0.08821599480681769,0.08821599480681769,0.0,0.3526623637368492,0.12437074279646175,0.3937182257035725,0.12437074279646178,2.7755575615628914e-17,15.98172141979865,16.09922451721405,18.885760656689264,3.7771521313378527,0.3526623637368493,0.35395643680425,0.38336686793803637,0.42121542896875863,0.44107997403408844
random,0,20270927,5,16,1.0,0.25,0.25,4,0.45415395632000205,0.08821599480681769,0.08821599480681769,0.08821599480681769,0.0,0.15953827057573963,0.02545245977829791,0.1796361147578973,0.02545245977829791,0.0,3.4834968937844693,6.115223403995422,8.285982906004248,1.6571965812008496,0.1646474655063985,0.21814913724857174,0.2539331221977391,0.42121542896875863,0.44107997403408844
random,1,20270928,5,16,1.0,0.25,0.25,4,0.5194875515756672,0.08821599480681769,0.08821599480681769,0.08821599480681769,0.0,0.18212849061796682,0.03317078709477883,0.2049385769873895,0.03317078709477883,0.0,4.262467737221628,6.482659662013543,8.978549998837877,1.7957099997675756,0.18212849061796682,0.2246073412148817,0.2643324240883946,0.42121542896875863,0.44107997403408844
random,2,20270929,5,16,1.0,0.25,0.25,4,0.5388977322746775,0.08821599480681769,0.08821599480681769,0.08821599480681769,0.0,0.18881301056037872,0.03565035295687369,0.21241571363230083,0.0356503529568738,1.1102230246251565e-16,4.909249701484775,7.233218558207329,9.569227658600001,1.9138455317200003,0.195458651056523,0.23725377425263824,0.27288884264661795,0.42121542896875863,0.44107997403408844
random,3,20270930,5,16,1.0,0.25,0.25,4,0.7101844275826787,0.08821599480681769,0.08821599480681769,0.08821599480681769,0.0,0.2471821257522092,0.06109900329138095,0.2774794904408453,0.06109900329138097,1.3877787807814457e-17,7.8512617008989265,8.7154102579437,8.485699042521125,1.697139808504225,0.24718212575220921,0.26043014555658656,0.25697516193961606,0.42121542896875863,0.44107997403408844
random,4,20270931,5,16,1.0,0.25,0.25,4,0.5414073690755629,0.08821599480681769,0.08821599480681769,0.08821599480681769,0.0,0.1896763361056224,0.03597711247845303,0.2133810572606789,0.03597711247845304,6.938893903907228e-18,4.62308237605666,5.859378495342569,7.172481050445666,1.4344962100891332,0.18967633610562243,0.21353698791393808,0.23625556154681654,0.42121542896875863,0.44107997403408844
random,5,20270932,5,16,1.0,0.25,0.25,4,0.4917352808151818,0.08821599480681769,0.08821599480681769,0.08821599480681769,0.0,0.17254920192960602,0.029773227086543952,0.1942153057719116,0.02977322708654395,3.469446951953614e-18,3.9737556197420467,5.843519687292285,7.002371055797081,1.4004742111594162,0.17585224357834306,0.21324781589500763,0.23343710904844733,0.42121542896875863,0.44107997403408844
random,6,20270933,5,16,1.0,0.25,0.25,4,0.49022556929387767,0.08821599480681769,0.08821599480681769,0.08821599480681769,0.0,0.1720273757097294,0.029593417993576395,0.19363089589053106,0.0295934179935764,3.469446951953614e-18,4.678747126412155,6.543919411469376,8.61553870557292,1.7231077411145839,0.1908148290947211,0.2256660915601757,0.2589336867385743,0.42121542896875863,0.44107997403408844
random,7,20270934,5,16,1.0,0.25,0.25,4,0.5808776294595618,0.08821599480681769,0.08821599480681769,0.08821599480681769,0.0,0.20322465979744056,0.041300262349785455,0.22851944708346283,0.041300262349785455,0.0,5.569468753498188,7.705940137620125,9.139197845444665,1.827839569088933,0.20818729475490932,0.24488385392636117,0.2666867111145582,0.42121542896875863,0.44107997403408844
random,8,20270935,5,16,1.0,0.25,0.25,4,0.4541856283598266,0.08821599480681769,0.08821599480681769,0.08821599480681769,0.0,0.15954925372063167,0.025455964362810498,0.17964842845168238,0.0254559643628105,3.469446951953614e-18,4.054113543616687,6.237503131093225,9.51798930950109,1.9035978619002178,0.17762140044602737,0.22031939194744496,0.27215727152674,0.42121542896875863,0.44107997403408844
random,9,20270936,5,16,1.0,0.25,0.25,4,0.5028702308054878,0.08821599480681769,0.08821599480681769,0.08821599480681769,0.0,0.1763956951648841,0.031115441272702715,0.19852227865796568,0.031115441272702604,1.1102230246251565e-16,4.376178748087151,7.063105377632877,10.779620331398762,2.1559240662797525,0.184541846749794,0.23444726938726562,0.2896336840736578,0.42121542896875863,0.44107997403408844
random,10,20270937,5,16,1.0,0.25,0.25,4,0.6786699576961703,0.08821599480681769,0.08821599480681769,0.08821599480681769,0.0,0.23653346403628822,0.05594807960900605,0.2656426051320955,0.05594807960900605,0.0,7.189364654251222,7.787535720651027,7.783860387177796,1.5567720774355593,0.23653346403628822,0.24617693591940187,0.2461188373665503,0.42121542896875863,0.44107997403408844
random,11,20270938,5,16,1.0,0.25,0.25,4,0.5236205217464478,0.08821599480681769,0.08821599480681769,0.08821599480681769,0.0,0.18355288907414538,0.03369166308746552,0.20653227210367953,0.033691663087465525,6.938893903907228e-18,4.645101749734458,7.09460289668103,9.793917922362485,1.9587835844724972,0.19012750617384228,0.23496944005769554,0.2760740370732685,0.42121542896875863,0.44107997403408844
random,12,20270939,5,16,1.0,0.25,0.25,4,0.6398320540018552,0.08821599480681769,0.08821599480681769,0.08821599480681769,0.0,0.2233513801855143,0.04988583903077414,0.2509680119313946,0.04988583903077415,6.938893903907228e-18,6.410362793181228,8.380963123343456,9.046144395415773,1.8092288790831546,0.2233513801855143,0.25538436221601574,0.26532556264310014,0.42121542896875863,0.44107997403408844
random,13,20270940,5,16,1.0,0.25,0.25,4,0.510095412427006,0.08821599480681769,0.08821599480681769,0.08821599480681769,0.0,0.1788894276675788,0.0320014273312339,0.2013137469401507,0.03200142733123391,6.938893903907228e-18,4.520679704627722,7.257454155575286,10.083287657325407,2.016657531465081,0.18756387863092683,0.23765091271051147,0.28012277145750014,0.42121542896875863,0.44107997403408844
random,14,20270941,5,16,1.0,0.25,0.25,4,0.5091303860787503,0.08821599480681769,0.08821599480681769,0.08821599480681769,0.0,0.17855645337106377,0.03188240704045287,0.20094105443406174,0.031882407040452865,6.938893903907228e-18,4.882461470703846,6.685313188621333,9.005171430530359,1.8010342861060717,0.19492464340611113,0.2280910344214772,0.26472400731606965,0.42121542896875863,0.44107997403408844
random,15,20270942,5,16,1.0,0.25,0.25,4,0.5065982546130212,0.08821599480681769,0.08821599480681769,0.08821599480681769,0.0,0.1776826165529844,0.03157111222511488,0.19996292956785933,0.031571112225114877,6.938893903907228e-18,4.056908475015877,6.065893246284306,7.991211046332697,1.5982422092665394,0.1776826165529844,0.2172674751299797,0.24937541526378473,0.42121542896875863,0.44107997403408844
random,16,20270943,5,16,1.0,0.25,0.25,4,0.5719971856862708,0.08821599480681769,0.08821599480681769,0.08821599480681769,0.0,0.2001813581954947,0.04007257616899296,0.22512080068867046,0.04007257616899296,0.0,5.149352126605835,6.651565431900057,7.420226253786786,1.4840452507573572,0.20018135819549474,0.2275145992174486,0.2403011835799623,0.42121542896875863,0.44107997403408844
random,17,20270944,5,16,1.0,0.25,0.25,4,0.6336894927932802,0.08821599480681769,0.08821599480681769,0.08821599480681769,0.0,0.2212607721428342,0.0489563292892432,0.2486385906295645,0.048956329289243206,6.938893903907228e-18,6.290920186245547,7.1302531236855025,6.987886247671873,1.3975772495343746,0.22126077214283424,0.23555905847284267,0.2331955450041398,0.42121542896875863,0.44107997403408844
random,18,20270945,5,16,1.0,0.25,0.25,4,0.5205606879428146,0.08821599480681769,0.08821599480681769,0.08821599480681769,0.0,0.18249839475685278,0.03330566408882807,0.20535246653463246,0.03330566408882807,0.0,4.978763497568322,6.779237554414992,8.946053346690379,1.7892106693380758,0.19683761054667023,0.22968771233336194,0.26385363266610457,0.42121542896875863,0.44107997403408844
random,19,20270946,5,16,1.0,0.25,0.25,4,0.6554632693447072,0.08821599480681769,0.08821599480681769,0.08821599480681769,0.0,0.22866443455638374,0.052287423630990704,0.25688541777221996,0.052287423630990704,0.0,6.718967977839106,8.134947587055342,9.276634329062283,1.8553268658124566,0.22866443455638374,0.251608156410216,0.26868446379704797,0.42121542896875863,0.44107997403408844
random,20,20270947,5,16,1.0,0.25,0.25,4,0.4401113477630774,0.08821599480681769,0.08821599480681769,0.08821599480681769,0.0,0.1546657192240757,0.023921484703100623,0.17417220426835045,0.023921484703100626,3.469446951953614e-18,3.6736117393499113,6.478870436039617,9.722358916195352,1.9444717832390703,0.16908067117064332,0.2245416881942935,0.27506362417067104,0.42121542896875863,0.44107997403408844
random,21,20270948,5,16,1.0,0.25,0.25,4,0.5430125811318282,0.08821599480681769,0.08821599480681769,0.08821599480681769,0.0,0.1902284202700712,0.036186851878446835,0.21399833781881927,0.036186851878446835,0.0,4.686402736218955,6.368607755905886,7.734083596982897,1.5468167193965794,0.19097087587016937,0.22262277231395625,0.24533062599716085,0.42121542896875863,0.44107997403408844
random,22,20270949,5,16,1.0,0.25,0.25,4,0.6604744278733697,0.08821599480681769,0.08821599480681769,0.08821599480681769,0.0,0.23036557459739992,0.05306829795959023,0.25877927003585866,0.05306829795959023,0.0,6.819310837445351,7.78938747558878,7.8697872421206565,1.5739574484241312,0.23036557459739992,0.24620620270398916,0.2474735747447207,0.42121542896875863,0.44107997403408844
random,23,20270950,5,16,1.0,0.25,0.25,4,0.649729580155986,0.08821599480681769,0.08821599480681769,0.08821599480681769,0.0,0.22671672778608232,0.05140047465802855,0.25471659382651946,0.05140047465802855,0.0,6.628835790266776,8.272860249391005,9.499217125584366,1.899843425116873,0.22712553661480586,0.25373196334939363,0.27188875326252404,0.42121542896875863,0.44107997403408844
random,24,20270951,5,16,1.0,0.25,0.25,4,0.3538245276951981,0.08821599480681769,0.08821599480681769,0.08821599480681769,0.0,0.12460804777604632,0.015527165570557444,0.14042269458847745,0.015527165570557444,0.0,3.7505325979589936,6.29154013931937,10.501447350915614,2.1002894701831227,0.1708416700757932,0.22127167419789512,0.2858721945933663,0.42121542896875863,0.44107997403408844
random,25,20270952,5,16,1.0,0.25,0.25,4,0.5108010801972561,0.08821599480681769,0.08821599480681769,0.08821599480681769,0.0,0.17913289296458426,0.032088593341861205,0.2015862463182181,0.032088593341861205,0.0,5.160889585500286,6.519253790906076,8.974579067851046,1.7949158135702092,0.20040549240584568,0.22524039490724704,0.26427396465475567,0.42121542896875863,0.44107997403408844
random,26,20270953,5,16,1.0,0.25,0.25,4,0.5898011764119794,0.08821599480681769,0.08821599480681769,0.08821599480681769,0.0,0.2062797621813539,0.04255134028559593,0.2319301774061826,0.04255134028559593,0.0,5.467874929366397,6.982065751365713,7.726679751214977,1.5453359502429955,0.2062797621813539,0.2330984057177724,0.24521317025657743,0.42121542896875863,0.44107997403408844
random,27,20270954,5,16,1.0,0.25,0.25,4,0.5874296033555321,0.08821599480681769,0.08821599480681769,0.08821599480681769,0.0,0.2054681135865831,0.04221714570082901,0.23102415715826985,0.04221714570082902,6.938893903907228e-18,6.219017007311157,7.749698962273863,10.61975839477048,2.123951678954096,0.21999266876760015,0.2455781663522675,0.28747802609834566,0.42121542896875863,0.44107997403408844
random,28,20270955,5,16,1.0,0.25,0.25,4,0.5878541740188661,0.08821599480681769,0.08821599480681769,0.08821599480681769,0.0,0.2056134345497001,0.042276884467323805,0.23118638058231178,0.042276884467323805,0.0,5.432607178036437,7.032149852635965,8.226021092264311,1.6452042184528621,0.20561343454970007,0.23393294833441602,0.25301265583472293,0.42121542896875863,0.44107997403408844
random,29,20270956,5,16,1.0,0.25,0.25,4,0.4686997082904748,0.08821599480681769,0.08821599480681769,0.08821599480681769,0.0,0.16457925362972686,0.027086330725317964,0.18528661472029495,0.027086330725317964,0.0,3.7362974397253,5.977680765035647,7.91047713545651,1.5820954270913021,0.17051714680358795,0.21568189718671843,0.24811251773954207,0.42121542896875863,0.44107997403408844
random,30,20270957,5,16,1.0,0.25,0.25,4,0.5656740840015503,0.08821599480681769,0.08821599480681769,0.08821599480681769,0.0,0.19801267610339787,0.039209019897629156,0.2226982422270758,0.039209019897629156,0.0,5.336408518328813,6.963631654726277,7.954384603617724,1.5908769207235447,0.2037848388820848,0.2327904883580996,0.24880014486957508,0.42121542896875863,0.44107997403408844
random,31,20270958,5,16,1.0,0.25,0.25,4,0.6036168937243348,0.08821599480681769,0.08821599480681769,0.08821599480681769,0.0,0.2110037941049932,0.044522601126702366,0.23720190869387303,0.044522601126702366,0.0,5.721183230820213,7.426965276397858,9.292362281152956,1.8584724562305912,0.21100379410499323,0.2404102791478678,0.2689121361711232,0.42121542896875863,0.44107997403408844
random,32,20270959,5,16,1.0,0.25,0.25,4,0.5925226261639203,0.08821599480681769,0.08821599480681769,0.08821599480681769,0.0,0.20721088984818709,0.04293635287167752,0.232969471869779,0.04293635287167752,0.0,5.517349297336863,6.597766782313746,6.999784666464839,1.3999569332929678,0.20721088984818709,0.22659264869911394,0.23339399400890787,0.42121542896875863,0.44107997403408844
random,33,20270960,5,16,1.0,0.25,0.25,4,0.4829296753574275,0.08821599480681769,0.08821599480681769,0.08821599480681769,0.0,0.16950455840173664,0.02873179531896775,0.19080513424368384,0.02873179531896775,0.0,4.5005454011353985,6.633908487564591,9.681293982094301,1.9362587964188602,0.18714572443476443,0.22721242357345298,0.27448210777642823,0.42121542896875863,0.44107997403408844
random,34,20270961,5,16,1.0,0.25,0.25,4,0.638142531373481,0.08821599480681769,0.08821599480681769,0.08821599480681769,0.0,0.22277650803484647,0.04962937253220001,0.25032752760850974,0.04962937253220001,0.0,6.377406681144245,7.478859253980204,8.977036022417693,1.7954072044835385,0.22277650803484647,0.2412487190793416,0.264310137086099,0.42121542896875863,0.44107997403408844
random,35,20270962,5,16,1.0,0.25,0.25,4,0.5542096526413728,0.08821599480681769,0.08821599480681769,0.08821599480681769,0.0,0.1940769252516541,0.03766585291513613,0.2183003839807589,0.03766585291513613,0.0,5.166682850970172,6.482732861922902,8.253519307893011,1.6507038615786023,0.20051794168101503,0.2246086093047911,0.2534351925528411,0.42121542896875863,0.44107997403408844
random,36,20270963,5,16,1.0,0.25,0.25,4,0.5253708577006274,0.08821599480681769,0.08821599480681769,0.08821599480681769,0.0,0.18415595551209235,0.033913415950571735,0.2072069514215309,0.033913415950571735,0.0,4.760910481072162,6.06179443580461,7.305838340352335,1.461167668070467,0.19248298444578762,0.21719405736148448,0.23844178540117905,0.42121542896875863,0.44107997403408844
random,37,20270964,5,16,1.0,0.25,0.25,4,0.44918316306670103,0.08821599480681769,0.08821599480681769,0.08821599480681769,0.0,0.15781414586048614,0.024905304633674796,0.1777029854416352,0.0249053046336748,3.469446951953614e-18,3.9906664619561383,6.281272314706554,9.344582228840784,1.8689164457681569,0.17622602756039824,0.2210910422366079,0.2696666754292607,0.42121542896875863,0.44107997403408844
random,38,20270965,5,16,1.0,0.25,0.25,4,0.6774544972345798,0.08821599480681769,0.08821599480681769,0.08821599480681769,0.0,0.23612189145441193,0.05575354762400909,0.2651847885308998,0.05575354762400908,6.938893903907228e-18,7.164367167530813,7.921200040722256,8.236101230491519,1.6472202460983039,0.2361218914544119,0.24828062302536252,0.2531676287967507,0.42121542896875863,0.44107997403408844
random,39,20270966,5,16,1.0,0.25,0.25,4,0.5093782997928263,0.08821599480681769,0.08821599480681769,0.08821599480681769,0.0,0.17864199686692472,0.031912963044602345,0.20103680291149773,0.03191296304460234,6.938893903907228e-18,4.100836527878916,6.598069541912309,8.504595443794939,1.7009190887589878,0.17864199686692472,0.2265978476031235,0.25726112573660237,0.42121542896875863,0.44107997403408844
random,40,20270967,5,16,1.0,0.25,0.25,4,0.6823482851139945,0.08821599480681769,0.08821599480681769,0.08821599480681769,0.0,0.23777860970950157,0.05653866723538348,0.2670275120110541,0.05653866723538348,0.0,7.265255548737484,7.8871562358824665,8.211696905827722,1.6423393811655442,0.2377786097095016,0.24774651718791674,0.25279227106325586,0.42121542896875863,0.44107997403408844
random,41,20270968,5,16,1.0,0.25,0.25,4,0.5397643802005878,0.08821599480681769,0.08821599480681769,0.08821599480681769,0.0,0.18911116591691673,0.03576303307445561,0.21274911081570091,0.03576303307445561,0.0,4.736649520611849,6.350341854947683,8.491547537412213,1.6983095074824426,0.19199192433274212,0.22230328918790784,0.2570637026151669,0.42121542896875863,0.44107997403408844
random,42,20270969,5,16,1.0,0.25,0.25,4,0.5704864257499416,0.08821599480681769,0.08821599480681769,0.08821599480681769,0.0,0.19966333481096268,0.039865447267834586,0.2245421842130053,0.039865447267834586,0.0,5.122735927957577,6.648143382340699,8.03356426382211,1.6067128527644219,0.19966333481096274,0.22745606665052667,0.2500353836787206,0.42121542896875863,0.44107997403408844
random,43,20270970,5,16,1.0,0.25,0.25,4,0.597273316814992,0.08821599480681769,0.08821599480681769,0.08821599480681769,0.0,0.2088356331557717,0.04361232167557205,0.23478270826208147,0.04361232167557205,0.0,5.604211728720718,6.938346748160766,7.049176972894919,1.4098353945789839,0.2088356331557717,0.23236747355433746,0.23421599095180926,0.42121542896875863,0.44107997403408844
random,44,20270971,5,16,1.0,0.25,0.25,4,0.6466039625379506,0.08821599480681769,0.08821599480681769,0.08821599480681769,0.0,0.22565439488391006,0.050919905930423615,0.25353344633068153,0.050919905930423615,0.0,6.543241063006138,7.465323799703157,7.480104013050116,1.4960208026100232,0.22565439488391006,0.24103031078385856,0.24126879460335576,0.42121542896875863,0.44107997403408844
random,45,20270972,5,16,1.0,0.25,0.25,4,0.5276630160905672,0.08821599480681769,0.08821599480681769,0.08821599480681769,0.0,0.18494554562921064,0.034204854848086434,0.2080902454084943,0.03420485484808644,6.938893903907228e-18,4.395346116742165,6.487358251127714,8.028765405710208,1.6057530811420417,0.18494554562921067,0.22468872343354154,0.24996069307244662,0.42121542896875863,0.44107997403408844
random,46,20270973,5,16,1.0,0.25,0.25,4,0.5422644941485153,0.08821599480681769,0.08821599480681769,0.08821599480681769,0.0,0.18997114027789141,0.0360890341384823,0.21371067942382305,0.03608903413848231,6.938893903907228e-18,5.303833094889971,7.345082163132423,9.542799536522047,1.9085599073044095,0.20316189751475908,0.23908133109274893,0.27251175233984704,0.42121542896875863,0.44107997403408844
random,47,20270974,5,16,1.0,0.25,0.25,4,0.6701265575533498,0.08821599480681769,0.08821599480681769,0.08821599480681769,0.0,0.23363919750812503,0.05458727461224066,0.262422647381781,0.054587274612240666,6.938893903907228e-18,7.014500326227019,7.10839480068229,7.370117306155941,1.4740234612311882,0.23363919750812503,0.23519771939683765,0.23948842958638583,0.42121542896875863,0.44107997403408844
random,48,20270975,5,16,1.0,0.25,0.25,4,0.5356098685648124,0.08821599480681769,0.08821599480681769,0.08821599480681769,0.0,0.18768163986783246,0.03522439794347876,0.2111505275877943,0.03522439794347887,1.1102230246251565e-16,5.208762117746357,6.782505616641038,9.434207138171733,1.8868414276343464,0.2013328298812861,0.2297430683588641,0.2709567906787054,0.42121542896875863,0.44107997403408844
random,49,20270976,5,16,1.0,0.25,0.25,4,0.5632497756049561,0.08821599480681769,0.08821599480681769,0.08821599480681769,0.0,0.19718080514012157,0.03888026991570659,0.22176884538662245,0.03888026991570659,0.0,4.996139996818276,6.91733720709043,7.771349202466627,1.5542698404933255,0.19718080514012157,0.23201539867063226,0.24592096147909517,0.42121542896875863,0.44107997403408844
aligned,0,20270927,6,16,1.0,0.25,0.25,4,1.5,0.08821599480681769,0.08821599480681769,0.08821599480681769,0.0,0.4951367467791021,0.24516039801099265,0.5467452952462635,0.24516039801099265,0.0,31.503270753884326,31.503270753884323,31.605742076945546,5.267623679490924,0.4951367467791021,0.4951367467791021,0.49594136364454383,0.4951367467791021,0.5292959688409061
alternating,0,20270927,6,16,1.0,0.25,0.25,4,0.0,0.08821599480681769,0.08821599480681769,0.08821599480681769,0.0,0.0,0.0,0.0,-9.926564433738316e-16,9.926564433738316e-16,9.0,18.0,36.000000000000135,6.000000000000022,0.26464798442045306,0.37426876882210824,0.5292959688409071,0.4951367467791021,0.5292959688409061
orthogonal,0,20270927,6,16,1.0,0.25,0.25,4,0.6123724356957945,0.08821599480681769,0.08821599480681769,0.08821599480681769,0.0,0.21399377100937225,0.04579333403081165,0.24053713462006643,0.04579333403081165,0.0,5.884473236297481,6.0,6.023430791197873,1.0039051318663121,0.21399377100937225,0.21608417442871403,0.21650568191678501,0.4951367467791021,0.5292959688409061
clustered,0,20270927,6,16,1.0,0.25,0.25,4,1.118033988749895,0.08821599480681769,0.08821599480681769,0.08821599480681769,0.0,0.38033494802946716,0.14465467269257748,0.4238498779694211,0.1446546726925775,2.7755575615628914e-17,18.588219617119613,19.05277391742976,22.686125712420377,3.7810209520700626,0.3803349480294671,0.3850582591492623,0.42017238239790633,0.4951367467791021,0.5292959688409061
random,0,20270927,6,16,1.0,0.25,0.25,4,0.6416122656808023,0.08821599480681769,0.08821599480681769,0.08821599480681769,0.0,0.22395698351259183,0.05015673046405933,0.2516426884763605,0.05015673046405933,0.0,7.0275035960100585,9.659230106221012,12.787079261434656,2.131179876905776,0.23385565389896176,0.2741691540730403,0.3154518034243016,0.4951367467791021,0.5292959688409061
random,1,20270928,6,16,1.0,0.25,0.25,4,0.6490611840120122,0.08821599480681769,0.08821599480681769,0.08821599480681769,0.0,0.2264895877691845,0.051297533367855135,0.25446363463053845,0.05129753336785514,6.938893903907228e-18,6.883149722706674,9.4701148133993,12.816055927328028,2.136009321221338,0.23144134485024723,0.27147194728084856,0.31580902217422285,0.4951367467791021,0.5292959688409061
random,2,20270929,6,16,1.0,0.25,0.25,4,0.5533181065289938,0.08821599480681769,0.08821599480681769,0.08821599480681769,0.0,0.1937706583590406,0.037547068040896026,0.2179580842307154,0.03754706804089592,1.0408340855860843e-16,4.909249701484775,9.014808977973319,12.44581407748959,2.074302346248265,0.195458651056523,0.2648656263819438,0.3112139032121708,0.4951367467791021,0.5292959688409061
random,3,20270930,6,16,1.0,0.25,0.25,4,0.7474938421910996,0.08821599480681769,0.08821599480681769,0.08821599480681769,0.0,0.2597308946143415,0.06746013761716618,0.2914073870493228,0.06746013761716618,0.0,8.66867160312161,10.48449420723042,10.556409194740105,1.7594015324566843,0.25973089461434157,0.2856413507018659,0.28661930867197444,0.4951367467791021,0.5292959688409061
random,4,20270931,6,16,1.0,0.25,0.25,4,0.4965302687328587,0.08821599480681769,0.08821599480681769,0.08821599480681769,0.0,0.17420608830546017,0.030347761202689786,0.19607072659768243,0.030347761202689786,0.0,4.62308237605666,7.004802342177119,9.072564018825625,1.5120940031376042,0.18967633610562243,0.2334776312660662,0.2657127270801951,0.4951367467791021,0.5292959688409061
random,5,20270932,6,16,1.0,0.25,0.25,4,0.5310079215982365,0.08821599480681769,0.08821599480681769,0.08821599480681769,0.0,0.18609745818765666,0.034632263943906616,0.2093787409590977,0.034632263943906616,0.0,4.978959633085236,7.763841505267847,11.027695472764705,1.8379492454607842,0.19684148766056564,0.24580214387120042,0.29294744753332125,0.4951367467791021,0.5292959688409061
random,6,20270933,6,16,1.0,0.25,0.25,4,0.6548614565196137,0.08821599480681769,0.08821599480681769,0.08821599480681769,0.0,0.22846006606572583,0.05219400178675581,0.2566578715884449,0.052194001786755824,1.3877787807814457e-17,7.924697537427212,9.789869822484434,12.230034776741517,2.0383391294569195,0.24833542941987707,0.2760169766205563,0.3085042717888545,0.4951367467791021,0.5292959688409061
random,7,20270934,6,16,1.0,0.25,0.25,4,0.5895855160895292,0.08821599480681769,0.08821599480681769,0.08821599480681769,0.0,0.20620596326889049,0.042520899287651015,0.23184780102376723,0.042520899287651015,0.0,5.7066196426774995,8.725641889641235,11.037047580251162,1.8395079300418602,0.21073506206757195,0.26058296932876013,0.2930716391842521,0.4951367467791021,0.5292959688409061
random,8,20270935,6,16,1.0,0.25,0.25,4,0.4887417603132863,0.08821599480681769,0.08821599480681769,0.08821599480681769,0.0,0.17151443192353477,0.029417200358052842,0.19305640751723274,0.02941720035805273,1.1102230246251565e-16,4.982223353270743,8.783154903141074,12.722292789717454,2.1203821316195754,0.19690599212926332,0.26144034448816184,0.31465166130316236,0.4951367467791021,0.5292959688409061
random,9,20270936,6,16,1.0,0.25,0.25,4,0.5368251521569507,0.08821599480681769,0.08821599480681769,0.08821599480681769,0.0,0.18809986888905528,0.03538156067607979,0.21161823973561233,0.03538156067607967,1.1796119636642288e-16,5.07042004193146,8.631841214453413,13.350518846513692,2.2250864744189487,0.19864118861104635,0.25917855092320247,0.32232679367584705,0.4951367467791021,0.5292959688409061
random,10,20270937,6,16,1.0,0.25,0.25,4,0.7384624501048791,0.08821599480681769,0.08821599480681769,0.08821599480681769,0.0,0.2566991615325456,0.06589445953151195,0.2880446165532655,0.06589445953151196,1.3877787807814457e-17,8.467480949794407,9.69637571276007,9.938211874672202,1.6563686457787004,0.2566991615325457,0.2746958216802253,0.2781003027533054,0.4951367467791021,0.5292959688409061
random,11,20270938,6,16,1.0,0.25,0.25,4,0.5570159816725424,0.08821599480681769,0.08821599480681769,0.08821599480681769,0.0,0.19504077894504088,0.0380409054514883,0.21937756819286935,0.038040905451488305,6.938893903907228e-18,6.327841004978797,8.878064800455824,12.85106006785196,2.1418433446419933,0.22190910161619717,0.2628490981660505,0.3162400083312406,0.4951367467791021,0.5292959688409061
random,12,20270939,6,16,1.0,0.25,0.25,4,0.7291710906622735,0.08821599480681769,0.08821599480681769,0.08821599480681769,0.0,0.2535761869373817,0.06430088258170195,0.28457919362254125,0.06430088258170197,1.3877787807814457e-17,8.66443280501811,11.13331971296429,12.443287624680737,2.073881270780123,0.25966738537718287,0.294347042408678,0.31118231399103213,0.4951367467791021,0.5292959688409061
random,13,20270940,6,16,1.0,0.25,0.25,4,0.5420050755929509,0.08821599480681769,0.08821599480681769,0.08821599480681769,0.0,0.18988191719015704,0.036055142475809654,0.21361091960328027,0.03605514247580966,6.938893903907228e-18,5.679309033590773,8.821585799541385,12.86738203110565,2.1445636718509418,0.21023019178643237,0.26201168930906527,0.31644077075354465,0.4951367467791021,0.5292959688409061
random,14,20270941,6,16,1.0,0.25,0.25,4,0.6230929912130998,0.08821599480681769,0.08821599480681769,0.08821599480681769,0.0,0.21765068476080904,0.04737182057684907,0.24461479809067432,0.04737182057684908,6.938893903907228e-18,7.245418529355588,9.048270247273074,11.505412432002615,1.9175687386671025,0.2374537730292379,0.26535673668154863,0.2992253830930895,0.4951367467791021,0.5292959688409061
random,15,20270942,6,16,1.0,0.25,0.25,4,0.576596802535694,0.08821599480681769,0.08821599480681769,0.08821599480681769,0.0,0.20175799870376626,0.04070629004094895,0.22688166916768693,0.040706290040948945,6.938893903907228e-18,5.418783237005731,7.9870029210519675,10.568336317685688,1.761389386280948,0.20535166350613307,0.249309746795511,0.2867811808866487,0.4951367467791021,0.5292959688409061
random,16,20270943,6,16,1.0,0.25,0.25,4,0.6612446982386951,0.08821599480681769,0.08821599480681769,0.08821599480681769,0.0,0.23062696491869994,0.05318879694761125,0.2590702374022933,0.05318879694761125,0.0,7.199869227377199,9.347761071075585,11.23675369367065,1.8727922822784415,0.23670620364836698,0.26971253916642884,0.2957111952540548,0.4951367467791021,0.5292959688409061
random,17,20270944,6,16,1.0,0.25,0.25,4,0.6871114943451514,0.08821599480681769,0.08821599480681769,0.08821599480681769,0.0,0.23939012353461933,0.0573076312459203,0.26881959035034475,0.05730763124592031,6.938893903907228e-18,7.447104390668371,9.420890082978195,10.355065166962433,1.7258441944937388,0.24073600925202873,0.2707654857421749,0.28387278215514683,0.4951367467791021,0.5292959688409061
random,18,20270945,6,16,1.0,0.25,0.25,4,0.5842648899746951,0.08821599480681769,0.08821599480681769,0.08821599480681769,0.0,0.204384689247521,0.04177310119880573,0.22981463939261992,0.04177310119880573,0.0,5.816973631673541,8.470261259691426,10.765125187906255,1.7941875313177091,0.21276289136082682,0.2567413018483513,0.2894388862065602,0.4951367467791021,0.5292959688409061
random,19,20270946,6,16,1.0,0.25,0.25,4,0.7096428553834193,0.08821599480681769,0.08821599480681769,0.08821599480681769,0.0,0.24699950254376138,0.06100875425686558,0.2772766254513608,0.061008754256865694,1.1102230246251565e-16,7.839664641207893,9.650401643397235,11.347967254467964,1.8913278757446605,0.2469995025437616,0.2740438311700607,0.29717096391640385,0.4951367467791021,0.5292959688409061
random,20,20270947,6,16,1.0,0.25,0.25,4,0.4200952890571247,0.08821599480681769,0.08821599480681769,0.08821599480681769,0.0,0.14771074418125424,0.021818463946579932,0.1663695125594069,0.021818463946579932,0.0,3.6736117393499113,7.923647785998324,11.766434682138785,1.9610724470231309,0.16908067117064332,0.2483189808990117,0.30260059674960327,0.4951367467791021,0.5292959688409061
random,21,20270948,6,16,1.0,0.25,0.25,4,0.6801685927910813,0.08821599480681769,0.08821599480681769,0.08821599480681769,0.0,0.23704083575016827,0.05618835781313825,0.26620695261333527,0.056188357813138246,6.938893903907228e-18,7.57268783226492,9.344817799631974,10.61503020211302,1.76917170035217,0.24275733613340772,0.26967007446787894,0.28741402262628607,0.4951367467791021,0.5292959688409061
random,22,20270949,6,16,1.0,0.25,0.25,4,0.5323154293630702,0.08821599480681769,0.08821599480681769,0.08821599480681769,0.0,0.18654763101944166,0.03480001863896575,0.20988225246699788,0.034800018638965646,1.0408340855860843e-16,6.819310837445351,8.78938747558878,13.073179544076677,2.1788632573461126,0.23036557459739992,0.26153308775310685,0.31896126778486167,0.4951367467791021,0.5292959688409061
random,23,20270950,6,16,1.0,0.25,0.25,4,0.7173705572317873,0.08821599480681769,0.08821599480681769,0.08821599480681769,0.0,0.2496041011984091,0.06230220733506565,0.28016945747677124,0.06230220733506564,6.938893903907228e-18,8.005874203847577,10.423922024634518,11.399138042883528,1.899856340480588,0.2496041011984091,0.28481503606044617,0.2978402189593046,0.4951367467791021,0.5292959688409061
random,24,20270951,6,16,1.0,0.25,0.25,4,0.3803712394543559,0.08821599480681769,0.08821599480681769,0.08821599480681769,0.0,0.1338757918725429,0.01792272764950042,0.15083632073882614,0.017922727649500425,3.469446951953614e-18,4.168321485716946,7.780075434220909,13.33103461775094,2.22183910295849,0.18010589982841418,0.24605899164442224,0.32209150012095755,0.4951367467791021,0.5292959688409061
random,25,20270952,6,16,1.0,0.25,0.25,4,0.5791176118220898,0.08821599480681769,0.08821599480681769,0.08821599480681769,0.0,0.20262173996625582,0.041055569506952994,0.22784621448013298,0.041055569506952994,0.0,6.599290465103005,8.276718163740775,11.19152561543752,1.8652542692395866,0.22661881174787296,0.25379111834891827,0.2951154745204002,0.4951367467791021,0.5292959688409061
random,26,20270953,6,16,1.0,0.25,0.25,4,0.6486249138699097,0.08821599480681769,0.08821599480681769,0.08821599480681769,0.0,0.22634132077242777,0.05123039348900704,0.25429851034340323,0.05123039348900704,0.0,6.58313891642424,9.0492346192618,10.745240540156976,1.790873423359496,0.2263413207724278,0.26537087727299147,0.28917144619072593,0.4951367467791021,0.5292959688409061
random,27,20270954,6,16,1.0,0.25,0.25,4,0.6881330231487435,0.08821599480681769,0.08821599480681769,0.08821599480681769,0.0,0.23973560354202575,0.05747315960565935,0.26920373302112655,0.05747315960565935,0.0,7.924854901219655,10.049991761617726,12.97327878516771,2.162213130861285,0.24833789505410392,0.2796598941088142,0.3177402342688885,0.4951367467791021,0.5292959688409061
random,28,20270955,6,16,1.0,0.25,0.25,4,0.5973146859009674,0.08821599480681769,0.08821599480681769,0.08821599480681769,0.0,0.20884977764964716,0.04361822962430706,0.23479849231841277,0.043618229624307066,6.938893903907228e-18,5.604970903979484,8.5435574586643,9.941563491503485,1.6569272485839142,0.20884977764964718,0.2578497462098472,0.2781471928324806,0.4951367467791021,0.5292959688409061
random,29,20270956,6,16,1.0,0.25,0.25,4,0.6092463011821964,0.08821599480681769,0.08821599480681769,0.08821599480681769,0.0,0.2129265542486796,0.0453377175042159,0.23934681408794867,0.04533771750421589,6.938893903907228e-18,5.825926216004884,8.4700454949353,9.494974100365427,1.5824956833942379,0.2129265542486796,0.2567380318147913,0.271828024063805,0.4951367467791021,0.5292959688409061
random,30,20270957,6,16,1.0,0.25,0.25,4,0.6468114773800991,0.08821599480681769,0.08821599480681769,0.08821599480681769,0.0,0.22572493742954627,0.05095174737757258,0.2536120159791102,0.05095174737757258,0.0,7.028286306260722,8.915726879442424,10.209452121253616,1.7015753535422693,0.23386867673975922,0.26340603074080776,0.281869804584818,0.4951367467791021,0.5292959688409061
random,31,20270958,6,16,1.0,0.25,0.25,4,0.6527555774434658,0.08821599480681769,0.08821599480681769,0.08821599480681769,0.0,0.22774481537938795,0.05186770093219151,0.25586145969925944,0.05186770093219162,1.1102230246251565e-16,6.665033337786737,9.191707442959077,11.898685111682372,1.9831141852803953,0.2277448153793882,0.26745174296475754,0.30429640510698364,0.4951367467791021,0.5292959688409061
random,32,20270959,6,16,1.0,0.25,0.25,4,0.6901099971654225,0.08821599480681769,0.08821599480681769,0.08821599480681769,0.0,0.24040408434504046,0.05779412376977733,0.26994697602892304,0.05779412376977733,0.0,7.426582530760777,8.752943520945962,9.301148748862692,1.5501914581437821,0.24040408434504046,0.26099031952278035,0.2690392421456548,0.4951367467791021,0.5292959688409061
random,33,20270960,6,16,1.0,0.25,0.25,4,0.5400130720789212,0.08821599480681769,0.08821599480681769,0.08821599480681769,0.0,0.18919671925611561,0.035795398577277426,0.21284477473230878,0.03579539857727743,6.938893903907228e-18,5.8988992373710465,8.357689388253512,12.286016333374219,2.047669388895703,0.21425591721542706,0.25502951754864855,0.30920953679014296,0.4951367467791021,0.5292959688409061
random,34,20270961,6,16,1.0,0.25,0.25,4,0.6267914119548822,0.08821599480681769,0.08821599480681769,0.08821599480681769,0.0,0.21891120063268105,0.04792211376244193,0.24601995383373776,0.04792211376244193,0.0,6.467190242961858,9.012933448064729,11.02556896342987,1.8375948272383118,0.22433919352953002,0.26483807231807893,0.2929192011278096,0.4951367467791021,0.5292959688409061
random,35,20270962,6,16,1.0,0.25,0.25,4,0.6702549012295945,0.08821599480681769,0.08821599480681769,0.08821599480681769,0.0,0.23368269994069324,0.05460760425157207,0.26247105361792666,0.05460760425157207,0.0,7.017112698116534,9.197052076112787,10.727602542081486,1.7879337570135811,0.23368269994069327,0.26752948824394157,0.28893401548112463,0.4951367467791021,0.5292959688409061
random,36,20270963,6,16,1.0,0.25,0.25,4,0.5125445685681317,0.08821599480681769,0.08821599480681769,0.08821599480681769,0.0,0.17973435023173356,0.03230443665322346,0.20225940325909142,0.032304436653223474,1.3877787807814457e-17,5.139045184689905,7.846260015173662,11.159849821225839,1.8599749702043065,0.19998091636617507,0.24710337890094522,0.2946975403955551,0.4951367467791021,0.5292959688409061
random,37,20270964,6,16,1.0,0.25,0.25,4,0.5982096610808777,0.08821599480681769,0.08821599480681769,0.08821599480681769,0.0,0.20915576229872632,0.0437461329027613,0.23513993932654875,0.04374613290276131,6.938893903907228e-18,6.531465575346456,8.822071428096871,11.642735214534216,1.9404558690890361,0.22545125494980114,0.2620189010853826,0.3010057877502395,0.4951367467791021,0.5292959688409061
random,38,20270965,6,16,1.0,0.25,0.25,4,0.7039262461618739,0.08821599480681769,0.08821599480681769,0.08821599480681769,0.0,0.24507100482739666,0.06005979740710988,0.27513408135089024,0.06005979740710988,0.0,7.717723068204449,9.241774700676785,9.956313544649277,1.6593855907748796,0.24507100482739666,0.26817915896949607,0.278353456426958,0.4951367467791021,0.5292959688409061
random,39,20270966,6,16,1.0,0.25,0.25,4,0.5564692018360273,0.08821599480681769,0.08821599480681769,0.08821599480681769,0.0,0.1948530056769436,0.03796769382133902,0.2191677246113064,0.03796769382133902,0.0,5.692560934309631,8.553185927898971,11.506288947054706,1.9177148245091176,0.21047532075785846,0.25799500181694635,0.29923678079650795,0.4951367467791021,0.5292959688409061
random,40,20270967,6,16,1.0,0.25,0.25,4,0.8067721268853907,0.08821599480681769,0.08821599480681769,0.08821599480681769,0.0,0.2795324386727783,0.07813838427035058,0.31333576239068517,0.07813838427035058,0.0,10.04083325003223,11.098144499684548,12.337802288964012,2.056300381494002,0.2795324386727783,0.29388168655648483,0.309860515628608,0.4951367467791021,0.5292959688409061
random,41,20270968,6,16,1.0,0.25,0.25,4,0.5919319970249253,0.08821599480681769,0.08821599480681769,0.08821599480681769,0.0,0.20700883357205674,0.042852657176863485,0.23274395203347353,0.04285265717686348,6.938893903907228e-18,6.657011243091283,8.675720675967066,12.328176676329111,2.0546961127215186,0.2276077162487894,0.2598364753787612,0.309739619735382,0.4951367467791021,0.5292959688409061
random,42,20270969,6,16,1.0,0.25,0.25,4,0.6112856940050493,0.08821599480681769,0.08821599480681769,0.08821599480681769,0.0,0.21362281668386945,0.04563470780795009,0.2401234065886768,0.04563470780795009,0.0,5.928517899199571,9.026611452357038,12.306967628485278,2.051161271414213,0.2147931384304966,0.26503895491613194,0.3094730713875714,0.4951367467791021,0.5292959688409061
random,43,20270970,6,16,1.0,0.25,0.25,4,0.6225346006212082,0.08821599480681769,0.08821599480681769,0.08821599480681769,0.0,0.21746032350646044,0.047288992299534434,0.2444025760604951,0.047288992299534434,0.0,6.076666297563219,8.446940154130088,9.204569848269884,1.5340949747116475,0.21746032350646044,0.2563876162989712,0.2676388066912891,0.4951367467791021,0.5292959688409061
random,44,20270971,6,16,1.0,0.25,0.25,4,0.6349239055720035,0.08821599480681769,0.08821599480681769,0.08821599480681769,0.0,0.22168102532059558,0.04914247698719054,0.24910689524979768,0.04914247698719055,6.938893903907228e-18,6.543241063006138,9.059313996061636,10.679068591606175,1.7798447652676956,0.22565439488391006,0.2655186261586778,0.28827967514719727,0.4951367467791021,0.5292959688409061
random,45,20270972,6,16,1.0,0.25,0.25,4,0.5338583298428508,0.08821599480681769,0.08821599480681769,0.08821599480681769,0.0,0.18707877346713633,0.03499846748196812,0.21047629926068945,0.03499846748196811,6.938893903907228e-18,4.699511797646779,8.462518859209197,12.168104136102073,2.028017356017012,0.19123778642308434,0.2566239354312446,0.3077221760662247,0.4951367467791021,0.5292959688409061
random,46,20270973,6,16,1.0,0.25,0.25,4,0.5861671044664962,0.08821599480681769,0.08821599480681769,0.08821599480681769,0.0,0.20503594846114648,0.042039740161361916,0.2305417115457402,0.04203974016136192,6.938893903907228e-18,6.637695382162677,9.50963872614457,11.867441153502975,1.9779068589171624,0.2272772651931699,0.2720378570891122,0.30389662674910867,0.4951367467791021,0.5292959688409061
random,47,20270974,6,16,1.0,0.25,0.25,4,0.6857125069425434,0.08821599480681769,0.08821599480681769,0.08821599480681769,0.0,0.23891691340460253,0.05708129151078234,0.2682933962064282,0.05708129151078234,0.0,7.33498312139689,8.835704117092162,9.236527448903725,1.5394212414839543,0.23891691340460253,0.2622212709782175,0.2681030154032667,0.4951367467791021,0.5292959688409061
random,48,20270975,6,16,1.0,0.25,0.25,4,0.5704274134729789,0.08821599480681769,0.08821599480681769,0.08821599480681769,0.0,0.1996430984297251,0.03985736675062091,0.22451958015752993,0.039857366750620904,6.938893903907228e-18,6.177606377845977,8.262613216974724,11.52373996453489,1.9206233274224818,0.21925901175621226,0.2535747743491557,0.2994636136109189,0.4951367467791021,0.5292959688409061
random,49,20270976,6,16,1.0,0.25,0.25,4,0.618503656545117,0.08821599480681769,0.08821599480681769,0.08821599480681769,0.0,0.2160857636347011,0.04669305724559192,0.24287002849560335,0.04669305724559192,0.0,6.000088255153452,8.517322988565649,9.34605041052201,1.5576750684203349,0.21608576363470114,0.25745355572309564,0.2696878590473786,0.4951367467791021,0.5292959688409061
aligned,0,20270927,7,16,1.0,0.25,0.25,4,1.75,0.08821599480681769,0.08821599480681769,0.08821599480681769,0.0,0.5639674182163823,0.31805924880965186,0.6184260942949786,0.31805924880965186,0.0,40.870820541653075,40.87082054165308,41.12208181241312,5.874583116059017,0.5639674182163823,0.5639674182163823,0.5656983114094616,0.5639674182163823,0.6175119636477238
alternating,0,20270927,7,16,1.0,0.25,0.25,4,0.25,0.08821599480681769,0.08821599480681769,0.08821599480681769,0.0,0.08821599480681769,0.007782061739756485,0.09947644966022584,0.007782061739755162,1.3227266504323154e-15,16.0,25.0,49.00000000000018,7.000000000000026,0.35286397922727075,0.44107997403408844,0.6175119636477249,0.5639674182163823,0.6175119636477238
orthogonal,0,20270927,7,16,1.0,0.25,0.25,4,0.6614378277661477,0.08821599480681769,0.08821599480681769,0.08821599480681769,0.0,0.23069249926660196,0.053219029217871146,0.25914318570613126,0.05321902921787114,6.938893903907228e-18,6.838679902266678,7.0,7.0273380314470755,1.003905433063868,0.23069249926660196,0.23339758391700502,0.2338528991200664,0.5639674182163823,0.6175119636477238
clustered,0,20270927,7,16,1.0,0.25,0.25,4,1.25,0.08821599480681769,0.08821599480681769,0.08821599480681769,0.0,0.42121542896875863,0.17742243760133536,0.4680289419025989,0.17742243760133536,0.0,22.79889874105358,23.82409845307633,26.621330791415264,3.8030472559164665,0.42121542896875863,0.43058170543565477,0.45515803828261014,0.5639674182163823,0.6175119636477238
random,0,20270927,7,16,1.0,0.25,0.25,4,0.6940964409596296,0.08821599480681769,0.08821599480681769,0.08821599480681769,0.0,0.24175151166771783,0.05844379339362671,0.2714449073196117,0.05844379339362671,0.0,7.765538060358296,11.354699441316344,14.925607547774465,2.1322296496820665,0.2458289987534772,0.29725909925299554,0.34081079712966295,0.5639674182163823,0.6175119636477238
random,1,20270928,7,16,1.0,0.25,0.25,4,0.763804479862952,0.08821599480681769,0.08821599480681769,0.08821599480681769,0.0,0.2651964019576421,0.07032913161127928,0.2974661212301457,0.0703291316112793,1.3877787807814457e-17,9.484537309939427,12.26920813604557,15.62919716741972,2.2327424524885315,0.2716785875238837,0.3089979534117163,0.34875116816963847,0.5639674182163823,0.6175119636477238
random,2,20270929,7,16,1.0,0.25,0.25,4,0.5265194347778764,0.08821599480681769,0.08821599480681769,0.08821599480681769,0.0,0.18455163340450245,0.03405930539226987,0.20764959429844154,0.034059305392269874,6.938893903907228e-18,5.675371437672413,10.558452084648488,15.144498368570803,2.163499766938686,0.2101573004299809,0.2866470407992992,0.34330077384395646,0.5639674182163823,0.6175119636477238
random,3,20270930,7,16,1.0,0.25,0.25,4,0.7021604010371415,0.08821599480681769,0.08821599480681769,0.08821599480681769,0.0,0.24447500131628366,0.0597680262685969,0.2744718186025894,0.059768026268596904,6.938893903907228e-18,8.66867160312161,11.619899116153636,14.109742422379238,2.0156774889113196,0.25973089461434157,0.3007104459968915,0.33136518625681916,0.5639674182163823,0.6175119636477238
random,4,20270931,7,16,1.0,0.25,0.25,4,0.5927597396303746,0.08821599480681769,0.08821599480681769,0.08821599480681769,0.0,0.20729200344905183,0.04296997469392171,0.23306000332010757,0.04296997469392173,1.3877787807814457e-17,6.508361820426426,9.66875055355145,12.441223665778454,1.7773176665397792,0.22505215731299347,0.27430423575665414,0.31115650513079013,0.5639674182163823,0.6175119636477238
random,5,20270932,7,16,1.0,0.25,0.25,4,0.5068198125352481,0.08821599480681769,0.08821599480681769,0.08821599480681769,0.0,0.17775908445974115,0.03159829210796539,0.20004852665603456,0.03159829210796539,0.0,5.183623224460266,9.462030755728957,13.40731276952682,1.9153303956466885,0.20084639894303652,0.2713560530457308,0.3230116650164251,0.5639674182163823,0.6175119636477238
random,6,20270933,7,16,1.0,0.25,0.25,4,0.7485788397874648,0.08821599480681769,0.08821599480681769,0.08821599480681769,0.0,0.26009485744770927,0.0676493348707442,0.2918109973099656,0.06764933487074422,1.3877787807814457e-17,9.479572414663853,12.253834302647979,14.273577944539172,2.039082563505596,0.271607470069228,0.3088042990179256,0.33328346015311094,0.5639674182163823,0.6175119636477238
random,7,20270934,7,16,1.0,0.25,0.25,4,0.6365367576835176,0.08821599480681769,0.08821599480681769,0.08821599480681769,0.0,0.22223002402444167,0.04938618357790392,0.24971863178952258,0.04938618357790392,0.0,6.402845793134135,10.521656826305623,13.148061247752072,1.8782944639645818,0.22322038722372542,0.2861471352763131,0.31987345058336164,0.5639674182163823,0.6175119636477238
random,8,20270935,7,16,1.0,0.25,0.25,4,0.4964792866906595,0.08821599480681769,0.08821599480681769,0.08821599480681769,0.0,0.1741884755754619,0.03034162502330329,0.19605100488294824,0.030341625023303176,1.1449174941446927e-16,6.063167055085024,9.959623152612915,15.287462944794395,2.1839232778277706,0.21721864643977773,0.2783997167353836,0.34491735311611893,0.5639674182163823,0.6175119636477238
random,9,20270936,7,16,1.0,0.25,0.25,4,0.6215731503661853,0.08821599480681769,0.08821599480681769,0.08821599480681769,0.0,0.21713252580603498,0.04714653376290845,0.24403712389117227,0.04714653376290834,1.1102230246251565e-16,6.81292435965872,11.132294672655856,17.43840771150347,2.4912011016433526,0.23025767738591274,0.29433349188933644,0.3683839918535625,0.5639674182163823,0.6175119636477238
random,10,20270937,7,16,1.0,0.25,0.25,4,0.8019537245133775,0.08821599480681769,0.08821599480681769,0.08821599480681769,0.0,0.2779293551108024,0.07724472643230651,0.31156284095504705,0.07724472643230651,0.0,9.92599763603567,11.643543889348628,12.237995391076023,1.7482850558680032,0.27792935511080236,0.30101624111744435,0.30860465923930724,0.5639674182163823,0.6175119636477238
random,11,20270938,7,16,1.0,0.25,0.25,4,0.6040382929528858,0.08821599480681769,0.08821599480681769,0.08821599480681769,0.0,0.21114776838134977,0.04458338009242413,0.2373625326835196,0.04458338009242413,0.0,8.276789180204917,10.919212636795496,15.818651433586192,2.2598073476551703,0.25379220714455186,0.291502979211314,0.3508585499825466,0.5639674182163823,0.6175119636477238
random,12,20270939,7,16,1.0,0.25,0.25,4,0.7639230839380468,0.08821599480681769,0.08821599480681769,0.08821599480681769,0.0,0.26523609822909555,0.07035018780379443,0.29751010920632703,0.07035018780379441,1.3877787807814457e-17,9.751001743370212,12.809448819866274,14.629773754749944,2.089967679249992,0.27546850562519865,0.3157276065985523,0.3374163638564868,0.5639674182163823,0.6175119636477238
random,13,20270940,7,16,1.0,0.25,0.25,4,0.622388417523182,0.08821599480681769,0.08821599480681769,0.08821599480681769,0.0,0.2174104860880759,0.04726731946105344,0.24434701463872543,0.04726731946105334,9.71445146547012e-17,7.222253133158706,10.968381929319849,15.18205826649875,2.1688654666426785,0.23707386988529708,0.29215856201589646,0.3437262206560238,0.5639674182163823,0.6175119636477238
random,14,20270941,7,16,1.0,0.25,0.25,4,0.6357356524121148,0.08821599480681769,0.08821599480681769,0.08821599480681769,0.0,0.22195734904390108,0.049265064794596136,0.24941480123326798,0.049265064794596136,0.0,7.651379466560264,10.768651767075905,13.422994440110815,1.9175706343015448,0.24401538353775365,0.28948629139446735,0.32320051278633577,0.5639674182163823,0.6175119636477238
random,15,20270942,7,16,1.0,0.25,0.25,4,0.6514935252263138,0.08821599480681769,0.08821599480681769,0.08821599480681769,0.0,0.2273160773668713,0.05167259902946141,0.25538403924079467,0.05167259902946142,6.938893903907228e-18,6.639962616266567,10.663757882840336,15.360224998052642,2.194317856864663,0.22731607736687132,0.28807294600860806,0.34573721129117213,0.5639674182163823,0.6175119636477238
random,16,20270943,7,16,1.0,0.25,0.25,4,0.7192866537744086,0.08821599480681769,0.08821599480681769,0.08821599480681769,0.0,0.2502494966658038,0.06262481058148815,0.2808861215976248,0.06262481058148817,1.3877787807814457e-17,8.467585208932142,11.152503091216007,13.12889480204574,1.8755564002922487,0.2567007418815901,0.29460052207806425,0.31964021950356614,0.5639674182163823,0.6175119636477238
random,17,20270944,7,16,1.0,0.25,0.25,4,0.7160549031986858,0.08821599480681769,0.08821599480681769,0.08821599480681769,0.0,0.24916085503942226,0.06208113168397599,0.2796772299839463,0.062081131683976,6.938893903907228e-18,7.977465838753245,11.253847857120485,12.973049953012596,1.853292850430371,0.24916085503942229,0.2959360384169827,0.31773743198951077,0.5639674182163823,0.6175119636477238
random,18,20270945,7,16,1.0,0.25,0.25,4,0.7238708798892861,0.08821599480681769,0.08821599480681769,0.08821599480681769,0.0,0.2517929136364915,0.06339967135755366,0.2825997244614893,0.06339967135755364,1.3877787807814457e-17,8.22162788476999,11.309284280763523,12.579690397088351,1.7970986281554786,0.25294508455509385,0.2966640330497771,0.31288324873211626,0.5639674182163823,0.6175119636477238
random,19,20270946,7,16,1.0,0.25,0.25,4,0.82416555899592,0.08821599480681769,0.08821599480681769,0.08821599480681769,0.0,0.28530943049005686,0.08140147112656058,0.31972124984450345,0.0814014711265606,1.3877787807814457e-17,10.460142035458562,12.66561743807223,14.497927061522738,2.071132437360391,0.2853094304900569,0.3139500228941136,0.33589248799468,0.5639674182163823,0.6175119636477238
random,20,20270947,7,16,1.0,0.25,0.25,4,0.3824173317406183,0.08821599480681769,0.08821599480681769,0.08821599480681769,0.0,0.13458939169726356,0.018114304357439437,0.15163788550567325,0.018114304357439433,3.469446951953614e-18,4.1207299826721995,9.207932649039115,14.61052193707432,2.087217419582046,0.17907477527005505,0.2676876918544106,0.3371942819271686,0.5639674182163823,0.6175119636477238
random,21,20270948,7,16,1.0,0.25,0.25,4,0.7750950539354862,0.08821599480681769,0.08821599480681769,0.08821599480681769,0.0,0.26897225940456243,0.07234607632919522,0.3016490929940199,0.07234607632919521,1.3877787807814457e-17,10.665605368313091,12.437735335680145,15.11478589736217,2.1592551281945958,0.2880978991039169,0.3111128802942973,0.342963842170677,0.5639674182163823,0.6175119636477238
random,22,20270949,7,16,1.0,0.25,0.25,4,0.6716529376725484,0.08821599480681769,0.08821599480681769,0.08821599480681769,0.0,0.23415652251710348,0.05482927703730279,0.26299827104779516,0.05482927703730267,1.1796119636642288e-16,9.605009527325151,11.591470673596769,15.66918627244128,2.2384551817773257,0.2733985683075052,0.3003423720298332,0.34919704320609996,0.5639674182163823,0.6175119636477238
random,23,20270950,7,16,1.0,0.25,0.25,4,0.7307220153654403,0.08821599480681769,0.08821599480681769,0.08821599480681769,0.0,0.2540977558221256,0.06456566951384057,0.285158056320832,0.06456566951384057,0.0,8.831583333817957,12.332638059414236,14.519407163234881,2.0742010233192687,0.26216011665311667,0.30979565973788625,0.33614122473888325,0.5639674182163823,0.6175119636477238
random,24,20270951,7,16,1.0,0.25,0.25,4,0.45866586233943824,0.08821599480681769,0.08821599480681769,0.08821599480681769,0.0,0.16110259737674767,0.02595404688153447,0.18138983993836333,0.02595404688153446,6.938893903907228e-18,6.649053991766935,10.726451795741177,17.83195217103372,2.5474217387191027,0.22747164367213907,0.28891851813786473,0.3725175871490755,0.5639674182163823,0.6175119636477238
random,25,20270952,7,16,1.0,0.25,0.25,4,0.6300359011138573,0.08821599480681769,0.08821599480681769,0.08821599480681769,0.0,0.2200165529002936,0.04840728355012769,0.2472519753336937,0.048407283550127696,6.938893903907228e-18,7.218724140119169,10.258375006415822,13.874072014694153,1.9820102878134505,0.23701594237662138,0.28254434634142434,0.3285861911282602,0.5639674182163823,0.6175119636477238
random,26,20270953,7,16,1.0,0.25,0.25,4,0.6177104885149461,0.08821599480681769,0.08821599480681769,0.08821599480681769,0.0,0.21581521577368606,0.04657620735944267,0.24256835674501032,0.04657620735944268,6.938893903907228e-18,6.58313891642424,10.107718163085082,12.553065587376848,1.7932950839109782,0.2263413207724278,0.28046191683218974,0.3125519659579494,0.5639674182163823,0.6175119636477238
random,27,20270954,7,16,1.0,0.25,0.25,4,0.6798496269208585,0.08821599480681769,0.08821599480681769,0.08821599480681769,0.0,0.23693285612305917,0.05613717831063026,0.26608685029595325,0.056137178310630254,6.938893903907228e-18,8.020905428970543,11.257024795773896,15.289754820848643,2.1842506886926634,0.24983831022682798,0.2959778065441429,0.34494320692192726,0.5639674182163823,0.6175119636477238
random,28,20270955,7,16,1.0,0.25,0.25,4,0.5563732374999318,0.08821599480681769,0.08821599480681769,0.08821599480681769,0.0,0.19482004882393616,0.03795485142376087,0.2191308936983538,0.03795485142376088,6.938893903907228e-18,5.604970903979484,9.775039493540485,12.546972728750761,1.792424675535823,0.20884977764964718,0.2758078331869674,0.31247610536196097,0.5639674182163823,0.6175119636477238
random,29,20270956,7,16,1.0,0.25,0.25,4,0.7481768911007272,0.08821599480681769,0.08821599480681769,0.08821599480681769,0.0,0.2599600301005418,0.0675792172498746,0.2916614852254862,0.06757921724987459,1.3877787807814457e-17,8.683973413450362,11.604774105462383,12.51493300126126,1.7878475716087514,0.25996003010054175,0.30051467279425076,0.3120768836116047,0.5639674182163823,0.6175119636477238
random,30,20270957,7,16,1.0,0.25,0.25,4,0.729782934355783,0.08821599480681769,0.08821599480681769,0.08821599480681769,0.0,0.25378196044425744,0.06440528344693065,0.2848075759779043,0.06440528344693064,1.3877787807814457e-17,8.276120853411014,11.794850390507271,13.147304775353703,1.8781863964791006,0.25378196044425744,0.30296576366005196,0.3198642485073907,0.5639674182163823,0.6175119636477238
random,31,20270958,7,16,1.0,0.25,0.25,4,0.6165262083283147,0.08821599480681769,0.08821599480681769,0.08821599480681769,0.0,0.21541121404663302,0.046401991137044345,0.24211786150852865,0.04640199113704435,6.938893903907228e-18,6.665033337786737,10.474793304111998,14.16108985868961,2.0230128369556586,0.2277448153793882,0.2855091735895493,0.33196758212596905,0.5639674182163823,0.6175119636477238
random,32,20270959,7,16,1.0,0.25,0.25,4,0.7268106057254973,0.08821599480681769,0.08821599480681769,0.08821599480681769,0.0,0.2527821536595656,0.06389881720876822,0.2836978589422161,0.06389881720876822,0.0,8.211039612076856,10.598856964167862,11.127846308222427,1.589692329746061,0.25278215365956563,0.2871949847507827,0.2942746795106711,0.5639674182163823,0.6175119636477238
random,33,20270960,7,16,1.0,0.25,0.25,4,0.4700285154383503,0.08821599480681769,0.08821599480681769,0.08821599480681769,0.0,0.16503944709585228,0.02723801909770462,0.1858023329517211,0.027238019097704628,6.938893903907228e-18,5.8988992373710465,9.890841913909142,15.736745943660434,2.248106563380062,0.21425591721542706,0.27743673590967033,0.3499490370274334,0.5639674182163823,0.6175119636477238
random,34,20270961,7,16,1.0,0.25,0.25,4,0.6789091463699927,0.08821599480681769,0.08821599480681769,0.08821599480681769,0.0,0.23661444928225708,0.05598639760914581,0.2657326870747454,0.05598639760914581,0.0,7.866656729631365,10.69110381545746,12.991342624604533,1.855906089229219,0.2474243487522239,0.28844207383465414,0.3179613661862122,0.5639674182163823,0.6175119636477238
random,35,20270962,7,16,1.0,0.25,0.25,4,0.6869310768149632,0.08821599480681769,0.08821599480681769,0.08821599480681769,0.0,0.23932910176667935,0.05727841895244556,0.26875173790252616,0.057278418952445564,6.938893903907228e-18,7.402065767722286,11.318600567180297,14.78843323271248,2.1126333189589257,0.24000694324571697,0.29678619985006016,0.33924106539632715,0.5639674182163823,0.6175119636477238
random,36,20270963,7,16,1.0,0.25,0.25,4,0.5518384629004266,0.08821599480681769,0.08821599480681769,0.08821599480681769,0.0,0.1932623036113657,0.0373503179971717,0.21738989748242066,0.03735031799717171,6.938893903907228e-18,5.915442106319067,9.251419768769619,13.48614794990235,1.9265925642717643,0.2145561364522817,0.26831906346916323,0.323959929586408,0.5639674182163823,0.6175119636477238
random,37,20270964,7,16,1.0,0.25,0.25,4,0.7027070937957762,0.08821599480681769,0.08821599480681769,0.08821599480681769,0.0,0.24465953452769468,0.05985828783530822,0.2746768722784023,0.05985828783530822,0.0,8.434704309206456,11.500431950538344,14.190867444217416,2.027266777745345,0.2562018534102256,0.2991606114998388,0.3323164254014542,0.5639674182163823,0.6175119636477238
random,38,20270965,7,16,1.0,0.25,0.25,4,0.6495296940994275,0.08821599480681769,0.08821599480681769,0.08821599480681769,0.0,0.2266488027632033,0.05136967979399343,0.2546409484274126,0.051369679793993435,6.938893903907228e-18,7.717723068204449,10.241774700676785,12.018078943646017,1.7168684205208598,0.24507100482739666,0.28231564435103973,0.3058192805117439,0.5639674182163823,0.6175119636477238
random,39,20270966,7,16,1.0,0.25,0.25,4,0.5765874169429592,0.08821599480681769,0.08821599480681769,0.08821599480681769,0.0,0.2017547823411609,0.04070499219752921,0.22687807727244813,0.04070499219752921,0.0,5.824218974872555,10.064781972637096,13.87892732613803,1.9827039037340042,0.21289535374995727,0.27986560115214226,0.32864368141438466,0.5639674182163823,0.6175119636477238
random,40,20270967,7,16,1.0,0.25,0.25,4,0.8793434058096281,0.08821599480681769,0.08821599480681769,0.08821599480681769,0.0,0.30353151504346765,0.09213138062458283,0.33982509984890097,0.09213138062458281,1.3877787807814457e-17,11.838942391565475,13.59197179206771,14.446588093896164,2.0637982991280235,0.30353151504346765,0.32522847915104164,0.33529724197423827,0.5639674182163823,0.6175119636477238
random,41,20270968,7,16,1.0,0.25,0.25,4,0.691254350451019,0.08821599480681769,0.08821599480681769,0.08821599480681769,0.0,0.24079094996945363,0.05798028158719192,0.2703770796513205,0.05798028158719193,6.938893903907228e-18,8.767206493602416,10.937847103877743,14.85103400845206,2.121576286921723,0.26120287559368094,0.2917516091856106,0.3399583262004288,0.5639674182163823,0.6175119636477238
random,42,20270969,7,16,1.0,0.25,0.25,4,0.6179004154275133,0.08821599480681769,0.08821599480681769,0.08821599480681769,0.0,0.21588000169391391,0.04660417513136427,0.24264059648767322,0.04660417513136428,6.938893903907228e-18,6.556327664283159,10.40773514800757,14.369825736800017,2.052832248114288,0.22587993861679034,0.28459381140992596,0.334405249769377,0.5639674182163823,0.6175119636477238
random,43,20270970,7,16,1.0,0.25,0.25,4,0.6732014292673855,0.08821599480681769,0.08821599480681769,0.08821599480681769,0.0,0.23468123968575605,0.05507528426044328,0.26358208258849536,0.05507528426044328,0.0,7.077209883735346,10.44635810729531,11.105753655845186,1.5865362365493123,0.23468123968575602,0.2851213842323613,0.2939824154882627,0.5639674182163823,0.6175119636477238
random,44,20270971,7,16,1.0,0.25,0.25,4,0.6434921171573635,0.08821599480681769,0.08821599480681769,0.08821599480681769,0.0,0.22459634173275375,0.050443516719735904,0.2523549180681568,0.05044351671973591,6.938893903907228e-18,6.994688644508338,10.717798425954593,13.062838409970105,1.8661197728528722,0.23330902014696622,0.2888019547458838,0.3188350906077463,0.5639674182163823,0.6175119636477238
random,45,20270972,7,16,1.0,0.25,0.25,4,0.5167351415827485,0.08821599480681769,0.08821599480681769,0.08821599480681769,0.0,0.18117957327743403,0.03282603777299309,0.2038767581083778,0.03282603777299309,0.0,6.302569194171886,10.757701128227836,16.687448052413085,2.3839211503447264,0.22146553363476876,0.28933906469351317,0.3603647471976938,0.5639674182163823,0.6175119636477238
random,46,20270973,7,16,1.0,0.25,0.25,4,0.7534714402432181,0.08821599480681769,0.08821599480681769,0.08821599480681769,0.0,0.2617353898454236,0.06850541429753587,0.2936299854148954,0.06850541429753587,0.0,10.703789865286872,13.575733209268764,17.49099480249762,2.498713543213946,0.2886131555924681,0.32503414281732307,0.36893902130676864,0.5639674182163823,0.6175119636477238
random,47,20270974,7,16,1.0,0.25,0.25,4,0.7797538926966087,0.08821599480681769,0.08821599480681769,0.08821599480681769,0.0,0.2705284874089962,0.07318566249979942,0.30337245820542225,0.07318566249979941,1.3877787807814457e-17,9.831277802719857,12.272059731618182,15.300389468337642,2.1857699240482344,0.27660009190429313,0.30903385980411935,0.345063147097634,0.5639674182163823,0.6175119636477238
random,48,20270975,7,16,1.0,0.25,0.25,4,0.5559654357027909,0.08821599480681769,0.08821599480681769,0.08821599480681769,0.0,0.19467999452583445,0.037900300268578935,0.2189743747327082,0.03790030026857894,6.938893903907228e-18,6.177606377845977,9.988133416845946,15.222793723944022,2.174684817706289,0.21925901175621226,0.2787979033544192,0.34418704306134174,0.5639674182163823,0.6175119636477238
random,49,20270976,7,16,1.0,0.25,0.25,4,0.6247915655378123,0.08821599480681769,0.08821599480681769,0.08821599480681769,0.0,0.2182296701094766,0.047624188916090986,0.2452602450193362,0.04762418891609099,6.938893903907228e-18,6.571057262239259,9.831904930550259,11.256001965713144,1.6080002808161635,0.22613352982302543,0.27660891379158103,0.2959643597462371,0.5639674182163823,0.6175119636477238
aligned,0,20270927,8,16,1.0,0.25,0.25,4,2.0,0.08821599480681769,0.08821599480681769,0.08821599480681769,0.0,0.6272713450233213,0.3934693402873666,0.6826894921370859,0.3934693402873666,0.0,50.561066391601116,50.56106639160112,51.09245647723975,6.386557059654969,0.6272713450233213,0.6272713450233213,0.6305589986208276,0.6272713450233213,0.7057279584545415
alternating,0,20270927,8,16,1.0,0.25,0.25,4,0.0,0.08821599480681769,0.08821599480681769,0.08821599480681769,0.0,0.0,0.0,0.0,-1.7645412808326664e-15,1.7645412808326664e-15,16.0,32.0,64.00000000000023,8.000000000000028,0.35286397922727075,0.49902502509614444,0.7057279584545427,0.6272713450233213,0.7057279584545415
orthogonal,0,20270927,8,16,1.0,0.25,0.25,4,0.7071067811865476,0.08821599480681769,0.08821599480681769,0.08821599480681769,0.0,0.24614413904564983,0.0605869371865242,0.2763263901682369,0.0605869371865242,0.0,7.7854608730488,8.0,8.031244997309894,1.0039056246637368,0.24614413904564983,0.24951251254807222,0.24999928883134048,0.6272713450233213,0.7057279584545415
clustered,0,20270927,8,16,1.0,0.25,0.25,4,1.4142135623730951,0.08821599480681769,0.08821599480681769,0.08821599480681769,0.0,0.47031820816187325,0.22119921692859515,0.5204998778130467,0.22119921692859515,0.0,28.424243385084843,30.1984490344281,32.019789447058244,4.0024736808822805,0.47031820816187325,0.48477437517963873,0.4991793048304491,0.6272713450233213,0.7057279584545415
random,0,20270927,8,16,1.0,0.25,0.25,4,0.8171946884981832,0.08821599480681769,0.08821599480681769,0.08821599480681769,0.0,0.28299600520411256,0.0800867389614861,0.3171648200548314,0.0800867389614861,0.0,10.653449183558035,14.874577644281299,19.56763838603638,2.4459547982545473,0.2879336716811824,0.34022769079044496,0.39022630616267284,0.6272713450233213,0.7057279584545415
random,1,20270928,8,16,1.0,0.25,0.25,4,0.8808211321555692,0.08821599480681769,0.08821599480681769,0.08821599480681769,0.0,0.30401728263412137,0.09242650814023523,0.3403602264097214,0.09242650814023523,0.0,11.876866469466924,15.54050322537244,18.036706581666962,2.2545883227083703,0.30401728263412137,0.3477601983648116,0.3746501891103279,0.6272713450233213,0.7057279584545415
random,2,20270929,8,16,1.0,0.25,0.25,4,0.5708756981349077,0.08821599480681769,0.08821599480681769,0.08821599480681769,0.0,0.19979682017138037,0.03991876935059491,0.22469128629315405,0.03991876935059491,0.0,6.813043916543602,12.722101173704896,17.72412960821421,2.215516201026776,0.2302596977202364,0.31464929174113826,0.3713896483406193,0.6272713450233213,0.7057279584545415
random,3,20270930,8,16,1.0,0.25,0.25,4,0.7755078924951984,0.08821599480681769,0.08821599480681769,0.08821599480681769,0.0,0.26911020589075835,0.07242030291456635,0.3018018703296115,0.07242030291456636,1.3877787807814457e-17,10.029100738844237,14.161697242335073,17.28115651663049,2.160144564578811,0.27936907692857355,0.33197470126440465,0.3667192753957904,0.6272713450233213,0.7057279584545415
random,4,20270931,8,16,1.0,0.25,0.25,4,0.7331567994735099,0.08821599480681769,0.08821599480681769,0.08821599480681769,0.0,0.25491633812709374,0.06498233944412679,0.2860664772693846,0.0649823394441268,1.3877787807814457e-17,8.541086157547687,12.676292092350423,15.270059012333771,1.9087573765417214,0.25781245082931037,0.3140822944609548,0.3447209625243384,0.6272713450233213,0.7057279584545415
random,5,20270932,8,16,1.0,0.25,0.25,4,0.6132557551313557,0.08821599480681769,0.08821599480681769,0.08821599480681769,0.0,0.21429525388973356,0.045922455839665366,0.2408733680722439,0.04592245583966536,6.938893903907228e-18,7.601657920626035,12.132735626923836,16.102137191974258,2.012767148996782,0.2432212393332883,0.3072746291525944,0.35398845428908104,0.6272713450233213,0.7057279584545415
random,6,20270933,8,16,1.0,0.25,0.25,4,0.7969892848959818,0.08821599480681769,0.08821599480681769,0.08821599480681769,0.0,0.27627646430955893,0.076328684731391,0.30973439328382857,0.07632868473139098,1.3877787807814457e-17,9.905634179297419,14.30299707837532,16.70289287764556,2.087861609705695,0.2776441188909547,0.333626747020489,0.3605314738082885,0.6272713450233213,0.7057279584545415
random,7,20270934,8,16,1.0,0.25,0.25,4,0.7690947047140055,0.08821599480681769,0.08821599480681769,0.08821599480681769,0.0,0.2669663576008037,0.07127103609064021,0.29942719339347157,0.07127103609064023,1.3877787807814457e-17,9.56938853339671,13.943031094038941,16.57005944063102,2.0712574300788775,0.27289113649697555,0.32940177414998156,0.35909500915276643,0.6272713450233213,0.7057279584545415
random,8,20270935,8,16,1.0,0.25,0.25,4,0.4595248493257834,0.08821599480681769,0.08821599480681769,0.08821599480681769,0.0,0.16140034879869905,0.026050072592341714,0.1817236156226416,0.0260500725923416,1.1449174941446927e-16,6.063167055085024,11.351351886362398,17.826965142876926,2.2283706428596157,0.21721864643977773,0.2972152775504204,0.3724654928639095,0.6272713450233213,0.7057279584545415
random,9,20270936,8,16,1.0,0.25,0.25,4,0.5814085600539048,0.08821599480681769,0.08821599480681769,0.08821599480681769,0.0,0.20340651512546482,0.041374210395485944,0.22872250207919365,0.04137421039548583,1.1102230246251565e-16,7.20324159959557,12.132294672655856,19.933064951389632,2.491633118923704,0.23676163298650185,0.3072690452803969,0.3938531986848529,0.6272713450233213,0.7057279584545415
random,10,20270937,8,16,1.0,0.25,0.25,4,0.8739752320492842,0.08821599480681769,0.08821599480681769,0.08821599480681769,0.0,0.3017658547629448,0.09106263110081071,0.3378796707912939,0.0910626311008107,1.3877787807814457e-17,12.058790804484907,14.911167041284937,17.07809765702375,2.134762207127969,0.30633683184904376,0.3406458902248806,0.3645583771696234,0.6272713450233213,0.7057279584545415
random,11,20270938,8,16,1.0,0.25,0.25,4,0.7053192734367051,0.08821599480681769,0.08821599480681769,0.08821599480681769,0.0,0.2455410774918676,0.06029042073586733,0.2756563772837324,0.06029042073586732,6.938893903907228e-18,10.860544252690639,13.518443333350376,18.926123907360328,2.365765488420041,0.29071880899211877,0.32434759232269955,0.3837763212358982,0.6272713450233213,0.7057279584545415
random,12,20270939,8,16,1.0,0.25,0.25,4,0.8982613327502309,0.08821599480681769,0.08821599480681769,0.08821599480681769,0.0,0.30974128600749307,0.09593966425757562,0.3466626004556115,0.09593966425757561,1.3877787807814457e-17,13.332224086488296,16.897966873577758,18.992023632177265,2.374002954022158,0.3221058691941524,0.362630695731266,0.3844438846808695,0.6272713450233213,0.7057279584545415
random,13,20270940,8,16,1.0,0.25,0.25,4,0.6705340142083557,0.08821599480681769,0.08821599480681769,0.08821599480681769,0.0,0.23377730360196103,0.054651827679403464,0.26257632056917735,0.05465182767940347,6.938893903907228e-18,8.801106531036153,13.254664952662793,18.495597250921804,2.3119496563652255,0.261707383164284,0.321167590210171,0.37938618809907115,0.6272713450233213,0.7057279584545415
random,14,20270941,8,16,1.0,0.25,0.25,4,0.619268349025832,0.08821599480681769,0.08821599480681769,0.08821599480681769,0.0,0.21634657492584075,0.046805840482142425,0.2431608348924268,0.046805840482142425,0.0,7.651379466560264,12.726232756801334,16.689783212316687,2.086222901539586,0.24401538353775365,0.31470037977088516,0.36038996015621716,0.6272713450233213,0.7057279584545415
random,15,20270942,8,16,1.0,0.25,0.25,4,0.7366337087785231,0.08821599480681769,0.08821599480681769,0.08821599480681769,0.0,0.2560848094220535,0.06557942961672948,0.2873630134694394,0.06557942961672947,1.3877787807814457e-17,8.426999400647466,13.289377748973575,17.71503747313353,2.2143796841416914,0.2560848094220535,0.32158786999117117,0.37129437827420014,0.6272713450233213,0.7057279584545415
random,16,20270943,8,16,1.0,0.25,0.25,4,0.7183370591020624,0.08821599480681769,0.08821599480681769,0.08821599480681769,0.0,0.24992966723605275,0.06246483856472406,0.280530982200323,0.06246483856472407,6.938893903907228e-18,8.467585208932142,12.515778206855986,15.045405534289381,1.8806756917861727,0.2567007418815901,0.31208742160947783,0.342175795122206,0.6272713450233213,0.7057279584545415
random,17,20270944,8,16,1.0,0.25,0.25,4,0.7922043477575973,0.08821599480681769,0.08821599480681769,0.08821599480681769,0.0,0.27468217201282635,0.07545029562168393,0.3079703453316758,0.07545029562168393,0.0,9.695412108622632,13.983518872849213,14.96534231642225,1.8706677895527812,0.27468217201282635,0.32987968595771794,0.34126414675876554,0.6272713450233213,0.7057279584545415
random,18,20270945,8,16,1.0,0.25,0.25,4,0.8030558885305111,0.08821599480681769,0.08821599480681769,0.08821599480681769,0.0,0.27829614850181733,0.07744874627094557,0.3119685314434886,0.07744874627094556,1.3877787807814457e-17,10.019306800607685,14.31201858638311,14.874543002214892,1.8593178752768615,0.279232634396288,0.3337319467173853,0.34022729460450274,0.6272713450233213,0.7057279584545415
random,19,20270946,8,16,1.0,0.25,0.25,4,0.8804059116761029,0.08821599480681769,0.08821599480681769,0.08821599480681769,0.0,0.30388080075207075,0.09234354106571972,0.340209880891736,0.09234354106571974,1.3877787807814457e-17,11.866205146376714,15.030285900314013,16.60602236306931,2.075752795383664,0.3038808007520708,0.3420038199237474,0.35948447988916327,0.6272713450233213,0.7057279584545415
random,20,20270947,8,16,1.0,0.25,0.25,4,0.4659182353782468,0.08821599480681769,0.08821599480681769,0.08821599480681769,0.0,0.1636157978116055,0.026770129293528174,0.18420684824287115,0.026770129293528174,0.0,6.459014514029977,12.112983284148896,19.840951190738462,2.4801188988423077,0.2241973454931269,0.30702440256416913,0.3929421167828942,0.6272713450233213,0.7057279584545415
random,21,20270948,8,16,1.0,0.25,0.25,4,0.8326127418802058,0.08821599480681769,0.08821599480681769,0.08821599480681769,0.0,0.2881094447895794,0.0830070521769597,0.32281416875813385,0.0830070521769597,0.0,11.712697302757114,14.948396067931503,17.29014037357041,2.161267546696301,0.30190881661378344,0.3410708740291027,0.36681458514647586,0.6272713450233213,0.7057279584545415
random,22,20270949,8,16,1.0,0.25,0.25,4,0.6823115410683038,0.08821599480681769,0.08821599480681769,0.08821599480681769,0.0,0.23776617443329334,0.05653275370464328,0.2670136820007116,0.05653275370464317,1.1102230246251565e-16,9.605009527325151,13.328635271282725,18.351398863601307,2.2939248579501634,0.2733985683075052,0.32206251347807946,0.37790437807392807,0.6272713450233213,0.7057279584545415
random,23,20270950,8,16,1.0,0.25,0.25,4,0.8028989679240709,0.08821599480681769,0.08821599480681769,0.08821599480681769,0.0,0.2782439300222175,0.07741968459420866,0.3119107767361302,0.07741968459420867,1.3877787807814457e-17,10.190053328732974,15.161537750963015,17.796038522782442,2.2245048153478053,0.28160188943899345,0.34349384688469004,0.3721422718630306,0.6272713450233213,0.7057279584545415
random,24,20270951,8,16,1.0,0.25,0.25,4,0.5726958636741944,0.08821599480681769,0.08821599480681769,0.08821599480681769,0.0,0.20042089895289886,0.0401685367370881,0.22538834999038215,0.04016853673708809,6.938893903907228e-18,8.285538636218718,13.358823293054899,20.379944328522164,2.5474930410652705,0.2539263145367014,0.3224270268402608,0.39824362520617895,0.6272713450233213,0.7057279584545415
random,25,20270952,8,16,1.0,0.25,0.25,4,0.6239428180522034,0.08821599480681769,0.08821599480681769,0.08821599480681769,0.0,0.21794037581281286,0.04749800740943011,0.24493774800521506,0.04749800740943012,6.938893903907228e-18,7.538141213663743,12.148334411055433,17.293926548587073,2.161740818573384,0.24220297340811928,0.30747209372891326,0.36685474526564105,0.6272713450233213,0.7057279584545415
random,26,20270953,8,16,1.0,0.25,0.25,4,0.5807636237581382,0.08821599480681769,0.08821599480681769,0.08821599480681769,0.0,0.20318560897893598,0.04128439169614107,0.22847584343395022,0.041284391696141065,6.938893903907228e-18,6.58313891642424,11.93674013421983,15.70624067730544,1.96328008466318,0.2263413207724278,0.3047826253183206,0.34960968901085343,0.6272713450233213,0.7057279584545415
random,27,20270954,8,16,1.0,0.25,0.25,4,0.6680170534950391,0.08821599480681769,0.08821599480681769,0.08821599480681769,0.0,0.23292407471298357,0.05425362458089955,0.2616268755940572,0.05425362458089956,6.938893903907228e-18,8.025404646166189,12.954542015938758,17.62885216963232,2.20360652120404,0.2499083720946416,0.3175107018327175,0.3703900862403296,0.6272713450233213,0.7057279584545415
random,28,20270955,8,16,1.0,0.25,0.25,4,0.5708022267915042,0.08821599480681769,0.08821599480681769,0.08821599480681769,0.0,0.1997716265459276,0.03990870277280556,0.22466314537241372,0.03990870277280557,6.938893903907228e-18,6.477629195460848,11.624191252670483,14.80014656906413,1.8500183211330163,0.22452017799370608,0.30076597879916367,0.33937538855653954,0.6272713450233213,0.7057279584545415
random,29,20270956,8,16,1.0,0.25,0.25,4,0.8254517188088972,0.08821599480681769,0.08821599480681769,0.08821599480681769,0.0,0.2857359959092994,0.08164505935827915,0.32019252351166116,0.08164505935827915,0.0,10.491443281820322,14.31132405112699,14.843889828268148,1.8554862285335185,0.2857359959092994,0.33372384892831997,0.3398765468544807,0.6272713450233213,0.7057279584545415
random,30,20270957,8,16,1.0,0.25,0.25,4,0.8444719316333658,0.08821599480681769,0.08821599480681769,0.08821599480681769,0.0,0.2920341835135284,0.08528396434041317,0.3271472079020914,0.08528396434041319,1.3877787807814457e-17,10.9590449411009,15.05658049969043,15.727645617664702,1.9659557022080878,0.29203418351352844,0.3423028469618745,0.3498478372345286,0.6272713450233213,0.7057279584545415
random,31,20270958,8,16,1.0,0.25,0.25,4,0.6836904166953404,0.08821599480681769,0.08821599480681769,0.08821599480681769,0.0,0.23823278667431952,0.05675486064661183,0.2675326145127954,0.056754860646611845,1.3877787807814457e-17,7.539857404576009,13.123930930110813,18.26605264962792,2.28325658120349,0.24223054273020692,0.31957978779394375,0.3770246006045852,0.6272713450233213,0.7057279584545415
random,32,20270959,8,16,1.0,0.25,0.25,4,0.7322156753700921,0.08821599480681769,0.08821599480681769,0.08821599480681769,0.0,0.2545999617089722,0.0648211405022101,0.28571539069841534,0.0648211405022101,0.0,8.329558755754421,12.109425455706583,13.00046170778555,1.6250577134731938,0.2545999617089722,0.3069793096110672,0.3180729407782548,0.6272713450233213,0.7057279584545415
random,33,20270960,8,16,1.0,0.25,0.25,4,0.5754614983426981,0.08821599480681769,0.08821599480681769,0.08821599480681769,0.0,0.20136891591785366,0.040549440297931616,0.22644714952025424,0.040549440297931616,0.0,8.384796726862675,12.632565995453481,18.89121420005094,2.3614017750063674,0.25544276424231205,0.3135401226448815,0.3834222153758971,0.6272713450233213,0.7057279584545415
random,34,20270961,8,16,1.0,0.25,0.25,4,0.8316875607393842,0.08821599480681769,0.08821599480681769,0.08821599480681769,0.0,0.2878029522973925,0.08283053935109519,0.32247567969860347,0.08283053935109519,0.0,10.73159020132554,14.461082211941328,16.18118828209993,2.0226485352624914,0.2889877116980601,0.33546539999979386,0.3548563177314529,0.6272713450233213,0.7057279584545415
random,35,20270962,8,16,1.0,0.25,0.25,4,0.7416540321383964,0.08821599480681769,0.08821599480681769,0.08821599480681769,0.0,0.2577709756666966,0.06644587589616069,0.28923362215538373,0.06644587589616069,0.0,9.725039029700104,14.326299145191841,19.444996241077227,2.4306245301346534,0.27510153425720424,0.33389840438388363,0.38900149264160383,0.6272713450233213,0.7057279584545415
random,36,20270963,8,16,1.0,0.25,0.25,4,0.6104614040833515,0.08821599480681769,0.08821599480681769,0.08821599480681769,0.0,0.21334141817344718,0.045514560708257656,0.23980954943320887,0.04551456070825766,6.938893903907228e-18,6.761167252919137,11.298111360007312,15.761266596923173,1.9701583246153966,0.22938138763865842,0.2965174533585182,0.35022157237100304,0.6272713450233213,0.7057279584545415
random,37,20270964,8,16,1.0,0.25,0.25,4,0.7573613543107597,0.08821599480681769,0.08821599480681769,0.08821599480681769,0.0,0.2630389008318889,0.06918946335084829,0.29507499601432574,0.0691894633508483,1.3877787807814457e-17,10.042591932093385,14.282790194023777,16.271529672390862,2.033941209048858,0.2795569180734598,0.33339099433830177,0.35584554024298987,0.6272713450233213,0.7057279584545415
random,38,20270965,8,16,1.0,0.25,0.25,4,0.6313280729554646,0.08821599480681769,0.08821599480681769,0.08821599480681769,0.0,0.2204566596973262,0.04860113880490269,0.24774247331326382,0.04860113880490269,0.0,8.20019881341741,12.200180177379846,14.548942733777395,1.8186178417221743,0.2526152280530454,0.30812749857246297,0.33648294251334226,0.6272713450233213,0.7057279584545415
random,39,20270966,8,16,1.0,0.25,0.25,4,0.7013561537018226,0.08821599480681769,0.08821599480681769,0.08821599480681769,0.0,0.24420350771519625,0.059635353180405914,0.2741701255166886,0.059635353180405914,0.0,8.201166291830122,12.755575103764645,15.929629638113363,1.9912037047641704,0.2526301296778192,0.31506296669649575,0.35208715019899967,0.6272713450233213,0.7057279584545415
random,40,20270967,8,16,1.0,0.25,0.25,4,0.9913402873259574,0.08821599480681769,0.08821599480681769,0.08821599480681769,0.0,0.3399981995384404,0.11559877568938114,0.37987284493481455,0.11559877568938116,2.7755575615628914e-17,14.854517935628515,17.01242583935087,16.517546522107324,2.0646933152634155,0.33999819953844046,0.3638567688319911,0.3585255455673127,0.6272713450233213,0.7057279584545415
random,41,20270968,8,16,1.0,0.25,0.25,4,0.7587463483414992,0.08821599480681769,0.08821599480681769,0.08821599480681769,0.0,0.263502838314463,0.06943374579977801,0.29558923178246865,0.06943374579977801,0.0,10.290030881619652,13.484555247672606,16.993914997508064,2.124239374688508,0.2829799562244029,0.3239407993299787,0.36365876273064207,0.6272713450233213,0.7057279584545415
random,42,20270969,8,16,1.0,0.25,0.25,4,0.6890897210886182,0.08821599480681769,0.08821599480681769,0.08821599480681769,0.0,0.2400591163930079,0.05762837936339171,0.26956343504058844,0.05762837936339171,0.0,9.22325862182621,13.177128107810805,18.054058366202533,2.2567572957753166,0.26791037314145355,0.3202268328664296,0.3748303574404763,0.6272713450233213,0.7057279584545415
random,43,20270970,8,16,1.0,0.25,0.25,4,0.6750978423659135,0.08821599480681769,0.08821599480681769,0.08821599480681769,0.0,0.2353237123175367,0.05537724957890678,0.2642968600525817,0.05537724957890677,6.938893903907228e-18,7.116012623749709,12.416186451564284,14.239661667010694,1.7799577083763367,0.23532371231753668,0.3108432555781149,0.332887257560155,0.6272713450233213,0.7057279584545415
random,44,20270971,8,16,1.0,0.25,0.25,4,0.6489963677578239,0.08821599480681769,0.08821599480681769,0.08821599480681769,0.0,0.22646756037691282,0.05128755590307065,0.25443910300604333,0.05128755590307066,6.938893903907228e-18,6.994688644508338,12.490486411730515,14.933826898864288,1.866728362358036,0.23330902014696622,0.3117719301279002,0.340904624400723,0.6272713450233213,0.7057279584545415
random,45,20270972,8,16,1.0,0.25,0.25,4,0.5703596919025775,0.08821599480681769,0.08821599480681769,0.08821599480681769,0.0,0.19961987531588835,0.03984809462113081,0.22449363986093385,0.039848094621130814,6.938893903907228e-18,6.675023237748592,13.106957429972828,20.128257226860423,2.516032153357553,0.2279154293821916,0.3193730607618754,0.3957768821610574,0.6272713450233213,0.7057279584545415
random,46,20270973,8,16,1.0,0.25,0.25,4,0.7271759539113777,0.08821599480681769,0.08821599480681769,0.08821599480681769,0.0,0.2529050683397975,0.06396097359195763,0.2838342938172469,0.06396097359195763,0.0,10.703789865286872,15.58165291998024,21.883024255223546,2.7353780319029433,0.2886131555924681,0.3482203110542852,0.412668203047846,0.6272713450233213,0.7057279584545415
random,47,20270974,8,16,1.0,0.25,0.25,4,0.7796204535595112,0.08821599480681769,0.08821599480681769,0.08821599480681769,0.0,0.27048392847599856,0.0731615555638091,0.3033231190532468,0.0731615555638091,0.0,10.158519283629992,13.666887579344158,17.543310387276012,2.1929137984095015,0.2811658305159349,0.3261235393723785,0.36949035786268253,0.6272713450233213,0.7057279584545415
random,48,20270975,8,16,1.0,0.25,0.25,4,0.6542533980687617,0.08821599480681769,0.08821599480681769,0.08821599480681769,0.0,0.22825356125089927,0.05209968822371802,0.2564279411552577,0.05209968822371802,0.0,7.342060272296533,12.949489734531568,18.355717106693078,2.2944646383366347,0.2390321449847801,0.3174487810851815,0.3779488375452289,0.6272713450233213,0.7057279584545415
random,49,20270976,8,16,1.0,0.25,0.25,4,0.7013294034927766,0.08821599480681769,0.08821599480681769,0.08821599480681769,0.0,0.24419447702451383,0.05963094260927581,0.2741600901196861,0.05963094260927582,6.938893903907228e-18,8.388788535932063,12.256546569555793,13.745841372735734,1.7182301715919668,0.2555035622224957,0.3088384725394227,0.32706419282386834,0.6272713450233213,0.7057279584545415
aligned,0,20270927,9,16,1.0,0.25,0.25,4,2.25,0.08821599480681769,0.08821599480681769,0.08821599480681769,0.0,0.6847656598900493,0.46890400896465473,0.7394109657263823,0.4689040089646548,5.551115123125783e-17,60.25447042769512,60.254470427695125,61.25946016609073,6.806606685121192,0.6847656598900493,0.6847656598900493,0.6904526784339903,0.6847656598900493,0.7939439532613592
alternating,0,20270927,9,16,1.0,0.25,0.25,4,0.25,0.08821599480681769,0.08821599480681769,0.08821599480681769,0.0,0.08821599480681769,0.007782061739756485,0.09947644966022584,0.00778206173975428,2.204833537966522e-15,25.0,41.0,81.00000000000028,9.000000000000032,0.44107997403408844,0.5648579744767847,0.7939439532613606,0.6847656598900493,0.7939439532613592
orthogonal,0,20270927,9,16,1.0,0.25,0.25,4,0.75,0.08821599480681769,0.08821599480681769,0.08821599480681769,0.0,0.260571501973014,0.06789750764047243,0.2923395333454475,0.06789750764047242,1.3877787807814457e-17,8.724873935862279,9.0,9.035151788661274,1.003905754295697,0.26057150197301393,0.26464798442045306,0.2651643057567011,0.6847656598900493,0.7939439532613592
clustered,0,20270927,9,16,1.0,0.25,0.25,4,1.4361406616345072,0.08821599480681769,0.08821599480681769,0.08821599480681769,0.0,0.47671783342500146,0.22725989270542743,0.527286077264941,0.22725989270542749,5.551115123125783e-17,29.203044168156243,31.1984490344281,36.02227265536918,4.002474739485464,0.47671783342500146,0.4927354833686789,0.5294596772280442,0.6847656598900493,0.7939439532613592
random,0,20270927,9,16,1.0,0.25,0.25,4,0.8915143894312049,0.08821599480681769,0.08821599480681769,0.08821599480681769,0.0,0.3075288759165161,0.09457400952247597,0.3442273548583339,0.09457400952247597,0.0,12.654412033317593,17.63172329125985,22.04972917766306,2.449969908629229,0.3138111147228455,0.37042024678854496,0.4142370743976014,0.6847656598900493,0.7939439532613592
random,1,20270928,9,16,1.0,0.25,0.25,4,1.0036590226062319,0.08821599480681769,0.08821599480681769,0.08821599480681769,0.0,0.3439643482780126,0.11831147288631794,0.3842125477980334,0.11831147288631794,0.0,15.469325942950634,19.886010796839045,24.357815560626864,2.7064239511807626,0.34696289363627714,0.3933880574934444,0.4353780248685038,0.6847656598900493,0.7939439532613592
random,2,20270929,9,16,1.0,0.25,0.25,4,0.7112402117541882,0.08821599480681769,0.08821599480681769,0.08821599480681769,0.0,0.24753810804183896,0.06127511493293314,0.2778749155914908,0.06127511493293314,0.0,10.259677461919825,16.581815683232072,23.248372018262238,2.5831524464735818,0.2825622824062833,0.35922237319545447,0.4253472303835348,0.6847656598900493,0.7939439532613592
random,3,20270930,9,16,1.0,0.25,0.25,4,0.8270467868299237,0.08821599480681769,0.08821599480681769,0.08821599480681769,0.0,0.2862648947491376,0.08194758996573481,0.3207768133317854,0.08194758996573481,0.0,10.88683124923874,16.846337404605137,22.052593283609202,2.450288142623245,0.29107042606882294,0.3620762872260571,0.41426397677662735,0.6847656598900493,0.7939439532613592
random,4,20270931,9,16,1.0,0.25,0.25,4,0.7738847276869497,0.08821599480681769,0.08821599480681769,0.08821599480681769,0.0,0.2685677913178693,0.07212865853335859,0.3012011225042972,0.0721286585333586,1.3877787807814457e-17,10.426662812215442,15.193722916333904,19.27020163378773,2.1411335148653037,0.28485247716016715,0.3438582408372139,0.3872491431258337,0.6847656598900493,0.7939439532613592
random,5,20270932,9,16,1.0,0.25,0.25,4,0.6443319091697868,0.08821599480681769,0.08821599480681769,0.08821599480681769,0.0,0.2248819172905806,0.050571876724287534,0.25267302509292855,0.050571876724287534,0.0,8.509376922654855,15.044879475276748,21.305968512364096,2.367329834707122,0.25733343463094555,0.3421698130224214,0.4071908181535102,0.6847656598900493,0.7939439532613592
random,6,20270933,9,16,1.0,0.25,0.25,4,0.7948078268292116,0.08821599480681769,0.08821599480681769,0.08821599480681769,0.0,0.27554976630441586,0.0759276737104182,0.3089303698773018,0.07592767371041821,1.3877787807814457e-17,10.725907409682534,17.09135335598277,22.105959397418992,2.4562177108243324,0.2889111864865413,0.36469983141242623,0.4147649223925098,0.6847656598900493,0.7939439532613592
random,7,20270934,9,16,1.0,0.25,0.25,4,0.7751317010784486,0.08821599480681769,0.08821599480681769,0.08821599480681769,0.0,0.26898450507125105,0.07235266396842588,0.3016626553341548,0.07235266396842588,0.0,9.56938853339671,16.24849870111821,21.11654088117037,2.346282320130041,0.27289113649697555,0.35559361646471516,0.4053766456856631,0.6847656598900493,0.7939439532613592
random,8,20270935,9,16,1.0,0.25,0.25,4,0.5039247229978943,0.08821599480681769,0.08821599480681769,0.08821599480681769,0.0,0.1767597541194245,0.0312440106763594,0.19892984345220022,0.03124401067635929,1.1102230246251565e-16,6.895005140309752,13.039806577658224,20.503230695006653,2.278136743889628,0.2316405743772641,0.31855388847386407,0.3994463757915599,0.6847656598900493,0.7939439532613592
random,9,20270936,9,16,1.0,0.25,0.25,4,0.6322923512051642,0.08821599480681769,0.08821599480681769,0.08821599480681769,0.0,0.2207850437227011,0.04874603553163504,0.24810844037488988,0.048746035531634924,1.1796119636642288e-16,7.645037196841331,14.292388779145412,23.12914593408542,2.569905103787269,0.2439142297377381,0.33350300131769794,0.4242551610138531,0.6847656598900493,0.7939439532613592
random,10,20270937,9,16,1.0,0.25,0.25,4,0.8917735745166746,0.08821599480681769,0.08821599480681769,0.08821599480681769,0.0,0.30761391253314985,0.09462631918395237,0.3443209731009844,0.09462631918395237,0.0,12.637655191734833,16.66402742390743,19.727629236735893,2.191958804081766,0.3136032731778075,0.36011177465592936,0.3918183618710382,0.6847656598900493,0.7939439532613592
random,11,20270938,9,16,1.0,0.25,0.25,4,0.7757782421355423,0.08821599480681769,0.08821599480681769,0.08821599480681769,0.0,0.26920053641361474,0.07246892880537792,0.30190191079726425,0.07246892880537792,0.0,12.16766314662844,16.49850308598146,21.35197970448281,2.372442189386979,0.3077165998701113,0.3583188100402638,0.40763025442956596,0.6847656598900493,0.7939439532613592
random,12,20270939,9,16,1.0,0.25,0.25,4,0.8006796025937629,0.08821599480681769,0.08821599480681769,0.08821599480681769,0.0,0.27750525909602025,0.07700916882594933,0.31109374355024544,0.07700916882594933,0.0,13.332224086488296,18.437576058268583,25.33123285813457,2.8145814286816186,0.3221058691941524,0.37879064827012576,0.443992362598898,0.6847656598900493,0.7939439532613592
random,13,20270940,9,16,1.0,0.25,0.25,4,0.7128582958023213,0.08821599480681769,0.08821599480681769,0.08821599480681769,0.0,0.24808358523761168,0.061545465264347336,0.2784807960585083,0.06154546526434735,1.3877787807814457e-17,10.216731451483161,15.559151984986677,21.2152317516335,2.357247972403722,0.28197027313877226,0.3479687936660714,0.40632283139697434,0.6847656598900493,0.7939439532613592
random,14,20270941,9,16,1.0,0.25,0.25,4,0.6769459585254465,0.08821599480681769,0.08821599480681769,0.08821599480681769,0.0,0.2359496739324514,0.055672248628830134,0.26499321383632357,0.055672248628830134,0.0,8.955231189475011,15.155936330107536,18.89567381586594,2.0995193128739933,0.2639889429697529,0.34343038922715496,0.3834674696103553,0.6847656598900493,0.7939439532613592
random,15,20270942,9,16,1.0,0.25,0.25,4,0.8281439998308663,0.08821599480681769,0.08821599480681769,0.08821599480681769,0.0,0.28662863660686305,0.08215597532310916,0.3211786219084314,0.08215597532310903,1.249000902703301e-16,10.942181774046094,16.661978666763247,22.64100225435534,2.515666917150593,0.29180941405867095,0.3600896370228628,0.4197543059854884,0.6847656598900493,0.7939439532613592
random,16,20270943,9,16,1.0,0.25,0.25,4,0.670131378831974,0.08821599480681769,0.08821599480681769,0.08821599480681769,0.0,0.23364083170614056,0.054588038240337096,0.26242446579912215,0.05458803824033709,6.938893903907228e-18,8.467585208932142,14.533979555849477,21.641724691282658,2.4046360768091843,0.2567007418815901,0.33630986638512284,0.41038669289144114,0.6847656598900493,0.7939439532613592
random,17,20270944,9,16,1.0,0.25,0.25,4,0.836799651487019,0.08821599480681769,0.08821599480681769,0.08821599480681769,0.0,0.2894959206040482,0.08380788804638539,0.32434518604745666,0.08380788804638539,0.0,10.80848745408372,16.476044037106604,17.73858833431168,1.9709542593679643,0.2900212348795565,0.3580748412325422,0.37154110081354075,0.6847656598900493,0.7939439532613592
random,18,20270945,9,16,1.0,0.25,0.25,4,0.865904270579919,0.08821599480681769,0.08821599480681769,0.08821599480681769,0.0,0.299108276103727,0.08946576083374337,0.3349504567649899,0.08946576083374336,1.3877787807814457e-17,11.496408513014817,16.739524774948713,17.122602338320313,1.9025113709244792,0.299108276103727,0.36092660651832553,0.36503307869576346,0.6847656598900493,0.7939439532613592
random,19,20270946,9,16,1.0,0.25,0.25,4,0.8066558074368261,0.08821599480681769,0.08821599480681769,0.08821599480681769,0.0,0.27949375296117235,0.07811675794432084,0.31329298313470755,0.07811675794432082,1.3877787807814457e-17,11.866205146376714,16.516519136934537,19.56634179797879,2.174037977553199,0.3038808007520708,0.35851439531697205,0.3902133773886396,0.6847656598900493,0.7939439532613592
random,20,20270947,9,16,1.0,0.25,0.25,4,0.5377189462555725,0.08821599480681769,0.08821599480681769,0.08821599480681769,0.0,0.18840742745905445,0.03549735872173886,0.21196217526874372,0.03549735872173887,6.938893903907228e-18,8.95279254748832,14.735867276397043,24.19299045255862,2.6881100502842914,0.2639529964743455,0.3386376070872505,0.4339024606650098,0.6847656598900493,0.7939439532613592
random,21,20270948,9,16,1.0,0.25,0.25,4,0.8621378625234793,0.08821599480681769,0.08821599480681769,0.08821599480681769,0.0,0.2978668856394831,0.0887246815605649,0.3335817496627187,0.08872468156056501,1.1102230246251565e-16,12.51520285146379,17.33873595957027,19.72848358471611,2.192053731635123,0.3120802481344624,0.3673297071116243,0.3918268460532447,0.6847656598900493,0.7939439532613592
random,22,20270949,9,16,1.0,0.25,0.25,4,0.7189758580085778,0.08821599480681769,0.08821599480681769,0.08821599480681769,0.0,0.25014482322904097,0.06257243258828815,0.2807698936021321,0.06257243258828804,1.1102230246251565e-16,11.007082047006365,15.726370864369835,20.668329713422192,2.2964810792691326,0.2926735247069142,0.349833659056463,0.40105139058167466,0.6847656598900493,0.7939439532613592
random,23,20270950,9,16,1.0,0.25,0.25,4,0.7913976842059334,0.08821599480681769,0.08821599480681769,0.08821599480681769,0.0,0.27441328762701905,0.07530265242626909,0.3076727902001506,0.07530265242626909,0.0,10.53846484689418,17.925503095241954,21.757051262405746,2.417450140267305,0.28637559966027815,0.3734934695591997,0.41147869470859394,0.6847656598900493,0.7939439532613592
random,24,20270951,9,16,1.0,0.25,0.25,4,0.7499518131144578,0.08821599480681769,0.08821599480681769,0.08821599480681769,0.0,0.2605553420843619,0.06788908628869884,0.2923216147256551,0.06788908628869883,1.3877787807814457e-17,11.08220739065483,17.55246389707989,22.958737709256454,2.5509708565840503,0.29367060140038104,0.36958673911806195,0.4226893827863542,0.6847656598900493,0.7939439532613592
random,25,20270952,9,16,1.0,0.25,0.25,4,0.5770570912190438,0.08821599480681769,0.08821599480681769,0.08821599480681769,0.0,0.20191573169599006,0.040769962706327045,0.22705781709957407,0.04076996270632705,6.938893903907228e-18,7.779129312160513,13.941527858701505,20.768030737139053,2.3075589707932282,0.24604402977675055,0.32938401682982454,0.40201753370913623,0.6847656598900493,0.7939439532613592
random,26,20270953,9,16,1.0,0.25,0.25,4,0.5930652985410659,0.08821599480681769,0.08821599480681769,0.08821599480681769,0.0,0.20739652823464147,0.043013319923782434,0.23317666299128792,0.043013319923782434,0.0,7.486881142062067,13.891063502055534,18.450574737289916,2.0500638596988794,0.24137806711825655,0.328787338265746,0.3789241503778578,0.6847656598900493,0.7939439532613592
random,27,20270954,9,16,1.0,0.25,0.25,4,0.6783429281956791,0.08821599480681769,0.08821599480681769,0.08821599480681769,0.0,0.23642273336802883,0.055895708853210054,0.2655194351371315,0.05589570885321005,6.938893903907228e-18,9.190417046014716,15.055430907496437,20.38254228680096,2.264726920755662,0.2674329689215541,0.3422897790480681,0.3982690076933961,0.6847656598900493,0.7939439532613592
random,28,20270955,9,16,1.0,0.25,0.25,4,0.670684528031679,0.08821599480681769,0.08821599480681769,0.08821599480681769,0.0,0.23382831797286785,0.05467568228602059,0.2626330845393534,0.054675682286020606,1.3877787807814457e-17,8.640954682172287,14.114957786718076,16.938781262250338,1.8820868069167043,0.25931533473187157,0.33142642162370917,0.36306837039194484,0.6847656598900493,0.7939439532613592
random,29,20270956,9,16,1.0,0.25,0.25,4,0.8241974018203752,0.08821599480681769,0.08821599480681769,0.08821599480681769,0.0,0.28531999245210543,0.0814074980928695,0.3197329191757874,0.08140749809286951,1.3877787807814457e-17,10.491443281820322,15.935104538684202,16.91774147334515,1.8797490525939056,0.2857359959092994,0.35214764992757547,0.3628428153385579,0.6847656598900493,0.7939439532613592
random,30,20270957,9,16,1.0,0.25,0.25,4,0.8950684070063877,0.08821599480681769,0.08821599480681769,0.08821599480681769,0.0,0.30869459824114037,0.09529235498325907,0.3455106021938592,0.09529235498325905,1.3877787807814457e-17,12.24512965457929,17.865726238206904,19.8859404285781,2.2095489365086776,0.30869459824114037,0.37287019807342275,0.39338736147506614,0.6847656598900493,0.7939439532613592
random,31,20270958,9,16,1.0,0.25,0.25,4,0.8263763244540385,0.08821599480681769,0.08821599480681769,0.08821599480681769,0.0,0.28604259623312495,0.08182036685978654,0.3205312395224651,0.08182036685978655,1.3877787807814457e-17,11.522414994507804,17.16568633039104,20.91308370550154,2.3236759672779486,0.29944639733741263,0.3654920393502395,0.4034190235535607,0.6847656598900493,0.7939439532613592
random,32,20270959,9,16,1.0,0.25,0.25,4,0.7999858185213582,0.08821599480681769,0.08821599480681769,0.08821599480681769,0.0,0.27727429632388884,0.07688103540190772,0.3108382605981128,0.07688103540190772,0.0,10.724730681794714,15.016922816132954,17.138633578606303,1.9042926198451446,0.2888953379824381,0.3418517522206146,0.3652039219994466,0.6847656598900493,0.7939439532613592
random,33,20270960,9,16,1.0,0.25,0.25,4,0.6788984848069115,0.08821599480681769,0.08821599480681769,0.08821599480681769,0.0,0.23661083950969833,0.05598468937348422,0.26572867185247273,0.05598468937348411,1.1102230246251565e-16,10.988944601152136,15.854319516094714,21.31334244289742,2.3681491603219356,0.2924322918915242,0.3512538872611593,0.407261275806085,0.6847656598900493,0.7939439532613592
random,34,20270961,9,16,1.0,0.25,0.25,4,0.9780298784167482,0.08821599480681769,0.08821599480681769,0.08821599480681769,0.0,0.33570248464803576,0.11269615819886468,0.3751688796365904,0.1126961581988647,1.3877787807814457e-17,14.496425769481665,18.84416354637368,19.583505151737683,2.1759450168597425,0.33587509634372004,0.38294444003268735,0.3903844850550055,0.6847656598900493,0.7939439532613592
random,35,20270962,9,16,1.0,0.25,0.25,4,0.8147659481782933,0.08821599480681769,0.08821599480681769,0.08821599480681769,0.0,0.2821893938873737,0.07963085402252333,0.31627327012200324,0.07963085402252336,2.7755575615628914e-17,11.116450095649158,17.23281583216199,21.899763023178437,2.433307002575382,0.29412395511291434,0.3662060031672578,0.4128260020061851,0.6847656598900493,0.7939439532613592
random,36,20270963,9,16,1.0,0.25,0.25,4,0.7107979712117113,0.08821599480681769,0.08821599480681769,0.08821599480681769,0.0,0.2473890024323871,0.06120131852449163,0.2777092913040886,0.06120131852449163,0.0,8.954472482407462,14.047732506936402,18.709709773767745,2.0788566415297494,0.26397775986822336,0.33063623768813244,0.38157583334428546,0.6847656598900493,0.7939439532613592
random,37,20270964,9,16,1.0,0.25,0.25,4,0.7777623611756117,0.08821599480681769,0.08821599480681769,0.08821599480681769,0.0,0.26986337059159493,0.0728262387870565,0.3026359557023701,0.07282623878705652,1.3877787807814457e-17,11.057868856560914,16.29567176025391,18.374895203902778,2.0416550226558643,0.2933479472433504,0.35610942662207384,0.37814622692594296,0.6847656598900493,0.7939439532613592
random,38,20270965,9,16,1.0,0.25,0.25,4,0.7081351494709859,0.08821599480681769,0.08821599480681769,0.08821599480681769,0.0,0.2464910204841149,0.06075782317930035,0.27671175833842465,0.06075782317930034,6.938893903907228e-18,9.72461057755084,14.615783665381764,16.685714338720516,1.853968259857835,0.275095474171404,0.3372549938235537,0.36034602697388396,0.6847656598900493,0.7939439532613592
random,39,20270966,9,16,1.0,0.25,0.25,4,0.7102910086542052,0.08821599480681769,0.08821599480681769,0.08821599480681769,0.0,0.2472180643298519,0.0611167713309988,0.27751941184780105,0.0611167713309988,0.0,8.201166291830122,15.319713817876083,20.537986475862052,2.2819984973180056,0.2526301296778192,0.3452809852368245,0.39978479056292554,0.6847656598900493,0.7939439532613592
random,40,20270967,9,16,1.0,0.25,0.25,4,0.9919960189767533,0.08821599480681769,0.08821599480681769,0.08821599480681769,0.0,0.3402095508660617,0.11574253850048742,0.38010418467898677,0.11574253850048745,2.7755575615628914e-17,14.872991550451157,18.603554871970275,19.523462446753697,2.169273605194855,0.34020955086606175,0.3804918035813915,0.38978556942818504,0.6847656598900493,0.7939439532613592
random,41,20270968,9,16,1.0,0.25,0.25,4,0.8676566277517591,0.08821599480681769,0.08821599480681769,0.08821599480681769,0.0,0.2996855849787238,0.08981144984403987,0.3355868807684743,0.0898114498440399,2.7755575615628914e-17,12.762021619518361,16.568198815356887,19.128269466745863,2.125363274082874,0.31514257117564887,0.3590748474867984,0.38582039081017366,0.6847656598900493,0.7939439532613592
random,42,20270969,9,16,1.0,0.25,0.25,4,0.5661721466756615,0.08821599480681769,0.08821599480681769,0.08821599480681769,0.0,0.19818355353802522,0.03927672089295931,0.22288914299695084,0.03927672089295931,0.0,9.22325862182621,14.41910506963664,20.585671340325394,2.2872968155917106,0.26791037314145355,0.33497815732365005,0.4002486293852208,0.6847656598900493,0.7939439532613592
random,43,20270970,9,16,1.0,0.25,0.25,4,0.6730533347065334,0.08821599480681769,0.08821599480681769,0.08821599480681769,0.0,0.23463106125709113,0.055051734906628846,0.2635262546238728,0.055051734906628846,0.0,7.509403101153943,14.685074968612316,17.597640252695665,1.9552933614106296,0.2417408500065696,0.3380534869790483,0.37006205279723237,0.6847656598900493,0.7939439532613592
random,44,20270971,9,16,1.0,0.25,0.25,4,0.7324172264127472,0.08821599480681769,0.08821599480681769,0.08821599480681769,0.0,0.2546677203050909,0.064855647765392,0.2857905844552078,0.06485564776539199,1.3877787807814457e-17,9.030903204896624,15.354319908816823,19.101140492139407,2.1223489435710454,0.2651019545500754,0.3456707472471234,0.3855466957575845,0.6847656598900493,0.7939439532613592
random,45,20270972,9,16,1.0,0.25,0.25,4,0.5962752158514449,0.08821599480681769,0.08821599480681769,0.08821599480681769,0.0,0.20849435280191295,0.04346989515028855,0.23440186098249205,0.04346989515028865,1.0408340855860843e-16,8.049913455012096,15.475930907753401,23.381524642832225,2.597947182536914,0.2502896791851405,0.3470369574041684,0.4265635572105968,0.6847656598900493,0.7939439532613592
random,46,20270973,9,16,1.0,0.25,0.25,4,0.7548768323104763,0.08821599480681769,0.08821599480681769,0.08821599480681769,0.0,0.2622064201856653,0.06875220678658167,0.2941521776125926,0.06875220678658167,0.0,11.474995172548605,17.257266510790124,24.63120508794143,2.736800565326826,0.298829585041677,0.36646570568936015,0.4378145254773581,0.6847656598900493,0.7939439532613592
random,47,20270974,9,16,1.0,0.25,0.25,4,0.8997042493772507,0.08821599480681769,0.08821599480681769,0.08821599480681769,0.0,0.3102141096449512,0.09623279382280982,0.347182929803147,0.0962327938228098,1.3877787807814457e-17,14.264921716590427,18.13526107260616,24.56389762137122,2.7293219579301353,0.33318238475540657,0.3756723590226243,0.4372159281848825,0.6847656598900493,0.7939439532613592
random,48,20270975,9,16,1.0,0.25,0.25,4,0.7370990852953386,0.08821599480681769,0.08821599480681769,0.08821599480681769,0.0,0.2562411640088264,0.06565953413259827,0.287536489033009,0.0656595341325984,1.249000902703301e-16,9.428563482302081,15.76364604080906,21.85990104510254,2.428877893900282,0.2708757337534837,0.35024800746505896,0.41245011766025147,0.6847656598900493,0.7939439532613592
random,49,20270976,9,16,1.0,0.25,0.25,4,0.81448879053116,0.08821599480681769,0.08821599480681769,0.08821599480681769,0.0,0.2820973276596543,0.07957890227271835,0.31617150212180634,0.07957890227271835,0.0,11.796537398821902,16.149161086338076,19.044547221498668,2.116060802388741,0.3029874293646164,0.3545049627567375,0.38497511904460846,0.6847656598900493,0.7939439532613592
aligned,0,20270927,10,16,1.0,0.25,0.25,4,2.5,0.08821599480681769,0.08821599480681769,0.08821599480681769,0.0,0.736319657640882,0.5421666382283857,0.7887004526662893,0.5421666382283857,0.0,69.66876598506029,69.94787446378912,71.40940141020222,7.140940141020222,0.736319657640882,0.7377931130350452,0.7454611797895632,0.736319657640882,0.8821599480681769
alternating,0,20270927,10,16,1.0,0.25,0.25,4,0.0,0.08821599480681769,0.08821599480681769,0.08821599480681769,0.0,0.0,0.0,0.0,-2.757197724206498e-15,2.757197724206498e-15,25.0,50.0,100.00000000000037,10.000000000000037,0.44107997403408844,0.6237812813701805,0.8821599480681784,0.736319657640882,0.8821599480681769
orthogonal,0,20270927,10,16,1.0,0.25,0.25,4,0.7905694150420949,0.08821599480681769,0.08821599480681769,0.08821599480681769,0.0,0.27413716782624564,0.07515118678379516,0.30736721595803984,0.07515118678379518,1.3877787807814457e-17,9.656976428221808,10.0,10.039058461719883,1.0039058461719883,0.27413716782624564,0.27896346964712937,0.2795077329129355,0.736319657640882,0.8821599480681769
clustered,0,20270927,10,16,1.0,0.25,0.25,4,1.5,0.08821599480681769,0.08821599480681769,0.08821599480681769,0.0,0.4951367467791021,0.24516039801099265,0.5467452952462635,0.24516039801099268,2.7755575615628914e-17,31.503270753884326,34.15199843464381,40.02487667753054,4.002487667753054,0.4951367467791021,0.5155317258466883,0.5581004044351536,0.736319657640882,0.8821599480681769
random,0,20270927,10,16,1.0,0.25,0.25,4,0.890192654009826,0.08821599480681769,0.08821599480681769,0.08821599480681769,0.0,0.30709516717729596,0.09430744170365135,0.3437498569316775,0.09430744170365135,0.0,12.940172115047782,19.357336664126862,24.540748719046697,2.4540748719046697,0.3173345526764728,0.388123677501756,0.43700986450133056,0.736319657640882,0.8821599480681769
random,1,20270928,10,16,1.0,0.25,0.25,4,1.073698987015099,0.08821599480681769,0.08821599480681769,0.08821599480681769,0.0,0.36633595321095835,0.13420203061498145,0.4086284192336471,0.13420203061498148,2.7755575615628914e-17,17.31640696563298,22.678952357379053,27.198483727951114,2.7198483727951115,0.3670931055158965,0.4201059478728189,0.460065516637226,0.736319657640882,0.8821599480681769
random,2,20270929,10,16,1.0,0.25,0.25,4,0.8416352511071356,0.08821599480681769,0.08821599480681769,0.08821599480681769,0.0,0.2910960683176287,0.08473692098998155,0.32611173988193554,0.08473692098998153,1.3877787807814457e-17,14.320418487064355,20.85329935565094,28.096720943117198,2.8096720943117197,0.3338298680547997,0.40284198274670896,0.46760070259148145,0.736319657640882,0.8821599480681769
random,3,20270930,10,16,1.0,0.25,0.25,4,0.8125882463787731,0.08821599480681769,0.08821599480681769,0.08821599480681769,0.0,0.28146589949595263,0.07922305257906571,0.3154734970699078,0.07922305257906559,1.249000902703301e-16,10.953560366098497,19.120559090633815,25.65932374453522,2.565932374453522,0.2919610985030851,0.3857426231854272,0.44685841334853776,0.736319657640882,0.8821599480681769
random,4,20270931,10,16,1.0,0.25,0.25,4,0.7189361559640663,0.08821599480681769,0.08821599480681769,0.08821599480681769,0.0,0.25013145159259154,0.06256574307581696,0.28075504579873867,0.06256574307581697,1.3877787807814457e-17,10.426662812215442,16.73869858814652,22.161726662645226,2.2161726662645225,0.28485247716016715,0.3609176995606213,0.41528776185713995,0.736319657640882,0.8821599480681769
random,5,20270932,10,16,1.0,0.25,0.25,4,0.6259394700575336,0.08821599480681769,0.08821599480681769,0.08821599480681769,0.0,0.2186208857411987,0.047795091682266255,0.24569634415941444,0.047795091682266255,0.0,9.565140891173996,17.81806694950165,27.23120657116397,2.723120657116397,0.2728305645718335,0.37237252460961234,0.460342188795314,0.736319657640882,0.8821599480681769
random,6,20270933,10,16,1.0,0.25,0.25,4,0.9766218233884493,0.08821599480681769,0.08821599480681769,0.08821599480681769,0.0,0.3352474379311118,0.11239084463937464,0.3746703663001063,0.11239084463937465,1.3877787807814457e-17,15.2053976424351,21.776894559373098,24.818651558871704,2.4818651558871703,0.3439903243275567,0.41166629441965313,0.4394772789674605,0.736319657640882,0.8821599480681769
random,7,20270934,10,16,1.0,0.25,0.25,4,0.7631245287984191,0.08821599480681769,0.08821599480681769,0.08821599480681769,0.0,0.2649688122111543,0.07020847144458996,0.29721392120123413,0.07020847144458997,1.3877787807814457e-17,9.56938853339671,18.57342253127281,24.85965669684984,2.485965669684984,0.27289113649697555,0.3801835357520749,0.4398401792060796,0.736319657640882,0.8821599480681769
random,8,20270935,10,16,1.0,0.25,0.25,4,0.5322137743130603,0.08821599480681769,0.08821599480681769,0.08821599480681769,0.0,0.18651263345677402,0.03478696243898094,0.20984310900204872,0.03478696243898083,1.1102230246251565e-16,9.082267558460996,16.20473599125354,24.34819746610919,2.434819746610919,0.2658547853188482,0.3551144265731667,0.4352920582012083,0.736319657640882,0.8821599480681769
random,9,20270936,10,16,1.0,0.25,0.25,4,0.5416013629106038,0.08821599480681769,0.08821599480681769,0.08821599480681769,0.0,0.18974306163249482,0.03600242943767273,0.21345566427097196,0.03600242943767262,1.0408340855860843e-16,7.645037196841331,16.473593571753646,26.71180573397765,2.671180573397765,0.2439142297377381,0.35804821218802707,0.4559308296246212,0.736319657640882,0.8821599480681769
random,10,20270937,10,16,1.0,0.25,0.25,4,0.8375363693135957,0.08821599480681769,0.08821599480681769,0.08821599480681769,0.0,0.28973978677142354,0.08394914403834998,0.3246144413820695,0.08394914403834997,1.3877787807814457e-17,12.637655191734833,18.414889598587553,22.828505824050684,2.2828505824050684,0.3136032731778075,0.3785575356362727,0.42148883941233,0.736319657640882,0.8821599480681769
random,11,20270938,10,16,1.0,0.25,0.25,4,0.8101342071456273,0.08821599480681769,0.08821599480681769,0.08821599480681769,0.0,0.28065030894563225,0.07876459591127884,0.31457181350196484,0.07876459591127882,1.3877787807814457e-17,13.422209160237678,18.196237904378528,23.850495715896272,2.385049571589627,0.3231910586153254,0.3763033972782745,0.43082018312156917,0.736319657640882,0.8821599480681769
random,12,20270939,10,16,1.0,0.25,0.25,4,0.8198967178293638,0.08821599480681769,0.08821599480681769,0.08821599480681769,0.0,0.28389302445839965,0.0805952493361375,0.3181561700480877,0.08059524933613749,1.3877787807814457e-17,13.5932125865468,20.972804896227622,28.365727930582374,2.836572793058237,0.32524332366728476,0.4039946318434324,0.4698338494073485,0.736319657640882,0.8821599480681769
random,13,20270940,10,16,1.0,0.25,0.25,4,0.6578832688870604,0.08821599480681769,0.08821599480681769,0.08821599480681769,0.0,0.2294860844900246,0.052663862974562714,0.25780019591558845,0.05266386297456272,6.938893903907228e-18,10.928242421707967,17.248974604667747,24.480400090394877,2.4480400090394876,0.2916234853929932,0.36637765395970334,0.436472204060457,0.736319657640882,0.8821599480681769
random,14,20270941,10,16,1.0,0.25,0.25,4,0.7465525585492858,0.08821599480681769,0.08821599480681769,0.08821599480681769,0.0,0.2594150956625895,0.06729619185763047,0.2910571709042489,0.06729619185763047,0.0,10.40766802126793,17.897162391690614,21.62351956760499,2.162351956760499,0.2845928936365001,0.37319810114546964,0.4102140469388323,0.736319657640882,0.8821599480681769
random,15,20270942,10,16,1.0,0.25,0.25,4,0.8205462074056632,0.08821599480681769,0.08821599480681769,0.08821599480681769,0.0,0.284108586148492,0.0807176887232951,0.31839438009734455,0.0807176887232951,0.0,12.296900572337892,19.23460173511736,26.793355174986505,2.6793355174986506,0.3093464715518513,0.3868912744458196,0.4566262631375564,0.736319657640882,0.8821599480681769
random,16,20270943,10,16,1.0,0.25,0.25,4,0.7999802096445291,0.08821599480681769,0.08821599480681769,0.08821599480681769,0.0,0.27727242901377613,0.07687999989119952,0.31083619500923887,0.07687999989119954,1.3877787807814457e-17,10.928510459180016,18.055418824022357,24.175921038910637,2.4175921038910637,0.29162706170195074,0.3748444797855551,0.433749363273631,0.736319657640882,0.8821599480681769
random,17,20270944,10,16,1.0,0.25,0.25,4,0.8661801640488028,0.08821599480681769,0.08821599480681769,0.08821599480681769,0.0,0.29919917934890394,0.08952014892305758,0.3350506722416873,0.0895201489230576,1.3877787807814457e-17,11.963108533099449,18.396186748528237,19.906982386332942,1.990698238633294,0.3051190738121554,0.37836524821016115,0.3935954344027479,0.736319657640882,0.8821599480681769
random,18,20270945,10,16,1.0,0.25,0.25,4,0.8928119967358218,0.08821599480681769,0.08821599480681769,0.08821599480681769,0.0,0.30795457363737083,0.09483601942417486,0.34469599930432104,0.09483601942417486,0.0,12.584884710016745,19.06189722083954,20.621141307691374,2.0621141307691375,0.3129478387863826,0.38515043950314515,0.4005933034895829,0.736319657640882,0.8821599480681769
random,19,20270946,10,16,1.0,0.25,0.25,4,0.8437597719416597,0.08821599480681769,0.08821599480681769,0.08821599480681769,0.0,0.2917987057923349,0.08514648470208162,0.32688730783795616,0.08514648470208164,1.3877787807814457e-17,12.923029574778061,19.009455871115293,22.434123058038505,2.2434123058038504,0.31712428796234116,0.38462027927320164,0.4178321800854384,0.736319657640882,0.8821599480681769
random,20,20270947,10,16,1.0,0.25,0.25,4,0.579599827893476,0.08821599480681769,0.08821599480681769,0.08821599480681769,0.0,0.20278694164918,0.04112254370342794,0.22803068629618362,0.04112254370342794,0.0,10.504658394993166,17.052833364488837,27.199842133861345,2.7199842133861347,0.28591589704821957,0.364288624692333,0.4600770052907869,0.736319657640882,0.8821599480681769
random,21,20270948,10,16,1.0,0.25,0.25,4,0.889605786975278,0.08821599480681769,0.08821599480681769,0.08821599480681769,0.0,0.30690256422733414,0.09418918392931296,0.3435377968447739,0.09418918392931296,0.0,12.623539306433445,19.93301349547432,23.234590062702072,2.323459006270207,0.31342808147469464,0.39385269033127146,0.42522113584096455,0.736319657640882,0.8821599480681769
random,22,20270949,10,16,1.0,0.25,0.25,4,0.7095902917779494,0.08821599480681769,0.08821599480681769,0.08821599480681769,0.0,0.24698177690136783,0.06099999812135703,0.27725693485901814,0.060999998121356924,1.0408340855860843e-16,11.007082047006365,17.899614213042256,25.88595736713387,2.588595736713387,0.2926735247069142,0.37322366340268076,0.4488274929454968,0.736319657640882,0.8821599480681769
random,23,20270950,10,16,1.0,0.25,0.25,4,0.9288053182753699,0.08821599480681769,0.08821599480681769,0.08821599480681769,0.0,0.31972520451500624,0.10222420640216257,0.3576407147056986,0.10222420640216257,0.0,14.442051446121754,22.291735869127873,25.672147825119076,2.5672147825119076,0.33524459130977624,0.41650409940347205,0.44697006540397294,0.736319657640882,0.8821599480681769
random,24,20270951,10,16,1.0,0.25,0.25,4,0.7989539314104521,0.08821599480681769,0.08821599480681769,0.08821599480681769,0.0,0.27693073339555885,0.0766906310990021,0.3104582071108557,0.0766906310990021,0.0,12.705184127879217,20.074313334889435,25.726780352799285,2.5726780352799286,0.31444002178178626,0.39524618373278003,0.44744540792217113,0.736319657640882,0.8821599480681769
random,25,20270952,10,16,1.0,0.25,0.25,4,0.5856589109536756,0.08821599480681769,0.08821599480681769,0.08821599480681769,0.0,0.20486197211412524,0.04196842761848863,0.23034748756877566,0.04196842761848863,0.0,9.260848846833234,15.993175378730989,24.38852761757115,2.438852761757115,0.26845576449130104,0.3527887161064507,0.43565241610909816,0.736319657640882,0.8821599480681769
random,26,20270953,10,16,1.0,0.25,0.25,4,0.6024717853659978,0.08821599480681769,0.08821599480681769,0.08821599480681769,0.0,0.21061252429992303,0.044357635391985666,0.23676537821756694,0.04435763539198567,6.938893903907228e-18,8.97355690525068,16.438880625511175,21.984406998667055,2.1984406998667056,0.2642589144416493,0.35767077593817287,0.41362303196940275,0.736319657640882,0.8821599480681769
random,27,20270954,10,16,1.0,0.25,0.25,4,0.7725257548311191,0.08821599480681769,0.08821599480681769,0.08821599480681769,0.0,0.2681135633429885,0.07188488284847472,0.3006980093530338,0.07188488284847472,0.0,11.419761828875107,18.07927271143975,22.660103095421825,2.2660103095421826,0.298109529545133,0.37509201064581316,0.41993132928827737,0.736319657640882,0.8821599480681769
random,28,20270955,10,16,1.0,0.25,0.25,4,0.7552562443569248,0.08821599480681769,0.08821599480681769,0.08821599480681769,0.0,0.26233356757622794,0.06881890067727135,0.29429312949733166,0.06881890067727137,1.3877787807814457e-17,10.057685731633434,17.288520574016758,20.785507443130218,2.078550744313022,0.2797669232104454,0.3667974025208584,0.40218665096520456,0.736319657640882,0.8821599480681769
random,29,20270956,10,16,1.0,0.25,0.25,4,0.8547419706966676,0.08821599480681769,0.08821599480681769,0.08821599480681769,0.0,0.2954270257478515,0.08727712754222172,0.3308908628668106,0.08727712754222172,0.0,11.33538609174856,18.259755690262573,20.024313015079656,2.0024313015079658,0.2970061858109428,0.3769596080941473,0.39475364492244935,0.736319657640882,0.8821599480681769
random,30,20270957,10,16,1.0,0.25,0.25,4,0.8605110983864737,0.08821599480681769,0.08821599480681769,0.08821599480681769,0.0,0.29733047662669587,0.08840541233105814,0.33299024202816807,0.08840541233105814,0.0,12.24512965457929,19.444581952910422,22.328663193277237,2.232866319327724,0.30869459824114037,0.38899734865587915,0.4168489361103272,0.736319657640882,0.8821599480681769
random,31,20270958,10,16,1.0,0.25,0.25,4,0.8967653206133674,0.08821599480681769,0.08821599480681769,0.08821599480681769,0.0,0.30925094169342904,0.09563614493827265,0.34612294631818674,0.09563614493827266,1.3877787807814457e-17,12.916670159917292,19.397108514093155,23.383473614523723,2.338347361452372,0.3170462500275735,0.38852219502806934,0.42658133498570977,0.736319657640882,0.8821599480681769
random,32,20270959,10,16,1.0,0.25,0.25,4,0.7768439821816416,0.08821599480681769,0.08821599480681769,0.08821599480681769,0.0,0.26955659184975583,0.07266075620965586,0.302296227265074,0.07266075620965584,1.3877787807814457e-17,10.724730681794714,16.822339996663633,19.245216772844756,1.9245216772844758,0.2888953379824381,0.3618183086318481,0.3869980169474709,0.736319657640882,0.8821599480681769
random,33,20270960,10,16,1.0,0.25,0.25,4,0.7636492192905783,0.08821599480681769,0.08821599480681769,0.08821599480681769,0.0,0.2651444358917551,0.07030157188435704,0.2974085365566872,0.07030157188435704,0.0,12.867397177592801,18.4840637911685,23.850708076547185,2.3850708076547185,0.316440956998293,0.37926788108732673,0.43082210109115665,0.736319657640882,0.8821599480681769
random,34,20270961,10,16,1.0,0.25,0.25,4,1.073557586914485,0.08821599480681769,0.08821599480681769,0.08821599480681769,0.0,0.36629110082766986,0.1341691705455462,0.40857957822899293,0.13416917054554622,2.7755575615628914e-17,17.240825764734247,21.995685955444294,23.39792579158935,2.339792579158935,0.3662911008276699,0.4137291216648426,0.4267131391138419,0.736319657640882,0.8821599480681769
random,35,20270962,10,16,1.0,0.25,0.25,4,0.9038608232118325,0.08821599480681769,0.08821599480681769,0.08821599480681769,0.0,0.3115755134766626,0.09707930059824597,0.3486808850255214,0.09707930059824599,1.3877787807814457e-17,14.363598368331342,21.20553259648115,27.902724382326625,2.7902724382326625,0.33433278228049973,0.4062299396773149,0.4659836089935723,0.736319657640882,0.8821599480681769
random,36,20270963,10,16,1.0,0.25,0.25,4,0.7713729058181874,0.08821599480681769,0.08821599480681769,0.08821599480681769,0.0,0.26772816054114623,0.07167836794674577,0.3002711029493237,0.07167836794674577,0.0,9.836916702932749,16.558789001116985,21.45997117025565,2.1459971170255647,0.27667940492755233,0.35897286574655335,0.40865978586144697,0.736319657640882,0.8821599480681769
random,37,20270964,10,16,1.0,0.25,0.25,4,0.7224930087259477,0.08821599480681769,0.08821599480681769,0.08821599480681769,0.0,0.2513291130811379,0.06316632308215141,0.28208481947785957,0.06316632308215142,1.3877787807814457e-17,11.057868856560914,17.575995410409107,20.90961420588139,2.090961420588139,0.2933479472433504,0.36983439729354584,0.4033855583739436,0.736319657640882,0.8821599480681769
random,38,20270965,10,16,1.0,0.25,0.25,4,0.7096922765650834,0.08821599480681769,0.08821599480681769,0.08821599480681769,0.0,0.24701616837595644,0.061016987439138866,0.2772951387083771,0.06101698743913886,6.938893903907228e-18,9.72461057755084,17.074848351018687,22.292353516937993,2.2292353516937995,0.275095474171404,0.3645236947917194,0.4165098695028595,0.736319657640882,0.8821599480681769
random,39,20270966,10,16,1.0,0.25,0.25,4,0.758960803507764,0.08821599480681769,0.08821599480681769,0.08821599480681769,0.0,0.2635746670943708,0.06947160513390838,0.2956688449757703,0.06947160513390838,0.0,10.068594584783298,18.035074324395865,24.28742162858841,2.4287421628588413,0.2799186036892894,0.3746332364774188,0.43474844981112015,0.736319657640882,0.8821599480681769
random,40,20270967,10,16,1.0,0.25,0.25,4,1.0359450625900841,0.08821599480681769,0.08821599480681769,0.08821599480681769,0.0,0.35431506517638867,0.12553916541094856,0.3955225653738046,0.12553916541094856,0.0,16.131864486451235,21.9717066554037,24.77293918331203,2.477293918331203,0.3543150651763887,0.41350354015433777,0.43907236556149465,0.736319657640882,0.8821599480681769
random,41,20270968,10,16,1.0,0.25,0.25,4,0.9046377617270998,0.08821599480681769,0.08821599480681769,0.08821599480681769,0.0,0.31182987754051916,0.09723787252693518,0.3489607239954218,0.09723787252693517,1.3877787807814457e-17,14.031454879896208,18.69555035803093,21.341462938970945,2.1341462938970945,0.3304446219473994,0.3814314186651686,0.4075298543760896,0.736319657640882,0.8821599480681769
random,42,20270969,10,16,1.0,0.25,0.25,4,0.6054309882169122,0.08821599480681769,0.08821599480681769,0.08821599480681769,0.0,0.21162354436438227,0.04478452452934367,0.2378933110991217,0.04478452452934367,0.0,9.22325862182621,16.600197481318418,24.288553517476934,2.4288553517476936,0.26791037314145355,0.35942142631146806,0.43475858018259406,0.736319657640882,0.8821599480681769
random,43,20270970,10,16,1.0,0.25,0.25,4,0.7793967107978642,0.08821599480681769,0.08821599480681769,0.08821599480681769,0.0,0.27040921276435675,0.07312114234783916,0.30324038723516145,0.07312114234783917,1.3877787807814457e-17,9.837442678991161,18.00511758503803,21.226699854019234,2.1226699854019233,0.27668680179803423,0.3743219692702275,0.40643263746315655,0.736319657640882,0.8821599480681769
random,44,20270971,10,16,1.0,0.25,0.25,4,0.7892941051643207,0.08821599480681769,0.08821599480681769,0.08821599480681769,0.0,0.2737119516543181,0.07491823247841578,0.3068966167004319,0.07491823247841578,0.0,10.50333727847683,18.499206890493284,21.223917280639434,2.1223917280639433,0.2858979174016358,0.37942320719527334,0.4064059972950949,0.736319657640882,0.8821599480681769
random,45,20270972,10,16,1.0,0.25,0.25,4,0.6367538915117255,0.08821599480681769,0.08821599480681769,0.08821599480681769,0.0,0.22230392611688074,0.04941903556697957,0.2498009762092115,0.049419035566979685,1.1796119636642288e-16,8.831192680058075,17.67114642296852,26.03568373262543,2.6035683732625428,0.26215431843076226,0.37083413067814835,0.45012364772811553,0.736319657640882,0.8821599480681769
random,46,20270973,10,16,1.0,0.25,0.25,4,0.8710507276710032,0.08821599480681769,0.08821599480681769,0.08821599480681769,0.0,0.30080329039846854,0.09048261951454539,0.3368188673811223,0.0904826195145454,1.3877787807814457e-17,15.08805066270287,21.11004296649893,29.45101371246997,2.945101371246997,0.342660388416472,0.40531427028197126,0.4787375136845411,0.736319657640882,0.8821599480681769
random,47,20270974,10,16,1.0,0.25,0.25,4,1.0282629295317796,0.08821599480681769,0.08821599480681769,0.08821599480681769,0.0,0.3518580662591747,0.12380409879164578,0.392839919875162,0.12380409879164578,0.0,18.54207208029775,23.004449343771338,31.683408318589663,3.1683408318589663,0.3798625405484095,0.42310996807252027,0.49655033950363886,0.736319657640882,0.8821599480681769
random,48,20270975,10,16,1.0,0.25,0.25,4,0.8290525626087281,0.08821599480681769,0.08821599480681769,0.08821599480681769,0.0,0.28692979108707983,0.08232870501327527,0.32151127612331387,0.08232870501327527,0.0,11.461336660188557,19.507786266502563,24.44588148064696,2.444588148064696,0.2986516859314907,0.38962905067756,0.43616437149905346,0.736319657640882,0.8821599480681769
random,49,20270976,10,16,1.0,0.25,0.25,4,0.8750757257631381,0.08821599480681769,0.08821599480681769,0.08821599480681769,0.0,0.30212794864097947,0.09128129735000633,0.33827867672722656,0.09128129735000634,1.3877787807814457e-17,13.127767018013238,18.990849988158764,21.16338763646123,2.116338763646123,0.3196264905155984,0.3844320058193714,0.405826057824458,0.736319657640882,0.8821599480681769
aligned,0,20270927,11,16,1.0,0.25,0.25,4,2.75,0.08821599480681769,0.08821599480681769,0.08821599480681769,0.0,0.7819474870396578,0.6114418724876357,0.8308685552973287,0.6114418724876358,1.1102230246251565e-16,78.57067868839202,79.64127849988313,81.3782054818189,7.398018680165354,0.7819474870396579,0.7872568490138597,0.7957953375900767,0.7819474870396578,0.9703759428749945
alternating,0,20270927,11,16,1.0,0.25,0.25,4,0.25,0.08821599480681769,0.08821599480681769,0.08821599480681769,0.0,0.08821599480681769,0.007782061739756485,0.09947644966022584,0.007782061739753179,3.3063829452117943e-15,36.0,61.0,121.00000000000043,11.000000000000039,0.5292959688409061,0.6889889448497309,0.9703759428749963,0.7819474870396578,0.9703759428749945
orthogonal,0,20270927,11,16,1.0,0.25,0.25,4,0.82915619758885,0.08821599480681769,0.08821599480681769,0.08821599480681769,0.0,0.2869641394811976,0.08234841734818422,0.32154921626224486,0.08234841734818421,1.3877787807814457e-17,10.581825241438015,11.0,11.042965050698191,1.0039059136998356,0.2869641394811976,0.29257935528215473,0.29315019327045727,0.7819474870396578,0.9703759428749945
clustered,0,20270927,11,16,1.0,0.25,0.25,4,1.6007810593582121,0.08821599480681769,0.08821599480681769,0.08821599480681769,0.0,0.5235244493312531,0.2740778490475918,0.5765154337839347,0.2740778490475918,0.0,35.21918203853368,38.92332297029038,44.02816977834368,4.002560888940335,0.5235244493312531,0.5503668798822123,0.5853459964017446,0.7819474870396578,0.9703759428749945
random,0,20270927,11,16,1.0,0.25,0.25,4,0.9753316932346678,0.08821599480681769,0.08821599480681769,0.08821599480681769,0.0,0.3348303977631618,0.11211139526623716,0.37421345306690634,0.11211139526623715,1.3877787807814457e-17,15.95640119964689,22.894945267940592,27.015293080216168,2.4559357345651063,0.352382887325671,0.4221017384511218,0.4585135534178443,0.7819474870396578,0.9703759428749945
random,1,20270928,11,16,1.0,0.25,0.25,4,1.0807372222679361,0.08821599480681769,0.08821599480681769,0.08821599480681769,0.0,0.3685668658252172,0.13584153458422366,0.4110571497735691,0.13584153458422366,0.0,17.45572563248186,25.367493540141787,31.06526703648057,2.8241151851345974,0.3685668658252172,0.4443100279222349,0.49168264769047304,0.7819474870396578,0.9703759428749945
random,2,20270929,11,16,1.0,0.25,0.25,4,0.8818616184201143,0.08821599480681769,0.08821599480681769,0.08821599480681769,0.0,0.30435924639881234,0.09263455086845296,0.3407369115154715,0.09263455086845296,0.0,14.99304809350653,23.10174883332396,31.444699602522324,2.8586090547747567,0.3415798968481695,0.42400381568716383,0.4946762513957234,0.7819474870396578,0.9703759428749945
random,3,20270930,11,16,1.0,0.25,0.25,4,0.9043604005267558,0.08821599480681769,0.08821599480681769,0.08821599480681769,0.0,0.31173907535252404,0.09718125110164666,0.34886082923142836,0.09718125110164655,1.1102230246251565e-16,14.225387402738303,22.97760172277664,30.58951195020652,2.7808647227460472,0.33272036763634355,0.42286299818993717,0.48790313647846734,0.7819474870396578,0.9703759428749945
random,4,20270931,11,16,1.0,0.25,0.25,4,0.7302531455360128,0.08821599480681769,0.08821599480681769,0.08821599480681769,0.0,0.2539400887632372,0.0644855686810808,0.2849830739672108,0.0644855686810808,0.0,11.224503976388743,19.221228961143062,25.677779571775524,2.3343435974341387,0.2955499669132097,0.3867567588156809,0.4470190890414133,0.7819474870396578,0.9703759428749945
random,5,20270932,11,16,1.0,0.25,0.25,4,0.6229535115404763,0.08821599480681769,0.08821599480681769,0.08821599480681769,0.0,0.21760313583254068,0.04735112472415515,0.24456178914981264,0.04735112472415514,6.938893903907228e-18,9.565140891173996,19.7732329506277,30.12982590308688,2.739075082098807,0.2728305645718335,0.3922709772802113,0.4842232598563768,0.7819474870396578,0.9703759428749945
random,6,20270933,11,16,1.0,0.25,0.25,4,0.9741923232951802,0.08821599480681769,0.08821599480681769,0.08821599480681769,0.0,0.3344620091165474,0.11186483554227743,0.3738098136129355,0.11186483554227744,1.3877787807814457e-17,15.423965501313193,23.688410465058265,28.861880136193516,2.6238072851085015,0.34645382347882,0.4293537850721443,0.47392502903445527,0.7819474870396578,0.9703759428749945
random,7,20270934,11,16,1.0,0.25,0.25,4,0.7984941050454087,0.08821599480681769,0.08821599480681769,0.08821599480681769,0.0,0.27677761875193263,0.07660585024199017,0.3102888236051249,0.07660585024199018,1.3877787807814457e-17,12.43106456505596,22.07786797926732,29.75430012356184,2.7049363748692583,0.31102943901850283,0.41450130481923825,0.4811962183816517,0.7819474870396578,0.9703759428749945
random,8,20270935,11,16,1.0,0.25,0.25,4,0.4453518493049186,0.08821599480681769,0.08821599480681769,0.08821599480681769,0.0,0.15648475699955902,0.024487479173211035,0.17621225972892796,0.024487479173210924,1.1102230246251565e-16,9.082267558460996,18.292591402248036,27.447981150921716,2.495271013720156,0.2658547853188482,0.37729839076311056,0.4621708384873986,0.7819474870396578,0.9703759428749945
random,9,20270936,11,16,1.0,0.25,0.25,4,0.6250723466178114,0.08821599480681769,0.08821599480681769,0.08821599480681769,0.0,0.21832536756895074,0.04766596612411745,0.24536692347931321,0.04766596612411733,1.1796119636642288e-16,9.068894832840181,19.0045005428274,29.672401829187248,2.697491075380659,0.26565899100260254,0.38457014517187693,0.4805335191238988,0.7819474870396578,0.9703759428749945
random,10,20270937,11,16,1.0,0.25,0.25,4,0.8651185286375749,0.08821599480681769,0.08821599480681769,0.08821599480681769,0.0,0.29884936211229285,0.08931094123492433,0.33466501126016546,0.08931094123492433,0.0,13.016420606968547,20.779685664851534,25.111408426253753,2.282855311477614,0.31826810835216873,0.40213032312498825,0.4420616820595831,0.7819474870396578,0.9703759428749945
random,11,20270938,11,16,1.0,0.25,0.25,4,0.8195831307815657,0.08821599480681769,0.08821599480681769,0.08821599480681769,0.0,0.2837889390585115,0.08053616193195555,0.31804114593804167,0.08053616193195556,1.3877787807814457e-17,14.869808487928086,21.103116176187463,26.839705093142843,2.439973190285713,0.340173143724503,0.40524776740204826,0.457021052153721,0.7819474870396578,0.9703759428749945
random,12,20270939,11,16,1.0,0.25,0.25,4,0.8638599685682657,0.08821599480681769,0.08821599480681769,0.08821599480681769,0.0,0.29843457820246405,0.08906319746688263,0.3342076986113427,0.08906319746688252,1.1102230246251565e-16,15.267436249152276,24.32949298665058,31.72195842778029,2.883814402525481,0.3446913568668341,0.4351248286630944,0.4968523311719235,0.7819474870396578,0.9703759428749945
random,13,20270940,11,16,1.0,0.25,0.25,4,0.7743081986947322,0.08821599480681769,0.08821599480681769,0.08821599480681769,0.0,0.26870931541867965,0.07220469619277547,0.30135787112052226,0.07220469619277547,0.0,13.79679559633109,21.057498641903408,27.668974657840707,2.5153613325309734,0.3276698264128831,0.40480952868741943,0.4640276598038892,0.7819474870396578,0.9703759428749945
random,14,20270941,11,16,1.0,0.25,0.25,4,0.8034163782084306,0.08821599480681769,0.08821599480681769,0.08821599480681769,0.0,0.2784161039793704,0.07751552695505158,0.31210120295747723,0.0775155269550516,1.3877787807814457e-17,11.6899224268475,20.602593841312004,24.150996220399254,2.1955451109453867,0.30161514892108987,0.4004131082672204,0.4335257128057949,0.7819474870396578,0.9703759428749945
random,15,20270942,11,16,1.0,0.25,0.25,4,0.8045600447019396,0.08821599480681769,0.08821599480681769,0.08821599480681769,0.0,0.27879662373466557,0.07772755740584869,0.3125220445203525,0.07772755740584869,0.0,12.596869636842177,21.591926761264595,29.576076901943065,2.688734263813006,0.31309681768036174,0.4099142680323062,0.47975291189393177,0.7819474870396578,0.9703759428749945
random,16,20270943,11,16,1.0,0.25,0.25,4,0.7433951558444781,0.08821599480681769,0.08821599480681769,0.08821599480681769,0.0,0.25835548799167785,0.066747558175418,0.28988197144923156,0.066747558175418,0.0,10.928510459180016,19.64551240114175,26.982897575689233,2.452990688699021,0.29162706170195074,0.39100203377327436,0.4582385567054994,0.7819474870396578,0.9703759428749945
random,17,20270944,11,16,1.0,0.25,0.25,4,0.8990455531574666,0.08821599480681769,0.08821599480681769,0.08821599480681769,0.0,0.30999827843465366,0.09609893263244906,0.34694541866536777,0.09609893263244906,0.0,13.490016689026849,21.800126749416897,27.02174816247513,2.456522560225012,0.3240063930609276,0.41188582434757226,0.45856832916865603,0.7819474870396578,0.9703759428749945
random,18,20270945,11,16,1.0,0.25,0.25,4,0.8085203532068514,0.08821599480681769,0.08821599480681769,0.08821599480681769,0.0,0.28011378421462185,0.07846373210703574,0.31397859342100265,0.07846373210703583,9.71445146547012e-17,12.584884710016745,20.38091205424302,23.57454984765318,2.1431408952411983,0.3129478387863826,0.3982530802375122,0.4283206770649812,0.7819474870396578,0.9703759428749945
random,19,20270946,11,16,1.0,0.25,0.25,4,0.826958786067837,0.08821599480681769,0.08821599480681769,0.08821599480681769,0.0,0.2862357185385953,0.08193088656730595,0.3207445827663271,0.08193088656730585,9.71445146547012e-17,12.923029574778061,22.096551852876807,27.31284284284113,2.482985712985557,0.31712428796234116,0.4146766580780957,0.461031700961285,0.7819474870396578,0.9703759428749945
random,20,20270947,11,16,1.0,0.25,0.25,4,0.6132868317344121,0.08821599480681769,0.08821599480681769,0.08821599480681769,0.0,0.2143058599851442,0.04592700162397223,0.24088519647886963,0.04592700162397223,0.0,11.587288121111754,20.156674676775157,30.060579976871175,2.7327799978973797,0.3002881808443992,0.3960561662224821,0.4836665062963313,0.7819474870396578,0.9703759428749945
random,21,20270948,11,16,1.0,0.25,0.25,4,0.9909277004324547,0.08821599480681769,0.08821599480681769,0.08821599480681769,0.0,0.3398652038141289,0.11550835676361937,0.3797272665053164,0.11550835676361937,0.0,15.186456515026556,23.72490535456826,25.56505613809319,2.3240960125539263,0.3437760058643764,0.4296843937579412,0.4460368205058655,0.7819474870396578,0.9703759428749945
random,22,20270949,11,16,1.0,0.25,0.25,4,0.6623146263388554,0.08821599480681769,0.08821599480681769,0.08821599480681769,0.0,0.2309900021831063,0.053356381108551454,0.25947433811876364,0.05335638110855135,1.0408340855860843e-16,11.007082047006365,19.639043350871923,28.475148916962063,2.5886499015420057,0.2926735247069142,0.3909376521470391,0.47073917079478184,0.7819474870396578,0.9703759428749945
random,23,20270950,11,16,1.0,0.25,0.25,4,0.9494938783275344,0.08821599480681769,0.08821599480681769,0.08821599480681769,0.0,0.32645750146935953,0.10657450026561688,0.3650326430337718,0.10657450026561686,1.3877787807814457e-17,14.96233199741556,25.16760383924889,29.73233985973355,2.7029399872485045,0.3412298219303551,0.44255603816778644,0.48101861134042323,0.7819474870396578,0.9703759428749945
random,24,20270951,11,16,1.0,0.25,0.25,4,0.8064350074467886,0.08821599480681769,0.08821599480681769,0.08821599480681769,0.0,0.27942031706040465,0.07807571358613706,0.3132117759033872,0.07807571358613707,1.3877787807814457e-17,13.663495020738626,22.267335935074634,28.75709956334799,2.614281778486181,0.3260830597136921,0.4162760899050641,0.47306397480499224,0.7819474870396578,0.9703759428749945
random,25,20270952,11,16,1.0,0.25,0.25,4,0.6481334683962017,0.08821599480681769,0.08821599480681769,0.08821599480681769,0.0,0.2261742929151871,0.05115481077568485,0.25411248870312986,0.05115481077568485,0.0,10.03335392321376,18.106211969683358,26.843424822824304,2.440311347529482,0.27942830867196944,0.3753713620152632,0.457052720457641,0.7819474870396578,0.9703759428749945
random,26,20270953,11,16,1.0,0.25,0.25,4,0.6720921824704925,0.08821599480681769,0.08821599480681769,0.08821599480681769,0.0,0.23430537411716365,0.05489900834018402,0.26316389034378584,0.05489900834018402,0.0,9.69448849742248,19.99572187312821,25.47350246578214,2.31577295143474,0.2746690882176238,0.39447172540967107,0.4452374298243081,0.7819474870396578,0.9703759428749945
random,27,20270954,11,16,1.0,0.25,0.25,4,0.8148916281914779,0.08821599480681769,0.08821599480681769,0.08821599480681769,0.0,0.2822311409839367,0.07965441694109475,0.3163194159853169,0.07965441694109476,1.3877787807814457e-17,13.780771035762301,20.869240946480186,26.521015211205984,2.4110013828369077,0.32747948183321374,0.40299593237074105,0.4542996563663964,0.7819474870396578,0.9703759428749945
random,28,20270955,11,16,1.0,0.25,0.25,4,0.7118283575484847,0.08821599480681769,0.08821599480681769,0.08821599480681769,0.0,0.24773639332368688,0.06137332057702849,0.2780951629343451,0.061373320577028496,6.938893903907228e-18,10.057685731633434,18.840578193278795,22.961373467675475,2.087397587970498,0.2797669232104454,0.3829080081596692,0.4227136453381379,0.7819474870396578,0.9703759428749945
random,29,20270956,11,16,1.0,0.25,0.25,4,0.8764124927774124,0.08821599480681769,0.08821599480681769,0.08821599480681769,0.0,0.3025676947753978,0.09154720992169829,0.338763219052157,0.09154720992169829,0.0,12.219568098533669,21.00988536799638,23.226315280932464,2.1114832073574967,0.30837223184967183,0.40435161070404335,0.425145409834407,0.7819474870396578,0.9703759428749945
random,30,20270957,11,16,1.0,0.25,0.25,4,0.9581550211599726,0.08821599480681769,0.08821599480681769,0.08821599480681769,0.0,0.3292685682048424,0.10841779000766695,0.36811651182148486,0.10841779000766694,1.3877787807814457e-17,15.323748939604988,23.358178056914447,27.338809510419217,2.48534631912902,0.3453264547244158,0.42635054094856434,0.4612508032529853,0.7819474870396578,0.9703759428749945
random,31,20270958,11,16,1.0,0.25,0.25,4,0.8608144359173834,0.08821599480681769,0.08821599480681769,0.08821599480681769,0.0,0.2974305098501877,0.0884649081897426,0.3331005542874612,0.08846490818974273,1.249000902703301e-16,12.916670159917292,21.32038690211408,25.959497806198694,2.359954346018063,0.3170462500275735,0.40732857398879746,0.44946458665940664,0.7819474870396578,0.9703759428749945
random,32,20270959,11,16,1.0,0.25,0.25,4,0.7546431009637814,0.08821599480681769,0.08821599480681769,0.08821599480681769,0.0,0.262128089447744,0.06871113527752448,0.29406534120247163,0.06871113527752448,0.0,10.724730681794714,19.277631733769628,24.04140394781443,2.185582177074039,0.2888953379824381,0.38732379264445416,0.43254096896400135,0.7819474870396578,0.9703759428749945
random,33,20270960,11,16,1.0,0.25,0.25,4,0.7871659724608271,0.08821599480681769,0.08821599480681769,0.08821599480681769,0.0,0.2730022062916248,0.07453020464009487,0.3061110555435995,0.07453020464009485,1.3877787807814457e-17,14.304610991670842,21.04347936908434,26.65504350532331,2.42318577321121,0.3336455692803094,0.40467475294303473,0.4554461485558102,0.7819474870396578,0.9703759428749945
random,34,20270961,11,16,1.0,0.25,0.25,4,1.2279875168452328,0.08821599480681769,0.08821599480681769,0.08821599480681769,0.0,0.41448120129385,0.17179466622599301,0.4607805482919993,0.17179466622599304,2.7755575615628914e-17,22.13456335044845,26.98308508205483,29.28018084972901,2.6618346227026373,0.4150331776807018,0.4582401488713673,0.47734701750804587,0.7819474870396578,0.9703759428749945
random,35,20270962,11,16,1.0,0.25,0.25,4,0.9650231345267392,0.08821599480681769,0.08821599480681769,0.08821599480681769,0.0,0.33149456277314815,0.10988864514816066,0.37055741675296283,0.10988864514816066,0.0,17.07538888767843,24.29311758717005,31.265452034020868,2.842313821274624,0.3645294645899908,0.4347994260742779,0.49326430851030095,0.7819474870396578,0.9703759428749945
random,36,20270963,11,16,1.0,0.25,0.25,4,0.8047543240977136,0.08821599480681769,0.08821599480681769,0.08821599480681769,0.0,0.27886125766222636,0.07776360102495859,0.31259352501610493,0.07776360102495862,2.7755575615628914e-17,11.238026077804061,19.700122436950927,28.327628435524296,2.575238948684027,0.29572793708147466,0.39154510479013027,0.46951821415801487,0.7819474870396578,0.9703759428749945
random,37,20270964,11,16,1.0,0.25,0.25,4,0.7018066503141006,0.08821599480681769,0.08821599480681769,0.08821599480681769,0.0,0.24435558755238346,0.05970965316807054,0.27433912319281406,0.05970965316807053,6.938893903907228e-18,11.057868856560914,20.024621327930333,27.77036870580514,2.5245789732550126,0.2933479472433504,0.39475668390693314,0.4648771061306171,0.7819474870396578,0.9703759428749945
random,38,20270965,11,16,1.0,0.25,0.25,4,0.577709313364007,0.08821599480681769,0.08821599480681769,0.08821599480681769,0.0,0.2021392234908016,0.040860265673464236,0.22730739603995898,0.040860265673464236,0.0,9.72461057755084,19.19185782985135,26.4620175787664,2.405637961706036,0.275095474171404,0.3864611526823002,0.4537940662420362,0.7819474870396578,0.9703759428749945
random,39,20270966,11,16,1.0,0.25,0.25,4,0.7564537783203289,0.08821599480681769,0.08821599480681769,0.08821599480681769,0.0,0.26273483645112844,0.0690295942850012,0.29473794809128995,0.06902959428500122,1.3877787807814457e-17,10.639516410506156,20.308712287531534,26.745451664805408,2.4314046968004916,0.28774532765574357,0.3975470448595003,0.4562178822812501,0.7819474870396578,0.9703759428749945
random,40,20270967,11,16,1.0,0.25,0.25,4,1.0808023635066093,0.08821599480681769,0.08821599480681769,0.08821599480681769,0.0,0.3685874987285994,0.1358567442190053,0.41107960697555357,0.1358567442190053,0.0,17.457680080453397,24.395155449949126,27.26058271827311,2.478234792570283,0.36858749872859947,0.4357116085927261,0.4605904230173919,0.7819474870396578,0.9703759428749945
random,41,20270968,11,16,1.0,0.25,0.25,4,1.0346265190610975,0.08821599480681769,0.08821599480681769,0.08821599480681769,0.0,0.35389361333097796,0.12524068955645573,0.3950625005553585,0.12524068955645573,0.0,17.916669242048087,22.864653225483938,25.783972800388657,2.3439975273080598,0.37340142770537754,0.42182240701370793,0.447942483170358,0.7819474870396578,0.9703759428749945
random,42,20270969,11,16,1.0,0.25,0.25,4,0.7240370808944363,0.08821599480681769,0.08821599480681769,0.08821599480681769,0.0,0.25184885211517155,0.06342784431172956,0.2826618244451651,0.06342784431172954,1.3877787807814457e-17,12.293781495782738,19.825475683266625,28.453286906528664,2.5866624460480603,0.3093072366034411,0.3927888437662427,0.47055842932159964,0.7819474870396578,0.9703759428749945
random,43,20270970,11,16,1.0,0.25,0.25,4,0.7568168391498822,0.08821599480681769,0.08821599480681769,0.08821599480681769,0.0,0.2628564771179008,0.06909352756283349,0.29487278550861684,0.06909352756283349,0.0,10.089398131509375,20.07024195519925,23.515271783275004,2.1377519802977276,0.2802076358281295,0.3952061006958413,0.42778183323348323,0.7819474870396578,0.9703759428749945
random,44,20270971,11,16,1.0,0.25,0.25,4,0.8597868673125826,0.08821599480681769,0.08821599480681769,0.08821599480681769,0.0,0.2970916232132193,0.08826343258346547,0.3327268377760033,0.08826343258346547,0.0,12.35031401989227,21.36619883894283,24.179948286946622,2.1981771169951476,0.3100175901593033,0.4077659604584061,0.4337854889610044,0.7819474870396578,0.9703759428749945
random,45,20270972,11,16,1.0,0.25,0.25,4,0.7230453198360426,0.08821599480681769,0.08821599480681769,0.08821599480681769,0.0,0.25151503510015794,0.06325981288143367,0.2822912313493129,0.06325981288143379,1.1102230246251565e-16,10.870372070631058,20.466858986171403,28.761068636998218,2.614642603363474,0.29085031646497383,0.39909191954896267,0.4730966199778794,0.7819474870396578,0.9703759428749945
random,46,20270973,11,16,1.0,0.25,0.25,4,0.8042584057002929,0.08821599480681769,0.08821599480681769,0.08821599480681769,0.0,0.27869626905817785,0.07767161038694825,0.31241105806895497,0.07767161038694825,0.0,15.08805066270287,22.516616210122688,34.020977170179236,3.0928161063799307,0.342660388416472,0.41859968647572643,0.5145418785533211,0.7819474870396578,0.9703759428749945
random,47,20270974,11,16,1.0,0.25,0.25,4,1.1153683961620806,0.08821599480681769,0.08821599480681769,0.08821599480681769,0.0,0.37949692424439607,0.14401791551095688,0.4229399500445026,0.14401791551095688,0.0,21.142075102341437,26.208537523032753,35.112355280567485,3.192032298233408,0.4056216633181584,0.45161538626686026,0.5227298696474507,0.7819474870396578,0.9703759428749945
random,48,20270975,11,16,1.0,0.25,0.25,4,0.8075909728818106,0.08821599480681769,0.08821599480681769,0.08821599480681769,0.0,0.2798047524532965,0.07829069949545053,0.3136368841598771,0.07829069949545055,1.3877787807814457e-17,12.545506803302647,21.437946947179057,27.68381498817923,2.516710453470839,0.3124578507572441,0.40845002964447374,0.46415208437537664,0.7819474870396578,0.9703759428749945
random,49,20270976,11,16,1.0,0.25,0.25,4,0.9209079394496665,0.08821599480681769,0.08821599480681769,0.08821599480681769,0.0,0.3171488340775459,0.10058338295674674,0.3548095961207576,0.10058338295674674,0.0,14.230869683084709,21.901754491162805,25.010105097751424,2.2736459179774022,0.33278447452396875,0.41284477186857754,0.44116910815298477,0.7819474870396578,0.9703759428749945
aligned,0,20270927,12,16,1.0,0.25,0.25,4,3.0,0.08821599480681769,0.08821599480681769,0.08821599480681769,0.0,0.8217953106714897,0.6753475326416503,0.8663855974622838,0.6753475326416502,1.1102230246251565e-16,86.78259762338804,89.33468253597712,91.05231143320518,7.587692619433764,0.8217953106714896,0.8337913497971297,0.8417687979016197,0.8217953106714897,1.0
alternating,0,20270927,12,16,1.0,0.25,0.25,4,0.0,0.08821599480681769,0.08821599480681769,0.08821599480681769,0.0,0.0,0.0,0.0,-3.970217881873499e-15,3.970217881873499e-15,36.0,72.0,144.00000000000048,12.00000000000004,0.5292959688409061,0.7485375376442165,1.0,0.8217953106714897,1.0
orthogonal,0,20270927,12,16,1.0,0.25,0.25,4,0.8660254037844386,0.08821599480681769,0.08821599480681769,0.08821599480681769,0.0,0.2991481883949255,0.08948963861996585,0.3349944578979709,0.08948963861996584,1.3877787807814457e-17,11.499476824089824,12.0,12.046871577675208,1.0039059648062674,0.29914818839492546,0.3055891700912809,0.3061853987184662,0.8217953106714897,1.0
clustered,0,20270927,12,16,1.0,0.25,0.25,4,1.7320508075688772,0.08821599480681769,0.08821599480681769,0.08821599480681769,0.0,0.5592054373922233,0.31271072120902776,0.6135237692287672,0.3127107212090278,5.551115123125783e-17,40.1835312628621,45.29767355164215,48.10859347877671,4.009049456564726,0.5592054373922233,0.5937249297833245,0.6118693035809908,0.8217953106714897,1.0
random,0,20270927,12,16,1.0,0.25,0.25,4,1.0841981458023615,0.08821599480681769,0.08821599480681769,0.08821599480681769,0.0,0.3696627017778479,0.1366505130856981,0.41224974263696734,0.13665051308569812,2.7755575615628914e-17,19.09499733022693,26.892465058686973,29.799168963047087,2.483264080253924,0.3854846924902612,0.4574700246146692,0.48155889843701116,0.8217953106714897,1.0
random,1,20270928,12,16,1.0,0.25,0.25,4,1.1219263573259317,0.08821599480681769,0.08821599480681769,0.08821599480681769,0.0,0.3815578040071348,0.1455863577987471,0.4251773611057752,0.14558635779874707,2.7755575615628914e-17,18.707941759827612,28.29946215047004,33.987419110162605,2.8322849258468836,0.3815578040071348,0.46928473409739174,0.514288045641997,0.8217953106714897,1.0
random,2,20270929,12,16,1.0,0.25,0.25,4,0.8821285140846714,0.08821599480681769,0.08821599480681769,0.08821599480681769,0.0,0.3044469541701364,0.09268794790347314,0.3408335212846838,0.09268794790347312,1.3877787807814457e-17,14.99304809350653,25.87477235378917,34.3036139630772,2.8586344969231,0.3415798968481695,0.44873051596624397,0.5166747930346897,0.8217953106714897,1.0
random,3,20270930,12,16,1.0,0.25,0.25,4,0.8746572951417337,0.08821599480681769,0.08821599480681769,0.08821599480681769,0.0,0.3019902807501074,0.0911981296675287,0.3381269776754148,0.0911981296675286,9.71445146547012e-17,14.225387402738303,25.028990128633573,33.687440416552384,2.807286701379365,0.33272036763634355,0.44133563924158914,0.512013418941319,0.8217953106714897,1.0
random,4,20270931,12,16,1.0,0.25,0.25,4,0.8111970401222937,0.08821599480681769,0.08821599480681769,0.08821599480681769,0.0,0.28100357496723266,0.07896300914436515,0.3149623835580986,0.07896300914436516,1.3877787807814457e-17,13.74589756854893,22.39419940726641,28.8142752935472,2.4011896077956,0.3270648613758689,0.41746022852454495,0.4735340212917381,0.8217953106714897,1.0
random,5,20270932,12,16,1.0,0.25,0.25,4,0.5893441524506563,0.08821599480681769,0.08821599480681769,0.08821599480681769,0.0,0.20612336659600602,0.04248684225687149,0.23175560356770575,0.042486842256871486,6.938893903907228e-18,10.067101196270482,21.223645393457314,33.02826898213232,2.752355748511026,0.27989784395338463,0.4064033941720752,0.5069793175034242,0.8217953106714897,1.0
random,6,20270933,12,16,1.0,0.25,0.25,4,1.0937900841747834,0.08821599480681769,0.08821599480681769,0.08821599480681769,0.0,0.3726957406171464,0.13890211507416325,0.4155491579092281,0.13890211507416328,2.7755575615628914e-17,18.904255991276223,27.765264154795876,31.846674586050494,2.653889548837541,0.3835545427553596,0.46483437897090746,0.49782807055707373,0.8217953106714897,1.0
random,7,20270934,12,16,1.0,0.25,0.25,4,0.9349538228267886,0.08821599480681769,0.08821599480681769,0.08821599480681769,0.0,0.3217285728947456,0.10350927461688963,0.35984129282341204,0.10350927461688975,1.1102230246251565e-16,15.480816471051519,26.478954696933723,32.509720474520236,2.7091433728766865,0.3470917307565279,0.4539392693475122,0.5029837491161538,0.8217953106714897,1.0
random,8,20270935,12,16,1.0,0.25,0.25,4,0.5277537124650779,0.08821599480681769,0.08821599480681769,0.08821599480681769,0.0,0.18497678453297292,0.03421641081615789,0.20812519019669584,0.03421641081615778,1.0408340855860843e-16,9.88425637475758,20.866014506539784,30.261552518454714,2.5217960432045596,0.2773443588031765,0.40296477904718553,0.4852806095853181,0.8217953106714897,1.0
random,9,20270936,12,16,1.0,0.25,0.25,4,0.7548235930343751,0.08821599480681769,0.08821599480681769,0.08821599480681769,0.0,0.2621885782557309,0.06874285056776151,0.29413239837051464,0.06874285056776142,9.71445146547012e-17,11.61548043678018,22.504233128759427,32.91068424082666,2.7425570200688885,0.30065326523415137,0.41848456556231456,0.5060760581767764,0.8217953106714897,1.0
random,10,20270937,12,16,1.0,0.25,0.25,4,0.9444127904564993,0.08821599480681769,0.08821599480681769,0.08821599480681769,0.0,0.32480634627591704,0.10549916258111093,0.3632205245978568,0.10549916258111092,1.3877787807814457e-17,15.017692182462437,25.125295306737783,30.918043090901335,2.5765035909084446,0.3418605092030681,0.44218389761121707,0.4905161773130889,0.8217953106714897,1.0
random,11,20270938,12,16,1.0,0.25,0.25,4,0.8251398322095473,0.08821599480681769,0.08821599480681769,0.08821599480681769,0.0,0.28563256399876535,0.08158596161650879,0.32007825374988186,0.08158596161650877,1.3877787807814457e-17,15.033858268828478,24.00819919009456,29.42518479576372,2.45209873298031,0.34204446090350854,0.4322421640211509,0.47852753816721677,0.8217953106714897,1.0
random,12,20270939,12,16,1.0,0.25,0.25,4,0.9197831494906598,0.08821599480681769,0.08821599480681769,0.08821599480681769,0.0,0.3167816043298871,0.10035058484181715,0.3544059520162186,0.10035058484181714,1.3877787807814457e-17,16.759972627960053,27.577370042380366,34.65501179759134,2.8879176497992782,0.3611469808089414,0.46325888689793626,0.5193143955262989,0.8217953106714897,1.0
random,13,20270940,12,16,1.0,0.25,0.25,4,0.8215437113814357,0.08821599480681769,0.08821599480681769,0.08821599480681769,0.0,0.28443960958364795,0.08090589150009807,0.31876016784454664,0.08090589150009797,9.71445146547012e-17,15.773432969171608,24.4181746066164,30.74692979964963,2.5622441499708026,0.35035671709559657,0.43591712785900355,0.48915693392696774,0.8217953106714897,1.0
random,14,20270941,12,16,1.0,0.25,0.25,4,0.9229696579996353,0.08821599480681769,0.08821599480681769,0.08821599480681769,0.0,0.3178217728956936,0.10101067932656183,0.3555491966387656,0.10101067932656183,0.0,14.901395958407033,24.81085954988869,28.682753908678908,2.390229492389909,0.3405342616490759,0.4394082848941979,0.47245207353083013,0.8217953106714897,1.0
random,15,20270942,12,16,1.0,0.25,0.25,4,0.8506184847731842,0.08821599480681769,0.08821599480681769,0.08821599480681769,0.0,0.2940654485379655,0.08647448802383484,0.3293887431139755,0.08647448802383473,1.1102230246251565e-16,15.255461674915015,25.550254502625876,36.37726752350659,3.031438960292216,0.3445561559784958,0.4459076787922873,0.5320621597065204,0.8217953106714897,1.0
random,16,20270943,12,16,1.0,0.25,0.25,4,0.7820758320042849,0.08821599480681769,0.08821599480681769,0.08821599480681769,0.0,0.271303705801232,0.07360570078148143,0.30423079017911525,0.07360570078148143,0.0,11.508169872526102,23.13972760581925,30.30900818057214,2.525750681714345,0.2992612378167337,0.4243521990865995,0.48566096500748007,0.8217953106714897,1.0
random,17,20270944,12,16,1.0,0.25,0.25,4,1.0067922152361375,0.08821599480681769,0.08821599480681769,0.08821599480681769,0.0,0.3449716417083407,0.1190054335829478,0.38531419230144603,0.1190054335829478,0.0,16.03117212686312,25.342725366608185,29.77352315633794,2.4811269296948284,0.35320754699172563,0.44409306846272406,0.4813516338527285,0.8217953106714897,1.0
random,18,20270945,12,16,1.0,0.25,0.25,4,0.8494174062535792,0.08821599480681769,0.08821599480681769,0.08821599480681769,0.0,0.29366868231194143,0.08624129497083198,0.32895096143359726,0.086241294970832,1.3877787807814457e-17,13.496066126846536,24.01130451384931,29.453549713101644,2.4544624760918037,0.3240790333282237,0.43227011714767993,0.4787581250718821,0.8217953106714897,1.0
random,19,20270946,12,16,1.0,0.25,0.25,4,0.9080732607612676,0.08821599480681769,0.08821599480681769,0.08821599480681769,0.0,0.3129542307134162,0.09794035052142615,0.35019753775552886,0.09794035052142602,1.249000902703301e-16,15.86979562305497,26.634867239319124,34.126152138230694,2.8438460115192243,0.3514252827215637,0.4552737432431161,0.515336611235835,0.8217953106714897,1.0
random,20,20270947,12,16,1.0,0.25,0.25,4,0.5907340371293068,0.08821599480681769,0.08821599480681769,0.08821599480681769,0.0,0.20659896657386362,0.04268313298938842,0.2322864746662141,0.04268313298938842,0.0,11.587288121111754,22.049867114667585,32.90913906522341,2.742428255435284,0.3002881808443992,0.41423837007183356,0.5060641777559448,0.8217953106714897,1.0
random,21,20270948,12,16,1.0,0.25,0.25,4,1.0001513748737254,0.08821599480681769,0.08821599480681769,0.08821599480681769,0.0,0.34283596117591403,0.11753649627541284,0.3829782153839516,0.11753649627541285,1.3877787807814457e-17,16.695948657518038,25.87112653362791,28.025709895853247,2.3354758246544374,0.3604565206187978,0.44869890122636197,0.4670094267892611,0.8217953106714897,1.0
random,22,20270949,12,16,1.0,0.25,0.25,4,0.6631840129859159,0.08821599480681769,0.08821599480681769,0.08821599480681769,0.0,0.23128495811023256,0.053492731848052026,0.2598026437039582,0.05349273184805192,1.0408340855860843e-16,11.007082047006365,23.021165631826346,35.80722581679154,2.983935484732628,0.2926735247069142,0.423263667550184,0.5278769194004168,0.8217953106714897,1.0
random,23,20270950,12,16,1.0,0.25,0.25,4,0.9760597039686668,0.08821599480681769,0.08821599480681769,0.08821599480681769,0.0,0.3350657425746867,0.11226905184712621,0.3744713034466294,0.11226905184712621,0.0,16.899688570143358,27.806989835885098,33.935145819599995,2.8279288182999993,0.3626491690815141,0.46518352475086533,0.5138924011072419,0.8217953106714897,1.0
random,24,20270951,12,16,1.0,0.25,0.25,4,0.822519040130315,0.08821599480681769,0.08821599480681769,0.08821599480681769,0.0,0.28476322472491905,0.08109009415573475,0.3191177514167527,0.08109009415573476,1.3877787807814457e-17,13.663495020738626,24.724836460092146,31.609952064831347,2.634162672069279,0.3260830597136921,0.4386458752089426,0.49597439304792795,0.8217953106714897,1.0
random,25,20270952,12,16,1.0,0.25,0.25,4,0.6444462366775451,0.08821599480681769,0.08821599480681769,0.08821599480681769,0.0,0.2249207926965457,0.05058936298724248,0.25271632818364775,0.05058936298724248,0.0,11.145240871751577,20.96438335458371,29.637992485979453,2.4698327071649544,0.29450458836566223,0.40391351252625063,0.4802548150391945,0.8217953106714897,1.0
random,26,20270953,12,16,1.0,0.25,0.25,4,0.6139726429700633,0.08821599480681769,0.08821599480681769,0.08821599480681769,0.0,0.2145399099774574,0.04602737297313552,0.241146216262476,0.04602737297313553,6.938893903907228e-18,9.69448849742248,22.037517173752068,28.061891741439965,2.3384909784533305,0.2746690882176238,0.4141223481497737,0.46731078958895056,0.8217953106714897,1.0
random,27,20270954,12,16,1.0,0.25,0.25,4,0.8772734794792186,0.08821599480681769,0.08821599480681769,0.08821599480681769,0.0,0.302850875655008,0.09171865288500512,0.3390752286086167,0.09171865288500514,1.3877787807814457e-17,15.198805417280347,23.962139326616068,28.951785329273342,2.412648777439445,0.34391574858941976,0.43182733546681956,0.47466259691340873,0.8217953106714897,1.0
random,28,20270955,12,16,1.0,0.25,0.25,4,0.8258100097894036,0.08821599480681769,0.08821599480681769,0.08821599480681769,0.0,0.28585481085577275,0.08171297288938961,0.320323785944864,0.08171297288938961,0.0,12.118880004810558,22.237902887433517,25.070405380307733,2.089200448358978,0.30709912473684475,0.4160008812883894,0.441700625435688,0.8217953106714897,1.0
random,29,20270956,12,16,1.0,0.25,0.25,4,0.9401700144473081,0.08821599480681769,0.08821599480681769,0.08821599480681769,0.0,0.32342646367886313,0.10460467740781497,0.36170571468781,0.104604677407815,2.7755575615628914e-17,14.013931290607957,24.274117870449043,27.344830052218644,2.278735837684887,0.33023821480897153,0.43462936387911094,0.46130158869173,0.8217953106714897,1.0
random,30,20270957,12,16,1.0,0.25,0.25,4,1.0487276209413898,0.08821599480681769,0.08821599480681769,0.08821599480681769,0.0,0.35839515708372593,0.1284470886210686,0.39997447756069593,0.12844708862106857,2.7755575615628914e-17,17.521829259304592,26.762685289344567,30.127159283865716,2.5105966069888095,0.36926407500511066,0.45636484225162666,0.484201831461345,0.8217953106714897,1.0
random,31,20270958,12,16,1.0,0.25,0.25,4,0.9417668385725296,0.08821599480681769,0.08821599480681769,0.08821599480681769,0.0,0.3239459226241611,0.10494096078481897,0.3622760108237064,0.10494096078481907,9.71445146547012e-17,15.743194222794372,25.033667495215756,30.341770604164683,2.5284808836803903,0.35002072713307053,0.4413768752668224,0.48592338093071624,0.8217953106714897,1.0
random,32,20270959,12,16,1.0,0.25,0.25,4,0.8372637421462271,0.08821599480681769,0.08821599480681769,0.08821599480681769,0.0,0.2896495458317634,0.0838968594005468,0.32451480655389053,0.08389685940054681,1.3877787807814457e-17,13.310170717845834,23.262608709773584,28.17270186257766,2.347725155214805,0.3218393547920689,0.4254774461792951,0.4682325333318178,0.8217953106714897,1.0
random,33,20270960,12,16,1.0,0.25,0.25,4,0.7031960566453863,0.08821599480681769,0.08821599480681769,0.08821599480681769,0.0,0.24482457001895008,0.05993907008496379,0.2748602559206905,0.0599390700849638,6.938893903907228e-18,14.304610991670842,23.629128797153275,33.84735966712894,2.8206133055940787,0.3336455692803094,0.42881620673209714,0.513227281676784,0.8217953106714897,1.0
random,34,20270961,12,16,1.0,0.25,0.25,4,1.2115019173362067,0.08821599480681769,0.08821599480681769,0.08821599480681769,0.0,0.40941513087967396,0.16762074939322055,0.45531986031615146,0.16762074939322058,2.7755575615628914e-17,22.13456335044845,28.824814288861337,33.24268635753603,2.7702238631280025,0.4150331776807018,0.473620612339596,0.508622293681378,0.8217953106714897,1.0
random,35,20270962,12,16,1.0,0.25,0.25,4,0.9740512256867194,0.08821599480681769,0.08821599480681769,0.08821599480681769,0.0,0.33441638312945293,0.11183431730538505,0.373759819801716,0.11183431730538507,1.3877787807814457e-17,17.07538888767843,27.201809877181297,35.66347066239087,2.9719558885325728,0.3645294645899908,0.4600936468778314,0.5268162208481435,0.8217953106714897,1.0
random,36,20270963,12,16,1.0,0.25,0.25,4,0.9610878149967164,0.08821599480681769,0.08821599480681769,0.08821599480681769,0.0,0.33021944268409636,0.1090448803265952,0.36915931008324576,0.10904488032659522,1.3877787807814457e-17,15.280173231869155,24.531655453945323,31.267630246904087,2.605635853908674,0.3448351076740594,0.4369288927514824,0.4932814906696631,0.8217953106714897,1.0
random,37,20270964,12,16,1.0,0.25,0.25,4,0.7383955806042546,0.08821599480681769,0.08821599480681769,0.08821599480681769,0.0,0.2566766999668445,0.06588292830586952,0.28801969719956544,0.0658829283058695,1.3877787807814457e-17,12.173134064790224,22.027522611462032,30.78728489901035,2.565607074917529,0.30778577104624305,0.41402843010629053,0.4894778359472174,0.8217953106714897,1.0
random,38,20270965,12,16,1.0,0.25,0.25,4,0.7264295318096571,0.08821599480681769,0.08821599480681769,0.08821599480681769,0.0,0.2526539418020341,0.06383401430810563,0.28355554183231857,0.06383401430810565,1.3877787807814457e-17,14.452610688663476,24.198381102342704,35.28632989368134,2.9405274911401116,0.335367125222261,0.4339507987555588,0.5240232798283327,0.8217953106714897,1.0
random,39,20270966,12,16,1.0,0.25,0.25,4,0.7521915847840741,0.08821599480681769,0.08821599480681769,0.08821599480681769,0.0,0.26130635258005713,0.06828100989869314,0.2931543177300364,0.06828100989869312,1.3877787807814457e-17,11.628658763340734,22.987857831518244,29.24145894305107,2.436788245254256,0.3008237697504602,0.4229573606282548,0.47703127660078837,0.8217953106714897,1.0
random,40,20270967,12,16,1.0,0.25,0.25,4,1.0475626672933782,0.08821599480681769,0.08821599480681769,0.08821599480681769,0.0,0.3580237389572922,0.12818099765695934,0.3995693621447134,0.12818099765695934,0.0,17.457680080453397,26.893588175647274,30.593080310961057,2.5494233592467546,0.36858749872859947,0.45747957723429805,0.4879315933501616,0.8217953106714897,1.0
random,41,20270968,12,16,1.0,0.25,0.25,4,1.1669794133970264,0.08821599480681769,0.08821599480681769,0.08821599480681769,0.0,0.39563784487411047,0.1565293042966307,0.44043631566356733,0.1565293042966307,0.0,22.041463852449375,27.3432296111287,30.166378757710206,2.5138648964758503,0.41415942888502716,0.46128808894024265,0.48451689543026194,0.8217953106714897,1.0
random,42,20270969,12,16,1.0,0.25,0.25,4,0.7336237043601702,0.08821599480681769,0.08821599480681769,0.08821599480681769,0.0,0.25507328166892773,0.06506237902135614,0.28624063377895825,0.06506237902135614,0.0,12.985202723195586,22.17338543028561,31.08571155278105,2.590475962731754,0.3178862206752002,0.41539698409822323,0.4918444129275065,0.8217953106714897,1.0
random,43,20270970,12,16,1.0,0.25,0.25,4,0.7930831181927189,0.08821599480681769,0.08821599480681769,0.08821599480681769,0.0,0.27497505489173124,0.07561128081271061,0.30829444453327426,0.07561128081271062,1.3877787807814457e-17,11.026578148487815,23.44164848610559,30.105136422598775,2.508761368549898,0.2929326064639816,0.4271116432509688,0.4840248240787402,0.8217953106714897,1.0
random,44,20270971,12,16,1.0,0.25,0.25,4,0.8817586625003393,0.08821599480681769,0.08821599480681769,0.08821599480681769,0.0,0.3043254117844166,0.09261395625775472,0.3406996424454949,0.0926139562577547,1.3877787807814457e-17,13.416408282447987,23.801861682967335,26.383569330779494,2.198630777564958,0.32312121190010185,0.4303807118563703,0.45312091702687013,0.8217953106714897,1.0
random,45,20270972,12,16,1.0,0.25,0.25,4,0.7603004339564932,0.08821599480681769,0.08821599480681769,0.08821599480681769,0.0,0.2640233078756134,0.06970830710158094,0.29616608889385754,0.06970830710158105,1.1102230246251565e-16,11.438702604565876,23.365887087549385,32.47041072610876,2.705867560509063,0.29835664881387336,0.4264208905758349,0.5026795609390038,0.8217953106714897,1.0
random,46,20270973,12,16,1.0,0.25,0.25,4,0.8117984172813077,0.08821599480681769,0.08821599480681769,0.08821599480681769,0.0,0.2812034362034024,0.079075372532601,0.31518334046328134,0.079075372532601,0.0,16.424141950736214,24.926162187623774,37.3177490372886,3.10981241977405,0.3575104008041637,0.4404281247596159,0.5388961189291662,0.8217953106714897,1.0
random,47,20270974,12,16,1.0,0.25,0.25,4,1.1566139076571882,0.08821599480681769,0.08821599480681769,0.08821599480681769,0.0,0.392410602159961,0.1539860806875432,0.4369430995725083,0.15398608068754305,1.3877787807814457e-16,22.652922391413433,28.63908939691154,38.31890133445192,3.193241777870994,0.4198647885163645,0.4720923234465595,0.5460769689195306,0.8217953106714897,1.0
random,48,20270975,12,16,1.0,0.25,0.25,4,0.7316187229098656,0.08821599480681769,0.08821599480681769,0.08821599480681769,0.0,0.2543992637360212,0.06471898538942966,0.2854926660842225,0.06471898538942966,0.0,12.545506803302647,22.76984368624644,30.230140699510756,2.5191783916258963,0.3124578507572441,0.42094694365320456,0.4850286809304353,0.8217953106714897,1.0
random,49,20270976,12,16,1.0,0.25,0.25,4,0.9169169209547235,0.08821599480681769,0.08821599480681769,0.08821599480681769,0.0,0.3158454930366417,0.09975837547155929,0.353376900399645,0.0997583754715593,1.3877787807814457e-17,14.693941038171076,24.59181390207988,28.481105029289818,2.373425419107485,0.3381555209654114,0.43746430034756834,0.4707884001910224,0.8217953106714897,1.0
aligned,0,20270927,13,16,1.0,0.25,0.25,4,3.25,0.08821599480681769,0.08821599480681769,0.08821599480681769,0.0,0.8561239190524095,0.7329481647736565,0.8958374411695609,0.7329481647736567,1.1102230246251565e-16,94.18431635272427,99.02808657207112,100.36596837970725,7.720459106131328,0.8561239190524094,0.8778625653676135,0.8837726871211448,0.8561239190524095,1.0
alternating,0,20270927,13,16,1.0,0.25,0.25,4,0.25,0.08821599480681769,0.08821599480681769,0.08821599480681769,0.0,0.08821599480681769,0.007782061739756485,0.09947644966022584,0.007782061739751856,4.62910959564411e-15,49.0,85.0,169.00000000000057,13.000000000000044,0.6175119636477238,0.8133112859657742,1.0,0.8561239190524095,1.0
orthogonal,0,20270927,13,16,1.0,0.25,0.25,4,0.9013878188659973,0.08821599480681769,0.08821599480681769,0.08821599480681769,0.0,0.3107656455706024,0.09657528646691325,0.3477898273935003,0.09657528646691327,1.3877787807814457e-17,12.40998718546986,13.0,13.050778057568252,1.003906004428327,0.3107656455706024,0.31806729259204614,0.3186878733115764,0.8561239190524095,1.0
clustered,0,20270927,13,16,1.0,0.25,0.25,4,1.75,0.08821599480681769,0.08821599480681769,0.08821599480681769,0.0,0.5639674182163823,0.31805924880965186,0.6184260942949786,0.3180592488096519,5.551115123125783e-17,40.870820541653075,46.29767355164215,52.11764519784482,4.009049630603448,0.5639674182163823,0.6002427458836718,0.6368537765141631,0.8561239190524095,1.0
random,0,20270927,13,16,1.0,0.25,0.25,4,1.1798730744137564,0.08821599480681769,0.08821599480681769,0.08821599480681769,0.0,0.39964190913280995,0.15971365553531713,0.44476680256468004,0.15971365553531716,2.7755575615628914e-17,22.720564882290414,31.106843783299716,34.61822095008644,2.662940073083572,0.42049118739413205,0.4920115637366652,0.5190386620995627,0.8561239190524095,1.0
random,1,20270928,13,16,1.0,0.25,0.25,4,1.1458121325439654,0.08821599480681769,0.08821599480681769,0.08821599480681769,0.0,0.3890397306389799,0.15135191201565004,0.4332917030262131,0.15135191201565,5.551115123125783e-17,19.448819230311848,31.45598428029171,38.53171104066905,2.963977772359158,0.3890397306389799,0.4947650065981219,0.5475912291636373,0.8561239190524095,1.0
random,2,20270929,13,16,1.0,0.25,0.25,4,0.8429997081346183,0.08821599480681769,0.08821599480681769,0.08821599480681769,0.0,0.2915473590194572,0.08499986255122029,0.3266098822696195,0.08499986255122027,1.3877787807814457e-17,14.99304809350653,27.89886658010944,37.97066171970701,2.9208201322851544,0.3415798968481695,0.46595139467077523,0.5435899500562609,0.8561239190524095,1.0
random,3,20270930,13,16,1.0,0.25,0.25,4,0.9356773242275613,0.08821599480681769,0.08821599480681769,0.08821599480681769,0.0,0.3219641689442814,0.1036609260839818,0.3601000298079342,0.10366092608398181,1.3877787807814457e-17,16.471954596512862,27.829732000896023,36.599757357757746,2.8153659505967497,0.35803040044740436,0.46537371287154766,0.5336867727592445,0.8561239190524095,1.0
random,4,20270931,13,16,1.0,0.25,0.25,4,0.8078274567965383,0.08821599480681769,0.08821599480681769,0.08821599480681769,0.0,0.2798833907586887,0.07833471242258082,0.31372383930271486,0.07833471242258083,1.3877787807814457e-17,14.349836878650354,25.218274963566497,32.58047857282574,2.5061906594481336,0.33417258496934116,0.4430013236285302,0.503530829011038,0.8561239190524095,1.0
random,5,20270932,13,16,1.0,0.25,0.25,4,0.6189919097491967,0.08821599480681769,0.08821599480681769,0.08821599480681769,0.0,0.21625229331790094,0.04676505436525146,0.2430557112311169,0.04676505436525146,0.0,10.833331191584431,23.572117523768895,35.87589344277572,2.7596841109827475,0.2903543562272482,0.42829858032307944,0.5283828325566658,0.8561239190524095,1.0
random,6,20270933,13,16,1.0,0.25,0.25,4,1.107798423291291,0.08821599480681769,0.08821599480681769,0.08821599480681769,0.0,0.37711446723652664,0.14221532139908932,0.42035217531571667,0.14221532139908932,0.0,18.904255991276223,30.65691142432614,34.88858456606934,2.6837372743130263,0.3835545427553596,0.48844035199228975,0.5210615310170833,0.8561239190524095,1.0
random,7,20270934,13,16,1.0,0.25,0.25,4,0.9124102018216108,0.08821599480681769,0.08821599480681769,0.08821599480681769,0.0,0.31437265884456117,0.09883016862899885,0.35175750228748726,0.09883016862899885,0.0,15.480816471051519,28.89912816043527,35.684151278645764,2.7449347137419817,0.3470917307565279,0.47423074506999496,0.5269689444181996,0.8561239190524095,1.0
random,8,20270935,13,16,1.0,0.25,0.25,4,0.6061521546302728,0.08821599480681769,0.08821599480681769,0.08821599480681769,0.0,0.21186988138710136,0.044888846638984396,0.23816811519168746,0.044888846638984285,1.1102230246251565e-16,13.529776473056007,24.830291834732773,36.520511877892304,2.8092701444532544,0.3244835216747171,0.4395803272145624,0.5331086926708923,0.8561239190524095,1.0
random,9,20270936,13,16,1.0,0.25,0.25,4,0.6909213624424096,0.08821599480681769,0.08821599480681769,0.08821599480681769,0.0,0.2406783843619226,0.05792608469906535,0.27025193533001257,0.05792608469906524,1.1102230246251565e-16,11.61548043678018,24.851691460280566,37.44183186806943,2.8801409129284177,0.30065326523415137,0.43976970937216947,0.5397912997139711,0.8561239190524095,1.0
random,10,20270937,13,16,1.0,0.25,0.25,4,0.9685347992974994,0.08821599480681769,0.08821599480681769,0.08821599480681769,0.0,0.3326316392839657,0.11064380745273829,0.37180389090919164,0.11064380745273827,1.3877787807814457e-17,16.578268053253115,28.474648276868265,37.17574157472345,2.859672428824881,0.35918394386254,0.47073503259098903,0.5378697947977092,0.8561239190524095,1.0
random,11,20270938,13,16,1.0,0.25,0.25,4,0.7631728933913337,0.08821599480681769,0.08821599480681769,0.08821599480681769,0.0,0.2649850012952859,0.07021705091146267,0.2972318611493947,0.07021705091146269,1.3877787807814457e-17,15.033858268828478,26.470610969308037,35.64026352221286,2.7415587324779125,0.34204446090350854,0.4538677437891246,0.5266447865032479,0.8561239190524095,1.0
random,12,20270939,13,16,1.0,0.25,0.25,4,0.9821376068880704,0.08821599480681769,0.08821599480681769,0.08821599480681769,0.0,0.33702931924881535,0.1135887620333199,0.3766222147706999,0.11358876203331991,1.3877787807814457e-17,18.415164482119344,30.47061928462864,37.56084754053705,2.889295964656696,0.3785603610358902,0.4869540435416823,0.5406485314490735,0.8561239190524095,1.0
random,13,20270940,13,16,1.0,0.25,0.25,4,0.9167459004709704,0.08821599480681769,0.08821599480681769,0.08821599480681769,0.0,0.3157896229997839,0.09972308599434565,0.3533154781387675,0.09972308599434566,1.3877787807814457e-17,19.230778161151292,28.829621541773758,35.8441188454396,2.757239911187662,0.38685281820563233,0.4736601046867858,0.5281487914048274,0.8561239190524095,1.0
random,14,20270941,13,16,1.0,0.25,0.25,4,0.9604471806475341,0.08821599480681769,0.08821599480681769,0.08821599480681769,0.0,0.3300117784443916,0.10890777391203021,0.36893158570132867,0.10890777391203021,0.0,14.901395958407033,27.55846926536791,31.073070769390977,2.390236213030075,0.3405342616490759,0.46310010718663697,0.49174440024389005,0.8561239190524095,1.0
random,15,20270942,13,16,1.0,0.25,0.25,4,0.9587832767431438,0.08821599480681769,0.08821599480681769,0.08821599480681769,0.0,0.3294723045908597,0.10855199949241222,0.3683399591317904,0.10855199949241223,1.3877787807814457e-17,19.378739436674824,30.16803123244334,43.464448734052546,3.3434191333886574,0.38833818603745024,0.4845301658491203,0.5815866431864452,0.8561239190524095,1.0
random,16,20270943,13,16,1.0,0.25,0.25,4,0.811255655863671,0.08821599480681769,0.08821599480681769,0.08821599480681769,0.0,0.2810230560869634,0.07897395805245656,0.31498392123311625,0.07897395805245655,1.3877787807814457e-17,11.508169872526102,26.391377293382526,35.2175733752776,2.7090441057905847,0.2992612378167337,0.4531879604472191,0.5235124930035715,0.8561239190524095,1.0
random,17,20270944,13,16,1.0,0.25,0.25,4,1.1036009220169611,0.08821599480681769,0.08821599480681769,0.08821599480681769,0.0,0.375791779308547,0.1412194613958837,0.41891492859747737,0.1412194613958837,0.0,19.484731317458788,29.314785389800164,33.92252572411446,2.609425055701112,0.38939874434187766,0.47762900853186907,0.5137968368465655,0.8561239190524095,1.0
random,18,20270945,13,16,1.0,0.25,0.25,4,0.8294218129465079,0.08821599480681769,0.08821599480681769,0.08821599480681769,0.0,0.2870521715128851,0.0823989491702628,0.32164645271532466,0.0823989491702628,0.0,15.179538763292316,27.36673150219552,38.460196354522765,2.9584766426555973,0.34369769832945873,0.46148628816620785,0.5470828297013657,0.8561239190524095,1.0
random,19,20270946,13,16,1.0,0.25,0.25,4,0.9738890731313518,0.08821599480681769,0.08821599480681769,0.08821599480681769,0.0,0.334363947253992,0.11179924922327034,0.37370236366442344,0.11179924922327023,1.1102230246251565e-16,18.607645589685376,29.723754066254582,38.39510152138493,2.953469347798841,0.3805336342696123,0.48094915456930687,0.5466196580289038,0.8561239190524095,1.0
random,20,20270947,13,16,1.0,0.25,0.25,4,0.6445364107629352,0.08821599480681769,0.08821599480681769,0.08821599480681769,0.0,0.2249514547026489,0.050603156972837904,0.25275048227613994,0.050603156972837904,0.0,12.39299372583418,25.630337170165678,36.01700190678682,2.7705386082143706,0.3105528011705197,0.4466059407005295,0.5294209407640975,0.8561239190524095,1.0
random,21,20270948,13,16,1.0,0.25,0.25,4,1.066603669443382,0.08821599480681769,0.08821599480681769,0.08821599480681769,0.0,0.3640837197245359,0.1325569549684544,0.40617534217480755,0.13255695496845432,8.326672684688674e-17,18.075435927043447,29.73979668967243,31.47427961839566,2.4210984321842814,0.37505220750885415,0.48107892696192417,0.49490886757534885,0.8561239190524095,1.0
random,22,20270949,13,16,1.0,0.25,0.25,4,0.6573469909282733,0.08821599480681769,0.08821599480681769,0.08821599480681769,0.0,0.22930402599244346,0.05258033633634318,0.2575975101426504,0.05258033633634296,2.220446049250313e-16,11.674947825522525,25.197107580569693,39.81495528316651,3.0626888679358855,0.30142190495491866,0.44281536429450985,0.5566349254037564,0.8561239190524095,1.0
random,23,20270950,13,16,1.0,0.25,0.25,4,1.0108774671290126,0.08821599480681769,0.08821599480681769,0.08821599480681769,0.0,0.3462841125873254,0.11991268663039145,0.38674928042773926,0.11991268663039145,0.0,19.611071004101312,31.018497175236135,39.920938922896276,3.0708414556074057,0.3906591421388531,0.4913123854455022,0.557375287761331,0.8561239190524095,1.0
random,24,20270951,13,16,1.0,0.25,0.25,4,0.8237119693308207,0.08821599480681769,0.08821599480681769,0.08821599480681769,0.0,0.2851589734429655,0.08131564013504589,0.31955501607510195,0.08131564013504589,0.0,14.592719988247904,27.03063097491036,34.661576484503854,2.666275114192604,0.33698879491686917,0.4586436951614254,0.5193635799704294,0.8561239190524095,1.0
random,25,20270952,13,16,1.0,0.25,0.25,4,0.69048471080969,0.08821599480681769,0.08821599480681769,0.08821599480681769,0.0,0.24053076819119343,0.05785505044664563,0.2700878209986326,0.057855050446645635,6.938893903907228e-18,12.495248006372812,23.46305391401599,32.67857407821003,2.513736467554618,0.31183135095618975,0.4273066043979516,0.5042882915989982,0.8561239190524095,1.0
random,26,20270953,13,16,1.0,0.25,0.25,4,0.7582589821038257,0.08821599480681769,0.08821599480681769,0.08821599480681769,0.0,0.26333959358000536,0.0693477415468824,0.29540829249501543,0.06934774154688239,1.3877787807814457e-17,11.659361931465208,26.635269731696454,31.12766269515697,2.3944355919351517,0.30122064072176175,0.4552771831611254,0.4921761807605345,0.8561239190524095,1.0
random,27,20270954,13,16,1.0,0.25,0.25,4,0.8044236905640811,0.08821599480681769,0.08821599480681769,0.08821599480681769,0.0,0.2787512595609792,0.07770226470683239,0.31247187458112524,0.07770226470683239,0.0,15.198805417280347,26.409842241494406,34.90214487073417,2.6847803746718593,0.34391574858941976,0.4533464711018916,0.5211627828557777,0.8561239190524095,1.0
random,28,20270955,13,16,1.0,0.25,0.25,4,0.9210048170310191,0.08821599480681769,0.08821599480681769,0.08821599480681769,0.0,0.31718046003277733,0.10060344422660426,0.35484435689308236,0.10060344422660428,1.3877787807814457e-17,15.054745872800465,25.625857207946588,29.023588654012684,2.2325837426163604,0.34228199172389623,0.4465669075585697,0.475250837784451,0.8561239190524095,1.0
random,29,20270956,13,16,1.0,0.25,0.25,4,1.0268188512763614,0.08821599480681769,0.08821599480681769,0.08821599480681769,0.0,0.3513957922247506,0.12347900279326009,0.39233504636291094,0.12347900279326007,1.3877787807814457e-17,16.42885676002432,28.67592277494395,33.92072164619057,2.609286280476198,0.35756171162489553,0.472395810183688,0.5137831742162732,0.8561239190524095,1.0
random,30,20270957,13,16,1.0,0.25,0.25,4,1.0431407713309448,0.08821599480681769,0.08821599480681769,0.08821599480681769,0.0,0.3566131423549383,0.1271729333002635,0.3980305129721535,0.12717293330026347,2.7755575615628914e-17,17.521829259304592,29.06044977271933,32.681786394717726,2.5139835688244405,0.36926407500511066,0.47555253581112794,0.5043130768572504,0.8561239190524095,1.0
random,31,20270958,13,16,1.0,0.25,0.25,4,1.0174520519379031,0.08821599480681769,0.08821599480681769,0.08821599480681769,0.0,0.34839418309792,0.12137850681646699,0.38905572292162827,0.12137850681646711,1.249000902703301e-16,18.62785473305929,29.552733699955553,34.38185146726442,2.6447578051741862,0.3807402206385378,0.47956354973208315,0.5172636569926296,0.8561239190524095,1.0
random,32,20270959,13,16,1.0,0.25,0.25,4,0.7743537443346036,0.08821599480681769,0.08821599480681769,0.08821599480681769,0.0,0.26872453626090465,0.07221287638863826,0.30137472916242847,0.07221287638863827,1.3877787807814457e-17,13.310170717845834,25.427484556661838,34.17158386708944,2.628583374391495,0.3218393547920689,0.4448350870903137,0.5156795278067151,0.8561239190524095,1.0
random,33,20270960,13,16,1.0,0.25,0.25,4,0.801578717416416,0.08821599480681769,0.08821599480681769,0.08821599480681769,0.0,0.2778045411336448,0.07717536307447494,0.31142478586862854,0.07717536307447492,1.3877787807814457e-17,15.025999810578671,27.793105393775427,37.56185858213891,2.8893737370876083,0.34195505293458156,0.4650673737362355,0.5406558078354536,0.8561239190524095,1.0
random,34,20270961,13,16,1.0,0.25,0.25,4,1.170527398002888,0.08821599480681769,0.08821599480681769,0.08821599480681769,0.0,0.39674079727372136,0.15740326022138806,0.4416295804166954,0.15740326022138806,0.0,22.13456335044845,30.714321985647878,37.0455228745248,2.8496556057326767,0.4150331776807018,0.4888974841283925,0.5369269467917522,0.8561239190524095,1.0
random,35,20270962,13,16,1.0,0.25,0.25,4,1.026480840909977,0.08821599480681769,0.08821599480681769,0.08821599480681769,0.0,0.3512875706456506,0.12340295729012295,0.3922168453360526,0.12340295729012296,1.3877787807814457e-17,18.447829912269146,29.72969748818706,38.640446065702605,2.9723420050540468,0.3788959637444096,0.4809972363302673,0.5483633256655921,0.8561239190524095,1.0
random,36,20270963,13,16,1.0,0.25,0.25,4,0.9266070543278623,0.08821599480681769,0.08821599480681769,0.08821599480681769,0.0,0.3190084191561758,0.10176637149252234,0.3568531820839076,0.10176637149252234,0.0,15.280173231869155,26.933464935228447,36.96453217995169,2.843425552303976,0.3448351076740594,0.45781861800446055,0.5363396979579261,0.8561239190524095,1.0
random,37,20270964,13,16,1.0,0.25,0.25,4,0.7615059635815047,0.08821599480681769,0.08821599480681769,0.08821599480681769,0.0,0.26442696491117995,0.0699216197721384,0.29661344906237774,0.0699216197721384,0.0,12.312515395559894,24.931925170094136,33.422606797456375,2.5709697536504903,0.30954281606903644,0.4404790357833858,0.50999685254069,0.8561239190524095,1.0
random,38,20270965,13,16,1.0,0.25,0.25,4,0.6928016884411518,0.08821599480681769,0.08821599480681769,0.08821599480681769,0.0,0.241313958998992,0.05823242680776719,0.2709585092552065,0.05823242680776708,1.1102230246251565e-16,14.606664363113428,27.03399292976455,38.9597804679996,2.996906189846123,0.33714976477175473,0.45867221635016003,0.5506245698925283,0.8561239190524095,1.0
random,39,20270966,13,16,1.0,0.25,0.25,4,0.8849557205598003,0.08821599480681769,0.08821599480681769,0.08821599480681769,0.0,0.3053757970363159,0.0932543774155652,0.3418565521711123,0.09325437741556519,1.3877787807814457e-17,15.1333631782502,27.098161017954382,33.76340794971456,2.59718522690112,0.34317454244640655,0.4592162476171585,0.5125904068642562,0.8561239190524095,1.0
random,40,20270967,13,16,1.0,0.25,0.25,4,1.214843573894306,0.08821599480681769,0.08821599480681769,0.08821599480681769,0.0,0.4104435890476555,0.1684639397903207,0.45642896659735843,0.1684639397903207,0.0,21.91503506137933,32.62954407494836,34.65036571508151,2.6654127473139626,0.41296992127342885,0.5039098396849913,0.5192795829800221,0.8561239190524095,1.0
random,41,20270968,13,16,1.0,0.25,0.25,4,1.183431677448284,0.08821599480681769,0.08821599480681769,0.08821599480681769,0.0,0.4007449925637748,0.16059654906493995,0.4459591114303316,0.16059654906493992,2.7755575615628914e-17,22.53360339252788,30.804576741332347,33.18510186760128,2.552700143661637,0.4187575585226351,0.4896152755665564,0.5081815734299912,0.8561239190524095,1.0
random,42,20270969,13,16,1.0,0.25,0.25,4,0.7716341606791581,0.08821599480681769,0.08821599480681769,0.08821599480681769,0.0,0.2678155049177961,0.07172514467437406,0.30036785540015276,0.07172514467437408,1.3877787807814457e-17,13.32338999550495,24.674701945788982,33.86754805966298,2.60519600458946,0.3219991359116875,0.4382009287441314,0.5133803170890634,0.8561239190524095,1.0
random,43,20270970,13,16,1.0,0.25,0.25,4,0.7906397017385449,0.08821599480681769,0.08821599480681769,0.08821599480681769,0.0,0.27416060060018527,0.0751640349214543,0.3073931488484223,0.07516403492145429,1.3877787807814457e-17,12.483127209609899,26.01676064063061,33.19887483868669,2.5537596029758993,0.31168007098693096,0.44996003997450035,0.508287019001182,0.8561239190524095,1.0
random,44,20270971,13,16,1.0,0.25,0.25,4,0.9512592176953896,0.08821599480681769,0.08821599480681769,0.08821599480681769,0.0,0.32703081654954375,0.10694915497306133,0.3656617225848944,0.10694915497306134,1.3877787807814457e-17,16.00088827621268,27.42046180892291,31.913881325629337,2.4549139481253337,0.35287377411254695,0.4619390941776555,0.4983530824940376,0.8561239190524095,1.0
random,45,20270972,13,16,1.0,0.25,0.25,4,0.8177586875111632,0.08821599480681769,0.08821599480681769,0.08821599480681769,0.0,0.28318327235792157,0.08019276574334079,0.3173717914194598,0.08019276574334089,9.71445146547012e-17,12.951776508948479,26.173807629499233,35.36611205885693,2.72047015837361,0.3174768092824495,0.45131606102295135,0.5246153519838807,0.8561239190524095,1.0
random,46,20270973,13,16,1.0,0.25,0.25,4,0.878984846934279,0.08821599480681769,0.08821599480681769,0.08821599480681769,0.0,0.30341362934501426,0.0920598304723137,0.33969522930423457,0.0920598304723137,0.0,18.70519482919506,29.242986803130673,41.10703011967211,3.1620792399747777,0.3815297904685422,0.477043738829939,0.5655947721905833,0.8561239190524095,1.0
random,47,20270974,13,16,1.0,0.25,0.25,4,1.1067192662836822,0.08821599480681769,0.08821599480681769,0.08821599480681769,0.0,0.37677452153353486,0.1419590400768241,0.4199828255179141,0.14195904007682414,2.7755575615628914e-17,22.652922391413433,30.482726502473863,43.40239142602596,3.338645494309689,0.4198647885163645,0.4870507772690265,0.5811713084198251,0.8561239190524095,1.0
random,48,20270975,13,16,1.0,0.25,0.25,4,0.8072124743842732,0.08821599480681769,0.08821599480681769,0.08821599480681769,0.0,0.27967888396631296,0.07822027813664235,0.31349770161055424,0.07822027813664235,0.0,15.329486086326286,26.147117562326287,34.40404849271558,2.6464652686704295,0.3453910930561603,0.45108589335812116,0.5174306035285202,0.8561239190524095,1.0
random,49,20270976,13,16,1.0,0.25,0.25,4,0.9368025717628955,0.08821599480681769,0.08821599480681769,0.08821599480681769,0.0,0.3223305270710359,0.1038969686818918,0.36050235134940545,0.1038969686818918,0.0,15.25484274471526,27.720216486889502,32.27474619791254,2.482672784454811,0.34454916640394073,0.4644571413385628,0.501162715639468,0.8561239190524095,1.0
aligned,0,20270927,14,16,1.0,0.25,0.25,4,3.5,0.08821599480681769,0.08821599480681769,0.08821599480681769,0.0,0.8852879944798262,0.7837348331701128,0.9198816862723658,0.7837348331701128,0.0,100.71043630587248,108.72149060816513,109.29656721512214,7.80689765822301,0.8852879944798261,0.9198246313026717,0.9222541049035916,0.8852879944798262,1.0
alternating,0,20270927,14,16,1.0,0.25,0.25,4,0.0,0.08821599480681769,0.08821599480681769,0.08821599480681769,0.0,0.0,0.0,0.0,-5.404009645455498e-15,5.404009645455498e-15,49.0,98.0,196.00000000000068,14.00000000000005,0.6175119636477238,0.8732937939182527,1.0,0.8852879944798262,1.0
orthogonal,0,20270927,14,16,1.0,0.25,0.25,4,0.9354143466934853,0.08821599480681769,0.08821599480681769,0.08821599480681769,0.0,0.3218785382172125,0.10360579336484954,0.36000598942255335,0.10360579336484954,0.0,13.313411899002944,14.0,14.054684500834513,1.0039060357738938,0.3218785382172125,0.330074028600541,0.3307180408116448,0.8852879944798262,1.0
clustered,0,20270927,14,16,1.0,0.25,0.25,4,1.8027756377319946,0.08821599480681769,0.08821599480681769,0.08821599480681769,0.0,0.5778030713803035,0.3338563892965121,0.6326178442791042,0.33385638929651223,1.1102230246251565e-16,42.90076337880083,49.25122295185786,56.12672457985579,4.009051755703985,0.5778030713803035,0.6190929314488007,0.6608945724778995,0.8852879944798262,1.0
random,0,20270927,14,16,1.0,0.25,0.25,4,1.161766263162814,0.08821599480681769,0.08821599480681769,0.08821599480681769,0.0,0.3940156788471401,0.15524835517737265,0.43868077814070605,0.15524835517737268,2.7755575615628914e-17,22.720564882290414,33.940803975181595,37.964988473913515,2.7117848909938225,0.42049118739413205,0.5139352410876642,0.5435493392996981,0.8852879944798262,1.0
random,1,20270928,14,16,1.0,0.25,0.25,4,1.0932205301578666,0.08821599480681769,0.08821599480681769,0.08821599480681769,0.0,0.37251581103226866,0.1387680294690289,0.41535348472102407,0.1387680294690289,0.0,19.448819230311848,33.55655305032939,42.038412980038,3.002743784288428,0.3890397306389799,0.511017776218281,0.5719663672385258,0.8852879944798262,1.0
random,2,20270929,14,16,1.0,0.25,0.25,4,0.8865615205475722,0.08821599480681769,0.08821599480681769,0.08821599480681769,0.0,0.30590316731559397,0.09357674777371228,0.3424373296865104,0.09357674777371228,0.0,16.333877871398624,31.13584129187235,40.89392518625941,2.9209946561613864,0.35652664142370394,0.4922408346049827,0.5641268036358966,0.8852879944798262,1.0
random,3,20270930,14,16,1.0,0.25,0.25,4,0.9176815338740706,0.08821599480681769,0.08821599480681769,0.08821599480681769,0.0,0.316095261336964,0.09991621423968355,0.3536514828127828,0.09991621423968344,1.1102230246251565e-16,17.064954871824103,30.359379419770946,39.443032276813874,2.817359448343848,0.3644180736443973,0.4860643630480946,0.5540289815355993,0.8852879944798262,1.0
random,4,20270931,14,16,1.0,0.25,0.25,4,0.7330373985437153,0.08821599480681769,0.08821599480681769,0.08821599480681769,0.0,0.25487620155222557,0.0649618781176907,0.28602193807673526,0.06496187811769073,2.7755575615628914e-17,14.349836878650354,27.342304243011153,37.58486846762109,2.6846334619729353,0.33417258496934116,0.46128028326205156,0.5408213816923791,0.8852879944798262,1.0
random,5,20270932,14,16,1.0,0.25,0.25,4,0.6398257213899783,0.08821599480681769,0.08821599480681769,0.08821599480681769,0.0,0.223349225687027,0.04988487661499452,0.250965611612477,0.049884876614994515,6.938893903907228e-18,11.519273843956796,26.50419416734969,39.624042627619644,2.830288759115689,0.29940557818924113,0.45415556296582893,0.5552987899382448,0.8852879944798262,1.0
random,6,20270933,14,16,1.0,0.25,0.25,4,1.2195832685204357,0.08821599480681769,0.08821599480681769,0.08821599480681769,0.0,0.4119009637110289,0.16966240390607434,0.45800015607901945,0.16966240390607434,0.0,22.41687534297008,35.17344459441021,37.633736776497585,2.688124055464113,0.4176715311478842,0.52318440098459,0.5411728587913924,0.8852879944798262,1.0
random,7,20270934,14,16,1.0,0.25,0.25,4,0.9596432186306382,0.08821599480681769,0.08821599480681769,0.08821599480681769,0.0,0.3297511367586132,0.10873581219359761,0.36864575415488576,0.10873581219359763,1.3877787807814457e-17,17.93588519213984,33.0261686115615,38.433653249272126,2.7452609463765802,0.37360161391837743,0.5069631970496273,0.5468940139279531,0.8852879944798262,1.0
random,8,20270935,14,16,1.0,0.25,0.25,4,0.6801151098059054,0.08821599480681769,0.08821599480681769,0.08821599480681769,0.0,0.23702273044400587,0.05617977474713187,0.2661868147675661,0.056179774747131754,1.1796119636642288e-16,16.04879342833718,28.4967598728744,41.1259528375446,2.9375680598246143,0.35340161475001514,0.4709177685262298,0.565724936774123,0.8852879944798262,1.0
random,9,20270936,14,16,1.0,0.25,0.25,4,0.7036905656223587,0.08821599480681769,0.08821599480681769,0.08821599480681769,0.0,0.2449914665893441,0.0600208187015977,0.2750457035847145,0.06002081870159759,1.1102230246251565e-16,12.60197899421324,28.87477152890473,41.19054906630949,2.9421820761649635,0.31316030811084883,0.47403085844626125,0.5661690524291214,0.8852879944798262,1.0
random,10,20270937,14,16,1.0,0.25,0.25,4,1.0089360316943112,0.08821599480681769,0.08821599480681769,0.08821599480681769,0.0,0.34566051403592807,0.11948119096358202,0.3860674674626594,0.119481190963582,1.3877787807814457e-17,17.79476889205738,31.050003463945693,40.03638815744353,2.8597420112459666,0.37212899667009103,0.4915618414564724,0.5581806557720188,0.8852879944798262,1.0
random,11,20270938,14,16,1.0,0.25,0.25,4,0.9310221682418296,0.08821599480681769,0.08821599480681769,0.08821599480681769,0.0,0.3204477706863342,0.10268677373784141,0.3584344988086494,0.10268677373784141,0.0,20.687588436542,32.6984244950513,42.58643433840164,3.0418881670286884,0.4012381966610883,0.5044414318959685,0.5756824309439426,0.8852879944798262,1.0
random,12,20270939,14,16,1.0,0.25,0.25,4,1.0900741082517622,0.08821599480681769,0.08821599480681769,0.08821599480681769,0.0,0.37152143359243317,0.13802817561857672,0.4142719667694039,0.13802817561857672,0.0,22.714240127606697,34.91819347292453,41.48670261666113,2.9633359011900806,0.4204326569674263,0.521282588858539,0.5682007401805931,0.8852879944798262,1.0
random,13,20270940,14,16,1.0,0.25,0.25,4,1.0100540358604158,0.08821599480681769,0.08821599480681769,0.08821599480681769,0.0,0.34601965063488094,0.11972959862548506,0.3864601403074919,0.11972959862548505,1.3877787807814457e-17,21.81312788639792,32.91112432729473,38.812173211979136,2.7722980865699385,0.41200862606158195,0.5060794418268827,0.5495805020101645,0.8852879944798262,1.0
random,14,20270941,14,16,1.0,0.25,0.25,4,1.0226026161615671,0.08821599480681769,0.08821599480681769,0.08821599480681769,0.0,0.350045363215545,0.12253175630870285,0.3908599107947186,0.12253175630870283,1.3877787807814457e-17,16.6538446760564,30.65256389683521,33.525777039423076,2.394698359958791,0.3600017325977553,0.4884057173365216,0.5107833853935548,0.8852879944798262,1.0
random,15,20270942,14,16,1.0,0.25,0.25,4,1.0058126394434475,0.08821599480681769,0.08821599480681769,0.08821599480681769,0.0,0.3446567812198934,0.11878829684085747,0.38496986230113306,0.11878829684085745,1.3877787807814457e-17,21.738312470943917,33.335570365458146,47.14488493803432,3.367491781288166,0.41130145850337546,0.509332373518503,0.6057098358962802,0.8852879944798262,1.0
random,16,20270943,14,16,1.0,0.25,0.25,4,0.871865615018658,0.08821599480681769,0.08821599480681769,0.08821599480681769,0.0,0.30107154698545696,0.09064407640421622,0.3371145188891851,0.09064407640421622,0.0,14.91961666842171,30.85998626322432,42.381608105331985,3.0272577218094274,0.3407423925007831,0.490055423792502,0.5742963441515689,0.8852879944798262,1.0
random,17,20270944,14,16,1.0,0.25,0.25,4,1.0846968998314401,0.08821599480681769,0.08821599480681769,0.08821599480681769,0.0,0.36982055879517,0.1367672457075718,0.4124215151852155,0.13676724570757182,2.7755575615628914e-17,19.777926995354573,31.72558113794819,36.90373739369699,2.635981242406928,0.39231753588419394,0.49688070111966176,0.535898463167707,0.8852879944798262,1.0
random,18,20270945,14,16,1.0,0.25,0.25,4,0.7702794522676221,0.08821599480681769,0.08821599480681769,0.08821599480681769,0.0,0.2673625542867972,0.0714827354347606,0.2998661033033956,0.07148273543476057,2.7755575615628914e-17,15.179538763292316,29.261678098058358,41.46638232593292,2.9618844518523515,0.34369769832945873,0.47719617094856315,0.5680615700650389,0.8852879944798262,1.0
random,19,20270946,14,16,1.0,0.25,0.25,4,0.881897245930431,0.08821599480681769,0.08821599480681769,0.08821599480681769,0.0,0.30437095460549696,0.0926416780074615,0.34074980814049827,0.09264167800746137,1.249000902703301e-16,18.607645589685376,32.20827840918043,44.40792513489031,3.1719946524921654,0.3805336342696123,0.5006463932872262,0.5878649633497477,0.8852879944798262,1.0
random,20,20270947,14,16,1.0,0.25,0.25,4,0.7178956379165996,0.08821599480681769,0.08821599480681769,0.08821599480681769,0.0,0.24978097983662179,0.06239053788814286,0.2803658742395727,0.06239053788814286,0.0,14.52279398390925,28.96462866151056,39.3562716917066,2.811162263693329,0.3361804268789988,0.47476786802920373,0.5534193131356108,0.8852879944798262,1.0
random,21,20270948,14,16,1.0,0.25,0.25,4,1.1446045116684347,0.08821599480681769,0.08821599480681769,0.08821599480681769,0.0,0.38866238046490703,0.15105844598864815,0.43288277826613397,0.15105844598864804,1.1102230246251565e-16,20.416535581484233,33.10584801428101,34.62423563656082,2.4731596883257727,0.39860097893387736,0.5075743819324705,0.5190837499051506,0.8852879944798262,1.0
random,22,20270949,14,16,1.0,0.25,0.25,4,0.7286685255287616,0.08821599480681769,0.08821599480681769,0.08821599480681769,0.0,0.2534071527558882,0.06421518506784606,0.28439158252237573,0.06421518506784596,9.71445146547012e-17,13.291699918056295,28.936520394983237,42.87812015865162,3.0627228684751158,0.32161596569298345,0.474537446623006,0.5776505676958381,0.8852879944798262,1.0
random,23,20270950,14,16,1.0,0.25,0.25,4,0.8965976047442613,0.08821599480681769,0.08821599480681769,0.08821599480681769,0.0,0.3091959621285725,0.09560214299661363,0.34606243514352286,0.09560214299661363,0.0,19.611071004101312,33.55006120470333,48.05740303030739,3.4326716450219563,0.3906591421388531,0.5109683431168806,0.6115436839950296,0.8852879944798262,1.0
random,24,20270951,14,16,1.0,0.25,0.25,4,0.8065899301520232,0.08821599480681769,0.08821599480681769,0.08821599480681769,0.0,0.2794718430832729,0.0781045110763615,0.3132687547443609,0.07810451107636153,2.7755575615628914e-17,14.592719988247904,30.433185618264076,39.70154882408045,2.8358249160057465,0.33698879491686917,0.4866548360170688,0.5558416178309704,0.8852879944798262,1.0
random,25,20270952,14,16,1.0,0.25,0.25,4,0.7152721988136973,0.08821599480681769,0.08821599480681769,0.08821599480681769,0.0,0.24889712326594576,0.0619497779700634,0.2793843406743668,0.06194977797006341,6.938893903907228e-18,12.689331496508224,27.575438140199104,39.7465367554698,2.839038339676414,0.31424379252749535,0.463242660069067,0.5561564554804398,0.8852879944798262,1.0
random,26,20270953,14,16,1.0,0.25,0.25,4,0.7399028320804857,0.08821599480681769,0.08821599480681769,0.08821599480681769,0.0,0.2571829372958331,0.06614306323611241,0.28858130953063177,0.06614306323611241,0.0,12.651679147069363,29.178948191278014,35.48373107584765,2.5345522197034036,0.31377722708011085,0.4765211184466868,0.5254869988773864,0.8852879944798262,1.0
random,27,20270954,14,16,1.0,0.25,0.25,4,0.8506188160491726,0.08821599480681769,0.08821599480681769,0.08821599480681769,0.0,0.29406555796168066,0.08647455237931456,0.32938886384550137,0.08647455237931467,1.1102230246251565e-16,17.727992622520155,30.456483286950444,40.45612341901976,2.8897231013585545,0.37143011874429266,0.48684107603499305,0.5610989664916698,0.8852879944798262,1.0
random,28,20270955,14,16,1.0,0.25,0.25,4,0.9376997725362467,0.08821599480681769,0.08821599480681769,0.08821599480681769,0.0,0.3226225855334383,0.10408533269628072,0.360823060986007,0.10408533269628073,1.3877787807814457e-17,16.778185543162255,28.301674035740604,32.40958054281723,2.3149700387726595,0.36134315515584126,0.46930307338072746,0.5022084793627186,0.8852879944798262,1.0
random,29,20270956,14,16,1.0,0.25,0.25,4,0.9827804492568718,0.08821599480681769,0.08821599480681769,0.08821599480681769,0.0,0.337236872018597,0.11372870784888756,0.3768495231944837,0.11372870784888756,0.0,16.785696411419604,31.829022595216088,41.61244271410112,2.9723173367215088,0.36142402496026216,0.49769008323662206,0.5690611551873971,0.8852879944798262,1.0
random,30,20270957,14,16,1.0,0.25,0.25,4,1.0996735113539096,0.08821599480681769,0.08821599480681769,0.08821599480681769,0.0,0.3745531508275889,0.14029006279487455,0.41756865412228783,0.14029006279487455,0.0,18.33614862813597,32.440886175554894,35.48307961133117,2.534505686523655,0.37774732387338666,0.5024509718475831,0.52548217500889,0.8852879944798262,1.0
random,31,20270958,14,16,1.0,0.25,0.25,4,1.0086028175543933,0.08821599480681769,0.08821599480681769,0.08821599480681769,0.0,0.3455534608203357,0.1194071942849113,0.38595041235341965,0.11940719428491142,1.249000902703301e-16,19.652905097089015,32.92329943882399,38.30664523724144,2.7361889455172457,0.39107559477819837,0.5061730424562516,0.5459896320253358,0.8852879944798262,1.0
random,32,20270959,14,16,1.0,0.25,0.25,4,0.7094754685350808,0.08821599480681769,0.08821599480681769,0.08821599480681769,0.0,0.24694305546158354,0.060980872640702725,0.27721392085314767,0.06098087264070273,6.938893903907228e-18,13.310170717845834,27.382214061094405,36.80327070311371,2.628805050222408,0.3218393547920689,0.46161681121322345,0.5351685013494366,0.8852879944798262,1.0
random,33,20270960,14,16,1.0,0.25,0.25,4,0.7725167191234901,0.08821599480681769,0.08821599480681769,0.08821599480681769,0.0,0.268110542914922,0.07188326322213422,0.3006946637496004,0.07188326322213423,1.3877787807814457e-17,15.025999810578671,30.019712192323908,40.717516274347446,2.908394019596246,0.34195505293458156,0.4833376187411706,0.562908718653843,0.8852879944798262,1.0
random,34,20270961,14,16,1.0,0.25,0.25,4,1.3111205071372207,0.08821599480681769,0.08821599480681769,0.08821599480681769,0.0,0.4397288539129798,0.19336146496362272,0.48789289382773315,0.19336146496362272,0.0,26.309236275141956,36.07322452499287,40.42771727196871,2.887694090854908,0.45248215547024134,0.5298339932522189,0.5609019449136187,0.8852879944798262,1.0
random,35,20270962,14,16,1.0,0.25,0.25,4,1.1708355338245695,0.08821599480681769,0.08821599480681769,0.08821599480681769,0.0,0.3968365457501983,0.15747924404294922,0.4417331548218253,0.1574792440429491,1.1102230246251565e-16,23.348892298479218,35.564227512741596,43.889787205642875,3.1349848004030627,0.42626578729906295,0.5260827066449736,0.584425387692122,0.8852879944798262,1.0
random,36,20270963,14,16,1.0,0.25,0.25,4,0.9664711771065131,0.08821599480681769,0.08821599480681769,0.08821599480681769,0.0,0.3319635269956332,0.11019978325538049,0.3710715312422006,0.1101997832553805,1.3877787807814457e-17,17.129668909109277,30.300936154955593,40.80333822863464,2.9145241591881885,0.3651083962774282,0.48559628904089036,0.5635016391133222,0.8852879944798262,1.0
random,37,20270964,14,16,1.0,0.25,0.25,4,0.8479048167850638,0.08821599480681769,0.08821599480681769,0.08821599480681769,0.0,0.2931689025365192,0.08594800541446711,0.32839947812218817,0.08594800541446712,1.3877787807814457e-17,13.76832683241788,28.058982030404437,37.51870243749073,2.6799073169636234,0.32733158946704455,0.46728656145380976,0.540345129305433,0.8852879944798262,1.0
random,38,20270965,14,16,1.0,0.25,0.25,4,0.6491703052212356,0.08821599480681769,0.08821599480681769,0.08821599480681769,0.0,0.22652667152534547,0.05131433291235176,0.254504934190122,0.05131433291235177,6.938893903907228e-18,14.606664363113428,30.07870612708885,44.77898907135221,3.1984992193823003,0.33714976477175473,0.48381230671924536,0.5903158964462534,0.8852879944798262,1.0
random,39,20270966,14,16,1.0,0.25,0.25,4,0.9849333107807979,0.08821599480681769,0.08821599480681769,0.08821599480681769,0.0,0.3379317802618067,0.11419788811091401,0.37761051136472257,0.11419788811091403,1.3877787807814457e-17,17.2861753222641,31.501175106452095,36.71435903899727,2.6224542170712337,0.36677252296500373,0.49512027786517715,0.5345216635245603,0.8852879944798262,1.0
random,40,20270967,14,16,1.0,0.25,0.25,4,1.3318418625524717,0.08821599480681769,0.08821599480681769,0.08821599480681769,0.0,0.44594240516838907,0.19886462872736768,0.4945383591299064,0.19886462872736765,2.7755575615628914e-17,26.101070016337893,37.44415618196784,38.99695383592007,2.785496702565719,0.4506885158741548,0.539808054035097,0.5508871957248267,0.8852879944798262,1.0
random,41,20270968,14,16,1.0,0.25,0.25,4,1.222847373897168,0.08821599480681769,0.08821599480681769,0.08821599480681769,0.0,0.41290369286766515,0.17048945958375517,0.45908087475517756,0.17048945958375528,1.1102230246251565e-16,23.47676132164655,34.51981000479441,35.83510778951574,2.5596505563939815,0.4274314050869221,0.5183003884833328,0.5280824000748747,0.8852879944798262,1.0
random,42,20270969,14,16,1.0,0.25,0.25,4,0.8378058325654363,0.08821599480681769,0.08821599480681769,0.08821599480681769,0.0,0.289828976624527,0.08400083569122062,0.32471291433109206,0.08400083569122063,1.3877787807814457e-17,15.461277102689529,28.13536645352457,36.47803066495222,2.605573618925159,0.34687261781324447,0.4679221717465434,0.5327985423960809,0.8852879944798262,1.0
random,43,20270970,14,16,1.0,0.25,0.25,4,0.8138667292660501,0.08821599480681769,0.08821599480681769,0.08821599480681769,0.0,0.281890677095382,0.07946235383329293,0.31594306993971255,0.07946235383329292,1.3877787807814457e-17,13.53732314876186,28.45682336172042,35.85236153122314,2.5608829665159383,0.32457400471186765,0.4705876712348646,0.5282095142574098,0.8852879944798262,1.0
random,44,20270971,14,16,1.0,0.25,0.25,4,0.9993461200774517,0.08821599480681769,0.08821599480681769,0.08821599480681769,0.0,0.34257681043029214,0.11735887104459232,0.38269469528642075,0.1173588710445923,1.3877787807814457e-17,17.98468945494103,31.282052520561553,35.48579173969401,2.5346994099781432,0.3741095611030257,0.4933952412228101,0.525502257085961,0.8852879944798262,1.0
random,45,20270972,14,16,1.0,0.25,0.25,4,0.8950673182714816,0.08821599480681769,0.08821599480681769,0.08821599480681769,0.0,0.3086942412415988,0.09529213457572638,0.3455102092409339,0.0952921345757265,1.1102230246251565e-16,16.68273260593781,30.965881833957148,43.54026416732643,3.110018869094745,0.36031382866503564,0.4908955125664303,0.5820936556220496,0.8852879944798262,1.0
random,46,20270973,14,16,1.0,0.25,0.25,4,1.0075143456960631,0.08821599480681769,0.08821599480681769,0.08821599480681769,0.0,0.34520371520396814,0.11916560499062234,0.3855679735225026,0.11916560499062236,1.3877787807814457e-17,21.89054893438151,34.968285507878484,45.207062158011134,3.2290758684293666,0.41273914682825696,0.5216563588759772,0.5931308024261189,0.8852879944798262,1.0
random,47,20270974,14,16,1.0,0.25,0.25,4,1.066266946221863,0.08821599480681769,0.08821599480681769,0.08821599480681769,0.0,0.3639767549941578,0.13247907817607718,0.4060588106046823,0.1324790781760773,1.1102230246251565e-16,22.824309111771463,33.72346242136881,49.02612763334385,3.5018662595245607,0.4214500951181433,0.5122870939633848,0.6176765756476955,0.8852879944798262,1.0
random,48,20270975,14,16,1.0,0.25,0.25,4,0.7708570052585121,0.08821599480681769,0.08821599480681769,0.08821599480681769,0.0,0.2675556716719917,0.07158603744385061,0.3000800313519423,0.07158603744385061,0.0,15.598035123748765,27.971822977595025,38.020680976860504,2.7157629269186074,0.34840331851448125,0.46656023553790305,0.5439478713530491,0.8852879944798262,1.0
random,49,20270976,14,16,1.0,0.25,0.25,4,0.9797118808429058,0.08821599480681769,0.08821599480681769,0.08821599480681769,0.0,0.3362459090037572,0.11306131132176299,0.3757641574455941,0.113061311321763,1.3877787807814457e-17,16.259768887817074,31.34829813282242,38.56042341773635,2.7543159584097396,0.35571691744864214,0.49391739340290197,0.5477952133306534,0.8852879944798262,1.0
aligned,0,20270927,15,16,1.0,0.25,0.25,4,3.75,0.08821599480681769,0.08821599480681769,0.08821599480681769,0.0,0.9097133483170659,0.8275783761062472,0.9392072764694772,0.8275783761062472,0.0,106.34436011711,118.41489464425914,117.85956093748733,7.857304062499155,0.9097133483170659,0.959954176525309,0.9577005689860052,0.9097133483170659,1.0
alternating,0,20270927,15,16,1.0,0.25,0.25,4,0.25,0.08821599480681769,0.08821599480681769,0.08821599480681769,0.0,0.08821599480681769,0.007782061739756485,0.09947644966022584,0.007782061739750314,6.171278765787491e-15,64.0,113.0,225.0000000000008,15.000000000000053,0.7057279584545415,0.9377488878119147,1.0,0.9097133483170659,1.0
orthogonal,0,20270927,15,16,1.0,0.25,0.25,4,0.9682458365518543,0.08821599480681769,0.08821599480681769,0.08821599480681769,0.0,0.3325381007103463,0.1105815884240444,0.3717013628240786,0.11058158842404442,1.3877787807814457e-17,14.209806105638107,15.0,15.05859091503037,1.0039060610020247,0.3325381007103463,0.3416590787559249,0.34232569902726034,0.9097133483170659,1.0
clustered,0,20270927,15,16,1.0,0.25,0.25,4,1.8874586088176875,0.08821599480681769,0.08821599480681769,0.08821599480681769,0.0,0.5994797329909932,0.3593759502669525,0.654692004959919,0.3593759502669526,1.1102230246251565e-16,46.18004357778303,54.02254748750443,60.13595714562203,4.0090638097081355,0.5994797329909932,0.6483878468067443,0.6840919026611708,0.9097133483170659,1.0
random,0,20270927,15,16,1.0,0.25,0.25,4,1.169024166477701,0.08821599480681769,0.08821599480681769,0.08821599480681769,0.0,0.39627359744249174,0.157032764030014,0.4411241618410362,0.15703276403001398,2.7755575615628914e-17,23.176706491724453,37.12059476721351,40.885023993495395,2.7256682662330265,0.42469113581850826,0.5374707064528605,0.564065404850188,0.9097133483170659,1.0
random,1,20270928,15,16,1.0,0.25,0.25,4,1.1181331360922389,0.08821599480681769,0.08821599480681769,0.08821599480681769,0.0,0.38036610941776444,0.14467837719360674,0.42388370988687774,0.14467837719360677,2.7755575615628914e-17,22.01569994265836,37.96496366275673,50.841575880996956,3.389438392066464,0.4139173059896393,0.5435491616875003,0.629008968499204,0.9097133483170659,1.0
random,2,20270929,15,16,1.0,0.25,0.25,4,0.9801104788072654,0.08821599480681769,0.08821599480681769,0.08821599480681769,0.0,0.33637466398701205,0.11314791457237526,0.3759051894048784,0.11314791457237527,1.3877787807814457e-17,20.0885839706539,36.68404985638782,47.35274675485016,3.156849783656677,0.39538664712394006,0.5343009833855025,0.6070436547673466,0.9097133483170659,1.0
random,3,20270930,15,16,1.0,0.25,0.25,4,1.0213027852983325,0.08821599480681769,0.08821599480681769,0.08821599480681769,0.0,0.34962881495488757,0.12224030824675901,0.39040481748771905,0.12224030824675891,9.71445146547012e-17,20.51245137945616,34.77434315977344,42.56002031610063,2.837334687740042,0.39953618493032755,0.5202077329575517,0.5755038711817544,0.9097133483170659,1.0
random,4,20270931,15,16,1.0,0.25,0.25,4,0.7166104137981405,0.08821599480681769,0.08821599480681769,0.08821599480681769,0.0,0.24934801713051666,0.06217443364692043,0.2798850780984259,0.062174433646920435,6.938893903907228e-18,15.064570036894533,30.265205945636385,40.86981029708861,2.7246540198059077,0.34239365372331143,0.4853099022638909,0.5639604481025943,0.9097133483170659,1.0
random,5,20270932,15,16,1.0,0.25,0.25,4,0.6215703125161018,0.08821599480681769,0.08821599480681769,0.08821599480681769,0.0,0.21713155821237484,0.04714611357173393,0.24403604512895116,0.04714611357173393,0.0,12.39859506757076,29.516910193981502,42.476101646824226,2.831740109788282,0.31062297452390075,0.47927280070583145,0.5749362099222471,0.9097133483170659,1.0
random,6,20270933,15,16,1.0,0.25,0.25,4,1.2138028485147128,0.08821599480681769,0.08821599480681769,0.08821599480681769,0.0,0.41012337076775807,0.16820117924990796,0.45608366712324844,0.16820117924990796,0.0,22.41687534297008,38.31280031196275,40.71406886071136,2.7142712573807573,0.4176715311478842,0.5460334948065508,0.5628848883659542,0.9097133483170659,1.0
random,7,20270934,15,16,1.0,0.25,0.25,4,0.9434460794649697,0.08821599480681769,0.08821599480681769,0.08821599480681769,0.0,0.32449203340552296,0.10529507974365103,0.36287551035786514,0.10529507974365104,1.3877787807814457e-17,17.93588519213984,35.92563814163249,42.98609635710419,2.865739757140279,0.37360161391837743,0.5287490274774361,0.5783774336902384,0.9097133483170659,1.0
random,8,20270935,15,16,1.0,0.25,0.25,4,0.6862072434386339,0.08821599480681769,0.08821599480681769,0.08821599480681769,0.0,0.2390842687271281,0.0571612875527856,0.26847949340970145,0.05716128755278549,1.1102230246251565e-16,16.467297728863443,31.59112000532425,44.074378804827624,2.938291920321842,0.3579797865983037,0.4958266292863762,0.5856530858798434,0.9097133483170659,1.0
random,9,20270936,15,16,1.0,0.25,0.25,4,0.7658822457506241,0.08821599480681769,0.08821599480681769,0.08821599480681769,0.0,0.2658917231822703,0.07069840845683704,0.2982365804759479,0.07069840845683695,9.71445146547012e-17,14.88965336227925,32.68842929889931,44.259278812034346,2.9506185874689566,0.34040006132318756,0.5043643276240888,0.5868802605918412,0.9097133483170659,1.0
random,10,20270937,15,16,1.0,0.25,0.25,4,1.109225090591867,0.08821599480681769,0.08821599480681769,0.08821599480681769,0.0,0.3775637643523128,0.1425543961518888,0.42084029376821763,0.1425543961518888,0.0,22.13441803032716,36.20223246624075,48.034223380917865,3.202281558727858,0.415031815269125,0.5307805649883031,0.6113961824967157,0.9097133483170659,1.0
random,11,20270938,15,16,1.0,0.25,0.25,4,0.9651877026362409,0.08821599480681769,0.08821599480681769,0.08821599480681769,0.0,0.3315478661645353,0.10992398755825661,0.3706158542310458,0.10992398755825661,0.0,22.616996721386972,36.0200997049843,46.72798581383191,3.1151990542554606,0.419531720914764,0.5294437078447265,0.6030257627810814,0.9097133483170659,1.0
random,12,20270939,15,16,1.0,0.25,0.25,4,1.0309622978141797,0.08821599480681769,0.08821599480681769,0.08821599480681769,0.0,0.35272183225187037,0.12441269094711659,0.39378316076390263,0.1244126909471166,1.3877787807814457e-17,22.714240127606697,37.166007057669376,47.27309912207144,3.1515399414714294,0.4204326569674263,0.5377993692289053,0.6065329141914625,0.9097133483170659,1.0
random,13,20270940,15,16,1.0,0.25,0.25,4,1.1131244436389314,0.08821599480681769,0.08821599480681769,0.08821599480681769,0.0,0.37879109257011023,0.1434826918104578,0.42217342880759245,0.1434826918104577,1.1102230246251565e-16,24.569599494068715,37.17585230581197,41.75292792233339,2.7835285281555593,0.4372666694180251,0.5378705958424361,0.570020931990397,0.9097133483170659,1.0
random,14,20270941,15,16,1.0,0.25,0.25,4,0.946648363798985,0.08821599480681769,0.08821599480681769,0.08821599480681769,0.0,0.3255330049806236,0.10597173733171471,0.3640180876713581,0.10597173733171472,1.3877787807814457e-17,16.6538446760564,31.72805628681586,37.24546288615474,2.4830308590769827,0.3600017325977553,0.49690008342368985,0.5383739329739738,0.9097133483170659,1.0
random,15,20270942,15,16,1.0,0.25,0.25,4,0.9376746375832857,0.08821599480681769,0.08821599480681769,0.08821599480681769,0.0,0.32261440418771603,0.10408005378939501,0.3608140772688797,0.104080053789395,1.3877787807814457e-17,21.738312470943917,36.19543591585622,53.6770861009943,3.5784724067329536,0.41130145850337546,0.5307307386939186,0.6463113785538379,0.9097133483170659,1.0
random,16,20270943,15,16,1.0,0.25,0.25,4,0.9254912080857819,0.08821599480681769,0.08821599480681769,0.08821599480681769,0.0,0.3186444710468198,0.10153429892870759,0.3564532743161295,0.10153429892870758,1.3877787807814457e-17,15.023652034622506,34.557238216883135,46.03662912000981,3.069108608000654,0.3419283370679454,0.5185812967696163,0.5985481518659861,0.9097133483170659,1.0
random,17,20270944,15,16,1.0,0.25,0.25,4,1.1080233944431268,0.08821599480681769,0.08821599480681769,0.08821599480681769,0.0,0.3771853258164788,0.14226877001128327,0.4204291595247709,0.14226877001128324,2.7755575615628914e-17,19.777926995354573,35.20430582207763,42.58443973467679,2.8389626489784527,0.39231753588419394,0.5234138720101683,0.5756689492826533,0.9097133483170659,1.0
random,18,20270945,15,16,1.0,0.25,0.25,4,0.8566499822544401,0.08821599480681769,0.08821599480681769,0.08821599480681769,0.0,0.2960567464482637,0.0876495971175315,0.33158547346267286,0.0876495971175315,0.0,18.128936746600697,32.78473704779974,44.85546974513903,2.9903646496759353,0.37560684902992214,0.5051067687406884,0.5908197990271239,0.9097133483170659,1.0
random,19,20270946,15,16,1.0,0.25,0.25,4,0.8273338578029518,0.08821599480681769,0.08821599480681769,0.08821599480681769,0.0,0.2863600689067574,0.08200208906428286,0.3208819499326636,0.08200208906428275,1.1102230246251565e-16,18.607645589685376,34.256838878042764,48.794626149136725,3.2529750766091152,0.3805336342696123,0.5163224139603269,0.6162165149206228,0.9097133483170659,1.0
random,20,20270947,15,16,1.0,0.25,0.25,4,0.8083624149278965,0.08821599480681769,0.08821599480681769,0.08821599480681769,0.0,0.2800612706444675,0.07843431531499367,0.3139205281000692,0.07843431531499367,0.0,16.398586026451863,33.54190817534954,46.045517502317225,3.0697011668211482,0.3572321498725393,0.5109062539153469,0.5986059305102736,0.9097133483170659,1.0
random,21,20270948,15,16,1.0,0.25,0.25,4,1.2410485294838147,0.08821599480681769,0.08821599480681769,0.08821599480681769,0.0,0.41848112701314333,0.1751264536661906,0.46508731604480147,0.1751264536661905,8.326672684688674e-17,23.17930693307468,37.46988642308887,37.64569375056993,2.5097129167046623,0.42471496045930934,0.5399934902627447,0.5412588225635682,0.9097133483170659,1.0
random,22,20270949,15,16,1.0,0.25,0.25,4,0.6944366804819188,0.08821599480681769,0.08821599480681769,0.08821599480681769,0.0,0.24186648099591287,0.05849939462934629,0.2715727065545428,0.05849939462934617,1.1796119636642288e-16,14.338074639789305,32.01561152613952,47.3642508235475,3.157616721569833,0.33403560001304816,0.4991467374755415,0.6071173891152836,0.9097133483170659,1.0
random,23,20270950,15,16,1.0,0.25,0.25,4,0.9373148842818688,0.08821599480681769,0.08821599480681769,0.08821599480681769,0.0,0.3224973016683765,0.10400450958338382,0.36068548869791606,0.10400450958338381,1.3877787807814457e-17,19.611071004101312,37.83373071566599,53.74757199695096,3.5831714664633973,0.3906591421388531,0.5426089091368055,0.6467355902084554,0.9097133483170659,1.0
random,24,20270951,15,16,1.0,0.25,0.25,4,0.8142041265748008,0.08821599480681769,0.08821599480681769,0.08821599480681769,0.0,0.28200276391077433,0.07952555885331593,0.3160669719420861,0.07952555885331593,0.0,17.64614954376829,34.08921793425948,47.71430301631991,3.1809535344213273,0.37057175448026336,0.5150576653389611,0.6093567526026528,0.9097133483170659,1.0
random,25,20270952,15,16,1.0,0.25,0.25,4,0.7389473406735076,0.08821599480681769,0.08821599480681769,0.08821599480681769,0.0,0.2568620307566294,0.06597810284441963,0.28822530496815735,0.06597810284441963,0.0,16.05112265838998,32.02315895386633,48.33429145699113,3.2222860971327423,0.3534272591637423,0.4992055689603467,0.613302894388808,0.9097133483170659,1.0
random,26,20270953,15,16,1.0,0.25,0.25,4,0.7501027273987786,0.08821599480681769,0.08821599480681769,0.08821599480681769,0.0,0.2606059521272991,0.06791546228417611,0.2923777326840593,0.06791546228417612,1.3877787807814457e-17,13.630490643758815,32.60563091447863,42.17778514044818,2.8118523426965454,0.32568899234224086,0.5037251560525694,0.5729137177700944,0.9097133483170659,1.0
random,27,20270954,15,16,1.0,0.25,0.25,4,0.9024448051950618,0.08821599480681769,0.08821599480681769,0.08821599480681769,0.0,0.3111118327713237,0.09679057249033209,0.34817073501419493,0.09679057249033209,0.0,19.05458263838349,34.764325347170534,43.39715183871124,2.8931434559140827,0.38507653592135727,0.5201327966900976,0.5811362275219447,0.9097133483170659,1.0
random,28,20270955,15,16,1.0,0.25,0.25,4,1.0009363273407803,0.08821599480681769,0.08821599480681769,0.08821599480681769,0.0,0.3430885402091833,0.11770974642286837,0.3832545323478367,0.11770974642286837,0.0,18.181346619339237,32.41910849561713,35.951131553964366,2.3967421035976244,0.3761493877485524,0.5022822949903336,0.5289365986269604,0.9097133483170659,1.0
random,29,20270956,15,16,1.0,0.25,0.25,4,1.0600279925179652,0.08821599480681769,0.08821599480681769,0.08821599480681769,0.0,0.3619935550145139,0.13103933387204592,0.40389777327667176,0.13103933387204592,0.0,18.100673443696266,36.04354800054554,45.937429821608625,3.062495321440575,0.3753139462770002,0.5296160079341653,0.5979029311163219,0.9097133483170659,1.0
random,30,20270957,15,16,1.0,0.25,0.25,4,1.095296193859853,0.08821599480681769,0.08821599480681769,0.08821599480681769,0.0,0.37317143829314176,0.1392569223577721,0.4160664427140728,0.13925692235777198,1.1102230246251565e-16,19.14302788229146,35.27102071730759,38.380050208773525,2.558670013918235,0.38596920196548323,0.5239095922449958,0.5465125069928678,0.9097133483170659,1.0
random,31,20270958,15,16,1.0,0.25,0.25,4,1.1001067097935413,0.08821599480681769,0.08821599480681769,0.08821599480681769,0.0,0.3746898228407336,0.14039246334042033,0.4177172213543099,0.14039246334042044,1.1102230246251565e-16,23.29937015782946,37.275100140906666,43.50498605185159,2.9003324034567726,0.4258135003327967,0.5385880899649949,0.5818577897070331,0.9097133483170659,1.0
random,32,20270959,15,16,1.0,0.25,0.25,4,0.7687341929159223,0.08821599480681769,0.08821599480681769,0.08821599480681769,0.0,0.2668457837577037,0.07120667230926316,0.2992936158084649,0.07120667230926314,1.3877787807814457e-17,15.20260759923372,31.113411319706913,39.44016990265806,2.629344660177204,0.34395876343324633,0.49206349978879504,0.5540088782763057,0.9097133483170659,1.0
random,33,20270960,15,16,1.0,0.25,0.25,4,0.8499762566480293,0.08821599480681769,0.08821599480681769,0.08821599480681769,0.0,0.2938533033529952,0.08634976389146742,0.3291546709790767,0.08634976389146742,0.0,16.81232511057444,33.473737913573,44.258081391488986,2.950538759432599,0.3617105914945657,0.5103868092964908,0.5868723216098497,0.9097133483170659,1.0
random,34,20270961,15,16,1.0,0.25,0.25,4,1.3462503729170179,0.08821599480681769,0.08821599480681769,0.08821599480681769,0.0,0.4502438591394828,0.20271953269281442,0.49913234826848796,0.2027195326928144,2.7755575615628914e-17,27.52353678251128,39.775222359898706,43.32293861773639,2.888195907849093,0.46280650658559386,0.556357112039807,0.5806391160358602,0.9097133483170659,1.0
random,35,20270962,15,16,1.0,0.25,0.25,4,1.161063938151101,0.08821599480681769,0.08821599480681769,0.08821599480681769,0.0,0.39379699536689683,0.15507607355999575,0.4384440654546906,0.15507607355999578,2.7755575615628914e-17,24.38288919485858,38.415975781137426,48.54829907887057,3.2365532719247048,0.4356020536086013,0.5467682281568684,0.6146591419575029,0.9097133483170659,1.0
random,36,20270963,15,16,1.0,0.25,0.25,4,0.9487162678636084,0.08821599480681769,0.08821599480681769,0.08821599480681769,0.0,0.32620490561939897,0.10640964045016099,0.3647554574895473,0.106409640450161,1.3877787807814457e-17,17.129668909109277,33.77482141429928,45.6814301581823,3.0454286772121533,0.3651083962774282,0.5126770381978566,0.596234609739613,0.9097133483170659,1.0
random,37,20270964,15,16,1.0,0.25,0.25,4,0.7941959464356925,0.08821599480681769,0.08821599480681769,0.08821599480681769,0.0,0.2753458910642928,0.07581535972598939,0.30870478552981395,0.0758153597259894,1.3877787807814457e-17,13.76832683241788,30.646933107559047,42.4570861324455,2.8304724088296997,0.32733158946704455,0.48836085590187467,0.5748075030589369,0.9097133483170659,1.0
random,38,20270965,15,16,1.0,0.25,0.25,4,0.7745498185721658,0.08821599480681769,0.08821599480681769,0.08821599480681769,0.0,0.26879006091866786,0.07224809684866118,0.3014473014308954,0.07224809684866118,0.0,18.563980111744854,34.65788188099968,50.134985633691485,3.3423323755794323,0.38008688396892876,0.5193358995555065,0.6246227289517982,0.9097133483170659,1.0
random,39,20270966,15,16,1.0,0.25,0.25,4,1.0342434428712504,0.08821599480681769,0.08821599480681769,0.08821599480681769,0.0,0.3537711486426383,0.1251540256119317,0.3949288085886371,0.12515402561193167,2.7755575615628914e-17,18.851610124730755,35.496235998285165,41.691492303317496,2.7794328202211664,0.3830200959277113,0.5255795849037725,0.5696014107487788,0.9097133483170659,1.0
random,40,20270967,15,16,1.0,0.25,0.25,4,1.2385678853040585,0.08821599480681769,0.08821599480681769,0.08821599480681769,0.0,0.41772237237969273,0.17449198038651867,0.4642706792521545,0.1744919803865188,1.3877787807814457e-16,26.101070016337893,40.01686613438563,44.28031256029186,2.9520208373527907,0.4506885158741548,0.5580445527817286,0.5870196983065439,0.9097133483170659,1.0
random,41,20270968,15,16,1.0,0.25,0.25,4,1.2823445465277217,0.08821599480681769,0.08821599480681769,0.08821599480681769,0.0,0.43104684594160425,0.1858013833962051,0.4785892382203769,0.1858013833962051,0.0,26.333836033273514,39.24706577669184,45.90594767619881,3.0603965117465872,0.452693646802734,0.552650964876114,0.5976980165921666,0.9097133483170659,1.0
random,42,20270969,15,16,1.0,0.25,0.25,4,0.8476053753387203,0.08821599480681769,0.08821599480681769,0.08821599480681769,0.0,0.2930699487506435,0.08588999486070481,0.3282902821397351,0.08588999486070481,0.0,15.634260575453265,30.580039404678338,39.5080699033372,2.633871326889147,0.34880765624283255,0.48782758701347856,0.5544855626672214,0.9097133483170659,1.0
random,43,20270970,15,16,1.0,0.25,0.25,4,0.8613478317971721,0.08821599480681769,0.08821599480681769,0.08821599480681769,0.0,0.29760639869382355,0.08856956854350706,0.33329451250488873,0.08856956854350707,1.3877787807814457e-17,15.593105257066368,32.72391491486151,41.19781394055088,2.7465209293700585,0.3483482565264421,0.5046380150503827,0.5662189785130549,0.9097133483170659,1.0
random,44,20270971,15,16,1.0,0.25,0.25,4,1.034442698128631,0.08821599480681769,0.08821599480681769,0.08821599480681769,0.0,0.35383484921154645,0.1251991005165578,0.39499834948185963,0.1251991005165578,0.0,18.922535123076052,35.08843354948695,38.22063105493914,2.548042070329276,0.38373993354938757,0.5225517737348618,0.5453763018338718,0.9097133483170659,1.0
random,45,20270972,15,16,1.0,0.25,0.25,4,0.9613702342216234,0.08821599480681769,0.08821599480681769,0.08821599480681769,0.0,0.33031098236735607,0.10910534507248781,0.3692596896724294,0.10910534507248792,1.1102230246251565e-16,16.68273260593781,34.6296951766637,48.72259137280714,3.2481727581871427,0.36031382866503564,0.5191246727846254,0.6157614913130829,0.9097133483170659,1.0
random,46,20270973,15,16,1.0,0.25,0.25,4,1.077323820149228,0.08821599480681769,0.08821599480681769,0.08821599480681769,0.0,0.3674853174787398,0.13504545856245018,0.4098798393848564,0.1350454585624502,2.7755575615628914e-17,23.617529086408606,39.364731617036526,48.639927393067175,3.242661826204478,0.42871093931800525,0.553478790752385,0.6152389113101686,0.9097133483170659,1.0
random,47,20270974,15,16,1.0,0.25,0.25,4,1.0534445541305573,0.08821599480681769,0.08821599480681769,0.08821599480681769,0.0,0.3598981634854818,0.1295266880802226,0.4016135367201845,0.12952668808022283,2.220446049250313e-16,23.102079339724206,35.648449428031924,52.534136334105625,3.502275755607042,0.42400684869290317,0.5267052632882371,0.6393933784430321,0.9097133483170659,1.0
random,48,20270975,15,16,1.0,0.25,0.25,4,0.7609787344850613,0.08821599480681769,0.08821599480681769,0.08821599480681769,0.0,0.2642504371922063,0.06982829355627217,0.29641781216097973,0.06982829355627218,1.3877787807814457e-17,16.010448606815377,30.20761836387875,40.99190690900788,2.7327937939338587,0.3529791772037487,0.48484796701513166,0.5648022223719111,0.9097133483170659,1.0
random,49,20270976,15,16,1.0,0.25,0.25,4,0.8643684194544172,0.08821599480681769,0.08821599480681769,0.08821599480681769,0.0,0.29860215870878554,0.08916324918554674,0.3343924652141532,0.08916324918554674,0.0,16.259768887817074,33.767536952184685,46.46316845530349,3.097544563686899,0.35571691744864214,0.5126217488181806,0.6013145978137215,0.9097133483170659,1.0
aligned,0,20270927,16,16,1.0,0.25,0.25,4,4.0,0.08821599480681769,0.08821599480681769,0.08821599480681769,0.0,0.9298734950321937,0.8646647167633872,0.9544997361036416,0.8646647167633874,2.220446049250313e-16,111.10997903628098,128.1082986803531,126.10423662235617,7.8815147888972605,0.9298734950321937,0.9984721777323954,0.9906315940045707,0.9298734950321937,1.0
alternating,0,20270927,16,16,1.0,0.25,0.25,4,0.0,0.08821599480681769,0.08821599480681769,0.08821599480681769,0.0,0.0,0.0,0.0,-7.0581651233306656e-15,7.0581651233306656e-15,64.0,128.0,256.00000000000097,16.00000000000006,0.7057279584545415,0.9980500501922889,1.0,0.9298734950321937,1.0
orthogonal,0,20270927,16,16,1.0,0.25,0.25,4,1.0,0.08821599480681769,0.08821599480681769,0.08821599480681769,0.0,0.34278724803499405,0.11750309741540453,0.38292492254802624,0.11750309741540454,1.3877787807814457e-17,15.099224517214049,16.0,16.06249730575673,1.0039060816097956,0.34278724803499405,0.35286397922727075,0.3535524653118276,0.9298734950321937,1.0
clustered,0,20270927,16,16,1.0,0.25,0.25,4,2.0,0.08821599480681769,0.08821599480681769,0.08821599480681769,0.0,0.6272713450233213,0.3934693402873666,0.6826894921370859,0.3934693402873666,0.0,50.561066391601116,60.3968980688562,64.17185853735059,4.010741158584412,0.6272713450233213,0.6855744960699881,0.7066748651909035,0.9298734950321937,1.0
random,0,20270927,16,16,1.0,0.25,0.25,4,1.1876972231627352,0.08821599480681769,0.08821599480681769,0.08821599480681769,0.0,0.4020660529964088,0.161657110972111,0.4473866277362606,0.161657110972111,0.0,23.176706491724453,41.302866699777084,48.84661986212244,3.0529137413826524,0.42469113581850826,0.5669404366303373,0.61654473604553,0.9298734950321937,1.0
random,1,20270928,16,16,1.0,0.25,0.25,4,1.2188208290985156,0.08821599480681769,0.08821599480681769,0.08821599480681769,0.0,0.41166663421908783,0.16946941772927226,0.45774756350351664,0.16946941772927226,0.0,23.82288494235965,43.14464001659381,55.20368448159671,3.4502302800997944,0.4305707391829569,0.5794430535856835,0.6554376254822595,0.9298734950321937,1.0
random,2,20270929,16,16,1.0,0.25,0.25,4,0.8527711766857744,0.08821599480681769,0.08821599480681769,0.08821599480681769,0.0,0.29477638108750936,0.08689311484704855,0.3301730989634555,0.08689311484704865,9.71445146547012e-17,20.0885839706539,38.16158812430522,52.73373901277325,3.295858688298328,0.39538664712394006,0.5449548925099225,0.6406069097079788,0.9298734950321937,1.0
random,3,20270930,16,16,1.0,0.25,0.25,4,1.0150576329738836,0.08821599480681769,0.08821599480681769,0.08821599480681769,0.0,0.34762601748184024,0.1208438480302847,0.3882161775164321,0.12084384803028458,1.1102230246251565e-16,20.51245137945616,38.25247883661601,45.762708717363026,2.860169294835189,0.39953618493032755,0.5456034750670803,0.5967647984063833,0.9298734950321937,1.0
random,4,20270931,16,16,1.0,0.25,0.25,4,0.7440892908223773,0.08821599480681769,0.08821599480681769,0.08821599480681769,0.0,0.2585884762398968,0.06686800004407166,0.2901403908462288,0.06686800004407167,1.3877787807814457e-17,16.51522307300879,33.787018684612754,43.88514433028704,2.74282152064294,0.3585003285912096,0.5127696026540208,0.5843944751932705,0.9298734950321937,1.0
random,5,20270932,16,16,1.0,0.25,0.25,4,0.6516336145446774,0.08821599480681769,0.08821599480681769,0.08821599480681769,0.0,0.22736367107664907,0.051694238925450664,0.25543703833316966,0.051694238925450664,0.0,16.54692479902836,34.17519828667267,49.12756280234262,3.0704726751464135,0.35884424251915537,0.5157067994852372,0.6183152325890042,0.9298734950321937,1.0
random,6,20270933,16,16,1.0,0.25,0.25,4,1.3523298912817172,0.08821599480681769,0.08821599480681769,0.08821599480681769,0.0,0.4520540753442002,0.20435288703529986,0.5010640739732668,0.20435288703529986,0.0,27.43665698036589,43.91799820687045,46.7109723549898,2.9194357721868625,0.4620754901027841,0.584613182824661,0.6029159732421998,0.9298734950321937,1.0
random,7,20270934,16,16,1.0,0.25,0.25,4,0.912937521239399,0.08821599480681769,0.08821599480681769,0.08821599480681769,0.0,0.3145450504361924,0.09893858875390682,0.3519470699915528,0.09893858875390682,0.0,17.93588519213984,38.159389035945054,45.99831430923937,2.8748946443274606,0.37360161391837743,0.5449391905791976,0.5982990237993248,0.9298734950321937,1.0
random,8,20270935,16,16,1.0,0.25,0.25,4,0.7612134096625175,0.08821599480681769,0.08821599480681769,0.08821599480681769,0.0,0.2643290131707601,0.06986982720382785,0.29650489461322826,0.06986982720382773,1.249000902703301e-16,18.084560596777393,36.90960752850508,50.158441831389354,3.1349026144618346,0.37514686070989456,0.5359410831210901,0.6247688301298779,0.9298734950321937,1.0
random,9,20270936,16,16,1.0,0.25,0.25,4,0.7509707165088468,0.08821599480681769,0.08821599480681769,0.08821599480681769,0.0,0.260897016724537,0.06806725333576336,0.2927004663622066,0.06806725333576324,1.1102230246251565e-16,16.054752594284288,36.58903900612825,49.192369328641114,3.0745230830400696,0.3534672204112228,0.5336086211298018,0.6187229228341136,0.9298734950321937,1.0
random,10,20270937,16,16,1.0,0.25,0.25,4,1.14410515939624,0.08821599480681769,0.08821599480681769,0.08821599480681769,0.0,0.3885063169938365,0.15093715834411536,0.43271364621637676,0.15093715834411536,0.0,22.13441803032716,41.661244837457744,56.910947251796145,3.556934203237259,0.415031815269125,0.5693947483777905,0.6654956838188376,0.9298734950321937,1.0
random,11,20270938,16,16,1.0,0.25,0.25,4,1.0347599968626702,0.08821599480681769,0.08821599480681769,0.08821599480681769,0.0,0.3539362823685975,0.12527089197690355,0.3951090806307531,0.12527089197690355,0.0,23.98706289778346,39.796712954920345,49.86547864810189,3.1165924155063682,0.4320518538624421,0.5565073919136716,0.6229415971999603,0.9298734950321937,1.0
random,12,20270939,16,16,1.0,0.25,0.25,4,1.1143055685946683,0.08821599480681769,0.08821599480681769,0.08821599480681769,0.0,0.37916265513798336,0.1437643190512853,0.42257695400507034,0.14376431905128528,2.7755575615628914e-17,24.711558649363756,42.571658432968974,51.22150267254578,3.2013439170341114,0.4385280778866527,0.5755825521062894,0.6313548100718431,0.9298734950321937,1.0
random,13,20270940,16,16,1.0,0.25,0.25,4,1.1620116859104794,0.08821599480681769,0.08821599480681769,0.08821599480681769,0.0,0.3940920883566062,0.1553085741052711,0.4387634844129087,0.1553085741052711,0.0,25.15700215208875,41.62512345222577,44.77974872213324,2.7987342951333276,0.4424628164430786,0.5691478548059429,0.5903209036163487,0.9298734950321937,1.0
random,14,20270941,16,16,1.0,0.25,0.25,4,1.0257708820454252,0.08821599480681769,0.08821599480681769,0.08821599480681769,0.0,0.3510602383454373,0.12324329094715526,0.3919685418558383,0.12324329094715525,1.3877787807814457e-17,18.220998177174376,36.339926686607186,41.34621180500561,2.5841382378128506,0.3765593349988304,0.531789011820855,0.567237845151046,0.9298734950321937,1.0
random,15,20270942,16,16,1.0,0.25,0.25,4,1.0346631066819338,0.08821599480681769,0.08821599480681769,0.08821599480681769,0.0,0.3539053094582225,0.12524896806272023,0.3950752687870316,0.12524896806272023,0.0,25.311447092606006,40.77196243994415,58.19515624099654,3.6371972650622837,0.4438189315444303,0.5632849447292887,0.6729623309088035,0.9298734950321937,1.0
random,16,20270943,16,16,1.0,0.25,0.25,4,0.9726514679262831,0.08821599480681769,0.08821599480681769,0.08821599480681769,0.0,0.33396368678289956,0.11153174408962664,0.37326376355642954,0.11153174408962652,1.249000902703301e-16,17.259274968249414,37.63028551524167,49.23222002366955,3.0770137514793467,0.3664870303112384,0.5411480436666798,0.6189734855464101,0.9298734950321937,1.0
random,17,20270944,16,16,1.0,0.25,0.25,4,1.0541285753869214,0.08821599480681769,0.08821599480681769,0.08821599480681769,0.0,0.3601160034475097,0.12968353593900683,0.40185105443074165,0.12968353593900683,0.0,19.777926995354573,38.42733131497954,50.46036119190668,3.1537725744941674,0.39231753588419394,0.5468490329032764,0.6266463485937104,0.9298734950321937,1.0
random,18,20270945,16,16,1.0,0.25,0.25,4,0.988236184643274,0.08821599480681769,0.08821599480681769,0.08821599480681769,0.0,0.33899735278928,0.11491920519813957,0.37877721883607895,0.11491920519813958,1.3877787807814457e-17,22.672265833578233,38.692026317052274,48.90947133826241,3.0568419586414004,0.42004401257139395,0.548729202462912,0.6169412659347795,0.9298734950321937,1.0
random,19,20270946,16,16,1.0,0.25,0.25,4,0.774307319507922,0.08821599480681769,0.08821599480681769,0.08821599480681769,0.0,0.26870902160331006,0.07220453829100815,0.3013575457011246,0.07220453829100804,1.1102230246251565e-16,18.607645589685376,38.04414448949734,57.26272254863754,3.5789201592898463,0.3805336342696123,0.5441156873804364,0.6675492807726208,0.9298734950321937,1.0
random,20,20270947,16,16,1.0,0.25,0.25,4,0.8946387717136585,0.08821599480681769,0.08821599480681769,0.08821599480681769,0.0,0.3085537144068431,0.09520539467425969,0.34535552813695203,0.0952053946742597,1.3877787807814457e-17,18.561706912662736,37.28657532461882,49.42630699867762,3.089144187417351,0.38006361203041544,0.5386709860761617,0.6201923674408347,0.9298734950321937,1.0
random,21,20270948,16,16,1.0,0.25,0.25,4,1.3215574779285826,0.08821599480681769,0.08821599480681769,0.08821599480681769,0.0,0.442862542873841,0.19612723188068468,0.4912457804966168,0.1961272318806846,8.326672684688674e-17,26.86919119489749,41.84495701522471,41.75448925909601,2.6096555786935007,0.4572720249217238,0.5706487877757518,0.5700315897617291,0.9298734950321937,1.0
random,22,20270949,16,16,1.0,0.25,0.25,4,0.667281579082489,0.08821599480681769,0.08821599480681769,0.08821599480681769,0.0,0.2326747039720798,0.05413751786849496,0.26134936537419473,0.054137517868494855,1.0408340855860843e-16,14.928485354888709,35.57388575540634,51.17428070953986,3.198392544346241,0.3408436514192313,0.5261541364197528,0.6310637146669649,0.9298734950321937,1.0
random,23,20270950,16,16,1.0,0.25,0.25,4,0.9490999253640442,0.08821599480681769,0.08821599480681769,0.08821599480681769,0.0,0.3263295357718809,0.1064909659170913,0.3648922217028452,0.10649096591709128,1.3877787807814457e-17,23.413709307710118,42.41175372080571,63.222751664847834,3.9514219790529896,0.426857038584713,0.5745005534781119,0.701429509511211,0.9298734950321937,1.0
random,24,20270951,16,16,1.0,0.25,0.25,4,0.8391576780058307,0.08821599480681769,0.08821599480681769,0.08821599480681769,0.0,0.29027636772904186,0.08426036966196594,0.3252068503167953,0.08426036966196593,1.3877787807814457e-17,17.655608835388755,36.98266315174684,51.496895348227824,3.218555959264239,0.3706710644358221,0.5364712181911636,0.6330497760884901,0.9298734950321937,1.0
random,25,20270952,16,16,1.0,0.25,0.25,4,0.702288225679982,0.08821599480681769,0.08821599480681769,0.08821599480681769,0.0,0.24451814903371685,0.05978912520687497,0.2745197648692934,0.05978912520687496,6.938893903907228e-18,16.05112265838998,34.63319456600229,51.64211734904819,3.227632334315512,0.3534272591637423,0.5191509013356604,0.6339417525151996,0.9298734950321937,1.0
random,26,20270953,16,16,1.0,0.25,0.25,4,0.738652755392566,0.08821599480681769,0.08821599480681769,0.08821599480681769,0.0,0.2567630842220379,0.06592728141921333,0.2881155333710619,0.06592728141921333,0.0,14.438116577811607,34.70616588272356,45.185144728492475,2.8240715455307797,0.33519891797905843,0.5196975328492381,0.5929870032276936,0.9298734950321937,1.0
random,27,20270954,16,16,1.0,0.25,0.25,4,1.0223280953003742,0.08821599480681769,0.08821599480681769,0.08821599480681769,0.0,0.3499573980234243,0.12247018043132542,0.390763808874631,0.1224701804313254,1.3877787807814457e-17,23.316850634140476,40.19655725396084,51.992745418947656,3.2495465886842285,0.42597320480467,0.5592960667445996,0.6360902096948922,0.9298734950321937,1.0
random,28,20270955,16,16,1.0,0.25,0.25,4,1.0997942162163392,0.08821599480681769,0.08821599480681769,0.08821599480681769,0.0,0.37459123386543935,0.14031859248883227,0.41761005214246305,0.14031859248883227,0.0,21.733938820716375,37.45302478950176,43.42020705511205,2.713762940944503,0.4112600804246689,0.5398719767246054,0.5812905745458911,0.9298734950321937,1.0
random,29,20270956,16,16,1.0,0.25,0.25,4,1.122228286441869,0.08821599480681769,0.08821599480681769,0.08821599480681769,0.0,0.38165261818401874,0.1456587209667164,0.42528027282759173,0.1456587209667165,1.1102230246251565e-16,20.97346952076696,39.52977903190923,50.24907621776126,3.1405672636100785,0.40400103305252744,0.5546378827534674,0.6253330420602667,0.9298734950321937,1.0
random,30,20270957,16,16,1.0,0.25,0.25,4,1.090814742464077,0.08821599480681769,0.08821599480681769,0.08821599480681769,0.0,0.3717555575483448,0.1382021945680807,0.4145266281376574,0.1382021945680807,0.0,19.14302788229146,38.21132753063923,42.259163965261884,2.6411977478288677,0.38596920196548323,0.545309921055441,0.5734661481274727,0.9298734950321937,1.0
random,31,20270958,16,16,1.0,0.25,0.25,4,1.2142433494132034,0.08821599480681769,0.08821599480681769,0.08821599480681769,0.0,0.4102589167819335,0.16831237879908542,0.4562298330469303,0.16831237879908556,1.3877787807814457e-16,26.55103984897411,41.99944983250218,47.077969497864544,2.942373093616534,0.4545567416279856,0.5717012433363575,0.6052798238953241,0.9298734950321937,1.0
random,32,20270959,16,16,1.0,0.25,0.25,4,0.8403054349161337,0.08821599480681769,0.08821599480681769,0.08821599480681769,0.0,0.29065614101056364,0.08448099230715266,0.32562610669899206,0.08448099230715267,1.3877787807814457e-17,15.703904340444746,35.01483371685187,42.06971025303609,2.6293568908147558,0.3495836854496658,0.5220034461493989,0.5721792398914813,0.9298734950321937,1.0
random,33,20270960,16,16,1.0,0.25,0.25,4,0.8471714589736875,0.08821599480681769,0.08821599480681769,0.08821599480681769,0.0,0.29292654782131894,0.08580596241851546,0.32813203549124426,0.08580596241851535,1.1102230246251565e-16,16.81232511057444,36.85993887298572,49.68868862436402,3.105543039022751,0.3617105914945657,0.5355803581473325,0.6218363471544073,0.9298734950321937,1.0
random,34,20270961,16,16,1.0,0.25,0.25,4,1.391614781788724,0.08821599480681769,0.08821599480681769,0.08821599480681769,0.0,0.46368295753247524,0.21500188510606325,0.5134505399580347,0.21500188510606322,2.7755575615628914e-17,29.673582988841726,43.38386796715574,47.327354778949434,2.9579596736843397,0.480543083249519,0.5810472777923064,0.6068808753529342,0.9298734950321937,1.0
random,35,20270962,16,16,1.0,0.25,0.25,4,1.1958050657604284,0.08821599480681769,0.08821599480681769,0.08821599480681769,0.0,0.404573597052159,0.16367979543172273,0.4500950302738749,0.16367979543172273,0.0,24.504910851534582,42.94576054464002,54.6318306161333,3.4144894135083312,0.4366906561559003,0.5781060110560923,0.6520339552589788,0.9298734950321937,1.0
random,36,20270963,16,16,1.0,0.25,0.25,4,1.0325800494078943,0.08821599480681769,0.08821599480681769,0.08821599480681769,0.0,0.35323927619445405,0.1247779862463818,0.39434813777191335,0.12477798624638181,1.3877787807814457e-17,19.92729249499592,37.22464636546263,49.25664347275438,3.0785402170471485,0.393796166185305,0.53822346312348,0.619126998763701,0.9298734950321937,1.0
random,37,20270964,16,16,1.0,0.25,0.25,4,0.8209423199950174,0.08821599480681769,0.08821599480681769,0.08821599480681769,0.0,0.28424004291576976,0.08079240199675863,0.31853964475581353,0.08079240199675863,0.0,16.28172621908662,35.088883732070194,51.808001317848856,3.2380000823655535,0.3559570180046237,0.522555125878703,0.6349591048791136,0.9298734950321937,1.0
random,38,20270965,16,16,1.0,0.25,0.25,4,0.8226835597904453,0.08821599480681769,0.08821599480681769,0.08821599480681769,0.0,0.28481780770858134,0.08112118358792242,0.31917806198995957,0.08112118358792242,0.0,18.61956843149968,37.890228913058905,54.80677273316416,3.42542329582276,0.38065552813738474,0.5430139047344282,0.6530770928200481,0.9298734950321937,1.0
random,39,20270966,16,16,1.0,0.25,0.25,4,1.0440576118478027,0.08821599480681769,0.08821599480681769,0.08821599480681769,0.0,0.3569057181182475,0.12738169162550195,0.39834972565247395,0.12738169162550195,0.0,18.87012302839003,38.83248895565477,45.100743178814156,2.8187964486758847,0.3832081189689642,0.5497243186919396,0.5924329227232674,0.9298734950321937,1.0
random,40,20270967,16,16,1.0,0.25,0.25,4,1.2508915445278874,0.08821599480681769,0.08821599480681769,0.08821599480681769,0.0,0.4214874420414915,0.17765166379867967,0.46832147125633505,0.1776516637986798,1.3877787807814457e-16,26.101070016337893,43.24735573311284,48.70110014251553,3.0438187589072205,0.4506885158741548,0.5801323921281207,0.6156256720630803,0.9298734950321937,1.0
random,41,20270968,16,16,1.0,0.25,0.25,4,1.2162455557770881,0.08821599480681769,0.08821599480681769,0.08821599480681769,0.0,0.410874840235904,0.16881813433887963,0.4568939538657215,0.1688181343388796,2.7755575615628914e-17,26.333836033273514,41.432932368965886,49.90296194147247,3.1189351213420293,0.452693646802734,0.5678324028746928,0.6231756821517163,0.9298734950321937,1.0
random,42,20270969,16,16,1.0,0.25,0.25,4,0.824250756231447,0.08821599480681769,0.08821599480681769,0.08821599480681769,0.0,0.2853376894858096,0.08141759704110031,0.3197524716132354,0.0814175970411003,1.3877787807814457e-17,16.924273482283805,33.498464695284305,42.14458262796763,2.634036414247977,0.3629128561234171,0.5105752838179257,0.5726881734479181,0.9298734950321937,1.0
random,43,20270970,16,16,1.0,0.25,0.25,4,0.826807215016998,0.08821599480681769,0.08821599480681769,0.08821599480681769,0.0,0.28618546498042496,0.08190212036606204,0.32068906800101815,0.08190212036606204,0.0,15.593105257066368,35.949162791533674,44.52304013815266,2.782690008634541,0.3483482565264421,0.5289221155673788,0.5886264071520747,0.9298734950321937,1.0
random,44,20270971,16,16,1.0,0.25,0.25,4,1.0688388528408947,0.08821599480681769,0.08821599480681769,0.08821599480681769,0.0,0.3647935721322635,0.13307435026901693,0.4069486184598139,0.13307435026901693,0.0,19.497883590704898,39.27350884016386,48.12593681871028,3.0078710511693925,0.389530145043295,0.5528371103055829,0.6119795843055741,0.9298734950321937,1.0
random,45,20270972,16,16,1.0,0.25,0.25,4,0.8613886158516155,0.08821599480681769,0.08821599480681769,0.08821599480681769,0.0,0.2976198467278259,0.08857757316629457,0.3333093418537334,0.08857757316629467,9.71445146547012e-17,16.68273260593781,36.8928559719087,53.21761233871694,3.3261007711698087,0.36031382866503564,0.5358194499356451,0.6435392333512556,0.9298734950321937,1.0
random,46,20270973,16,16,1.0,0.25,0.25,4,1.0350529531223343,0.08821599480681769,0.08821599480681769,0.08821599480681769,0.0,0.3540299282074843,0.1253371900665965,0.39521130865531284,0.1253371900665965,0.0,23.617529086408606,42.61940659839813,56.04945687802185,3.5030910548763656,0.42871093931800525,0.5759052469465087,0.6604395005635147,0.9298734950321937,1.0
random,47,20270974,16,16,1.0,0.25,0.25,4,1.0947657044129593,0.08821599480681769,0.08821599480681769,0.08821599480681769,0.0,0.37300390260526545,0.13913191135875835,0.4158842664080842,0.13913191135875846,1.1102230246251565e-16,25.937320342815678,39.515241397832284,57.326965144835526,3.5829353215522204,0.44927255454972254,0.5545358854206932,0.6679236349388888,0.9298734950321937,1.0
random,48,20270975,16,16,1.0,0.25,0.25,4,0.7472269305998986,0.08821599480681769,0.08821599480681769,0.08821599480681769,0.0,0.2596413505063838,0.06741363089277885,0.29130808556614873,0.06741363089277885,0.0,17.22720644550456,32.704147364973636,43.744771655520275,2.734048228470017,0.36614639717256175,0.5044855735700667,0.5834590935231092,0.9298734950321937,1.0
random,49,20270976,16,16,1.0,0.25,0.25,4,1.009616806720151,0.08821599480681769,0.08821599480681769,0.08821599480681769,0.0,0.3458792085843634,0.11963242693094556,0.3863065869789113,0.11963242693094556,0.0,21.83002442652719,39.69572717237807,50.8785743161075,3.179910894756719,0.4121681669751156,0.555800863313449,0.6292377981007953,0.9298734950321937,1.0
aligned,0,20270927,2,16,1.0,0.5,0.5,4,1.0,0.17540457668959458,0.17540457668959458,0.17540457668959458,0.0,0.34278724803499405,0.11750309741540453,0.38292492254802624,0.11750309741540454,1.3877787807814457e-17,3.8191566586698587,3.8191566586698587,3.8191566586698587,1.9095783293349293,0.34278724803499405,0.34278724803499405,0.34278724803499405,0.34278724803499405,0.35080915337918916
alternating,0,20270927,2,16,1.0,0.5,0.5,4,0.0,0.17540457668959458,0.17540457668959458,0.17540457668959458,0.0,0.0,0.0,0.0,-1.1700049287156663e-17,1.1700049287156663e-17,1.0,2.0,4.0,2.0,0.17540457668959458,0.24805953125673633,0.35080915337918916,0.34278724803499405,0.35080915337918916
orthogonal,0,20270927,2,16,1.0,0.5,0.5,4,0.7071067811865476,0.17540457668959458,0.17540457668959458,0.17540457668959458,0.0,0.24614413904564983,0.0605869371865242,0.2763263901682369,0.060586937186524185,1.3877787807814457e-17,1.9692332344763464,2.0,2.0307667655236536,1.0153833827618268,0.2461441390456498,0.24805953125673633,0.24996024665554178,0.34278724803499405,0.35080915337918916
clustered,0,20270927,2,16,1.0,0.5,0.5,4,1.0,0.17540457668959458,0.17540457668959458,0.17540457668959458,0.0,0.34278724803499405,0.11750309741540453,0.38292492254802624,0.11750309741540454,1.3877787807814457e-17,3.8191566586698587,3.8191566586698587,3.8191566586698587,1.9095783293349293,0.34278724803499405,0.34278724803499405,0.34278724803499405,0.34278724803499405,0.35080915337918916
random,0,20270927,2,16,1.0,0.5,0.5,4,0.6458602496360708,0.17540457668959458,0.17540457668959458,0.17540457668959458,0.0,0.22540156268165734,0.050805864459333105,0.2532518387495486,0.0508058644593331,6.938893903907228e-18,1.6513228997136415,2.0,2.3486771002863587,1.1743385501431793,0.22540156268165734,0.24805953125673633,0.2688144297378591,0.34278724803499405,0.35080915337918916
random,1,20270928,2,16,1.0,0.5,0.5,4,0.6401705714525566,0.17540457668959458,0.17540457668959458,0.17540457668959458,0.0,0.22346654912648345,0.04993729857849904,0.2510963203517589,0.049937298578499045,6.938893903907228e-18,1.6230922467330335,2.0,2.3769077532669662,1.1884538766334831,0.22346654912648345,0.24805953125673633,0.2704251532607949,0.34278724803499405,0.35080915337918916
random,2,20270929,2,16,1.0,0.5,0.5,4,0.4859552258655245,0.17540457668959458,0.17540457668959458,0.17540457668959458,0.0,0.17055095517939345,0.02908762831260347,0.1919772598723617,0.02908762831260336,1.1102230246251565e-16,1.0,2.0,3.054576332041191,1.5272881660205955,0.17540457668959458,0.24805953125673633,0.30656065269701543,0.34278724803499405,0.35080915337918916
random,3,20270930,2,16,1.0,0.5,0.5,4,0.8192081853645803,0.17540457668959458,0.17540457668959458,0.17540457668959458,0.0,0.28366448105483366,0.08046553781210808,0.31790360580231747,0.08046553781210808,0.0,2.6153395211544077,2.6153395211544077,2.6153395211544077,1.3076697605772039,0.28366448105483366,0.28366448105483366,0.28366448105483366,0.34278724803499405,0.35080915337918916
random,4,20270931,2,16,1.0,0.5,0.5,4,0.702657666368843,0.17540457668959458,0.17540457668959458,0.17540457668959458,0.0,0.24464285111283982,0.05985012460061911,0.27465833383454874,0.05985012460061911,0.0,1.945284906682885,2.0,2.0547150933171148,1.0273575466585574,0.24464285111283982,0.24805953125673633,0.25142978640965424,0.34278724803499405,0.35080915337918916
random,5,20270932,2,16,1.0,0.5,0.5,4,0.7601895256775658,0.17540457668959458,0.17540457668959458,0.17540457668959458,0.0,0.26398616807745195,0.06968869693621671,0.2961249267721775,0.06968869693621671,0.0,2.265064128454928,2.265064128454928,2.265064128454928,1.132532064227464,0.26398616807745195,0.26398616807745195,0.26398616807745195,0.34278724803499405,0.35080915337918916
random,6,20270933,2,16,1.0,0.5,0.5,4,0.5932888165554229,0.17540457668959458,0.17540457668959458,0.17540457668959458,0.0,0.20747298643241052,0.0430450400991832,0.23326199683190918,0.04304504009918319,1.3877787807814457e-17,1.3990758978576034,2.0,2.6009241021423968,1.3004620510711984,0.2074729864324105,0.24805953125673633,0.28288163955166884,0.34278724803499405,0.35080915337918916
random,7,20270934,2,16,1.0,0.5,0.5,4,0.7894285121780859,0.17540457668959458,0.17540457668959458,0.17540457668959458,0.0,0.273756769690857,0.07494276895157292,0.30694621951957424,0.07494276895157292,0.0,2.4358351512105205,2.4358351512105205,2.4358351512105205,1.2179175756052603,0.273756769690857,0.273756769690857,0.273756769690857,0.34278724803499405,0.35080915337918916
random,8,20270935,2,16,1.0,0.5,0.5,4,0.5002729559405792,0.17540457668959458,0.17540457668959458,0.17540457668959458,0.0,0.17549884253726897,0.030799843731921128,0.19751819292451112,0.03079984373192112,6.938893903907228e-18,1.0010751279083863,2.0,2.9989248720916137,1.4994624360458069,0.17549884253726894,0.24805953125673633,0.30375519479130286,0.34278724803499405,0.35080915337918916
random,9,20270936,2,16,1.0,0.5,0.5,4,0.692892245617723,0.17540457668959458,0.17540457668959458,0.17540457668959458,0.0,0.2413445645743963,0.05824719884960494,0.27099253230698217,0.058247198849604935,6.938893903907228e-18,1.8931856455570537,2.0,2.1068143544429465,1.0534071772214733,0.24134456457439626,0.24805953125673633,0.2545974533356894,0.34278724803499405,0.35080915337918916
random,10,20270937,2,16,1.0,0.5,0.5,4,0.8519081260017108,0.17540457668959458,0.17540457668959458,0.17540457668959458,0.0,0.29449138567529265,0.08672517623695396,0.32985868058335255,0.08672517623695397,1.3877787807814457e-17,2.818794070838319,2.818794070838319,2.818794070838319,1.4093970354191594,0.29449138567529265,0.29449138567529265,0.29449138567529265,0.34278724803499405,0.35080915337918916
random,11,20270938,2,16,1.0,0.5,0.5,4,0.7942118126956604,0.17540457668959458,0.17540457668959458,0.17540457668959458,0.0,0.27535117785205615,0.07581827114451466,0.3087106353523874,0.07581827114451466,0.0,2.464291252397647,2.464291252397647,2.464291252397647,1.2321456261988235,0.27535117785205615,0.27535117785205615,0.27535117785205615,0.34278724803499405,0.35080915337918916
random,12,20270939,2,16,1.0,0.5,0.5,4,0.8445327663202096,0.17540457668959458,0.17540457668959458,0.17540457668959458,0.0,0.2920542974470128,0.08529571265726821,0.3271694074866067,0.0852957126572682,1.3877787807814457e-17,2.7723327819977133,2.7723327819977133,2.7723327819977133,1.3861663909988566,0.2920542974470127,0.2920542974470127,0.2920542974470127,0.34278724803499405,0.35080915337918916
random,13,20270940,2,16,1.0,0.5,0.5,4,0.7417531220162085,0.17540457668959458,0.17540457668959458,0.17540457668959458,0.0,0.2578042449274449,0.06646302870261,0.2892705262768309,0.06646302870260999,1.3877787807814457e-17,2.160221510821737,2.160221510821737,2.160221510821737,1.0801107554108684,0.2578042449274449,0.2578042449274449,0.2578042449274449,0.34278724803499405,0.35080915337918916
random,14,20270941,2,16,1.0,0.5,0.5,4,0.7539166629732522,0.17540457668959458,0.17540457668959458,0.17540457668959458,0.0,0.2618846205907871,0.0685835545019805,0.2937954288407225,0.0685835545019805,0.0,2.229144121414003,2.229144121414003,2.229144121414003,1.1145720607070015,0.2618846205907871,0.2618846205907871,0.2618846205907871,0.34278724803499405,0.35080915337918916
random,15,20270942,2,16,1.0,0.5,0.5,4,0.7548354379358335,0.17540457668959458,0.17540457668959458,0.17540457668959458,0.0,0.2621925478161552,0.06874493213032683,0.29413679895792955,0.06874493213032684,1.3877787807814457e-17,2.2343893145826597,2.2343893145826597,2.2343893145826597,1.1171946572913298,0.2621925478161552,0.2621925478161552,0.2621925478161552,0.34278724803499405,0.35080915337918916
random,16,20270943,2,16,1.0,0.5,0.5,4,0.6485602622788332,0.17540457668959458,0.17540457668959458,0.17540457668959458,0.0,0.2263193481705567,0.05122044735634567,0.2542740393092382,0.05122044735634567,0.0,1.6647979234919392,2.0,2.335202076508061,1.1676010382540305,0.2263193481705567,0.24805953125673633,0.2680421883552621,0.34278724803499405,0.35080915337918916
random,17,20270944,2,16,1.0,0.5,0.5,4,0.6945827364206997,0.17540457668959458,0.17540457668959458,0.17540457668959458,0.0,0.24191583275757705,0.058523270138791994,0.2716275651120106,0.05852327013879199,6.938893903907228e-18,1.9021586813795808,2.0,2.0978413186204192,1.0489206593102096,0.24191583275757705,0.24805953125673633,0.25405470268395247,0.34278724803499405,0.35080915337918916
random,18,20270945,2,16,1.0,0.5,0.5,4,0.6385082195520331,0.17540457668959458,0.17540457668959458,0.17540457668959458,0.0,0.22290094594483095,0.04968483170310045,0.2504661716857801,0.04968483170310045,0.0,1.6148864158274585,2.0,2.3851135841725415,1.1925567920862707,0.22290094594483095,0.24805953125673633,0.2708915472869595,0.34278724803499405,0.35080915337918916
random,19,20270946,2,16,1.0,0.5,0.5,4,0.7484040182918064,0.17540457668959458,0.17540457668959458,0.17540457668959458,0.0,0.2600362172725003,0.067618834293391,0.2917459706741563,0.06761883429339098,1.3877787807814457e-17,2.1977882023835233,2.1977882023835233,2.1977882023835233,1.0988941011917617,0.2600362172725003,0.2600362172725003,0.2600362172725003,0.34278724803499405,0.35080915337918916
random,20,20270947,2,16,1.0,0.5,0.5,4,0.805913887306362,0.17540457668959458,0.17540457668959458,0.17540457668959458,0.0,0.2792469878724307,0.07797888023582546,0.31302010067509656,0.07797888023582543,2.7755575615628914e-17,2.534516674359846,2.534516674359846,2.534516674359846,1.267258337179923,0.2792469878724307,0.2792469878724307,0.2792469878724307,0.34278724803499405,0.35080915337918916
random,21,20270948,2,16,1.0,0.5,0.5,4,0.7435782999552424,0.17540457668959458,0.17540457668959458,0.17540457668959458,0.0,0.2584169629971903,0.06677932676469123,0.28995015737902996,0.06677932676469123,0.0,2.1705020215188404,2.1705020215188404,2.1705020215188404,1.0852510107594202,0.2584169629971903,0.2584169629971903,0.2584169629971903,0.34278724803499405,0.35080915337918916
random,22,20270949,2,16,1.0,0.5,0.5,4,0.6512991162943529,0.17540457668959458,0.17540457668959458,0.17540457668959458,0.0,0.22725002784944598,0.05164257515757397,0.2553104877542731,0.05164257515757397,0.0,1.6785181763051162,2.0,2.3214818236948838,1.1607409118474419,0.22725002784944595,0.24805953125673633,0.26725360041924506,0.34278724803499405,0.35080915337918916
random,23,20270950,2,16,1.0,0.5,0.5,4,0.6286569507344831,0.17540457668959458,0.17540457668959458,0.17540457668959458,0.0,0.2195468154923281,0.048200804192822355,0.24672842680443052,0.04820080419282235,6.938893903907228e-18,1.5666516571513456,2.0,2.4333483428486544,1.2166741714243272,0.21954681549232807,0.24805953125673633,0.27361699125200745,0.34278724803499405,0.35080915337918916
random,24,20270951,2,16,1.0,0.5,0.5,4,0.5042136652612481,0.17540457668959458,0.17540457668959458,0.17540457668959458,0.0,0.17685950387060184,0.031279284109355425,0.19904151116754853,0.031279284109355425,0.0,1.0166581886973298,2.0,2.98334181130267,1.491670905651335,0.17685950387060184,0.24805953125673633,0.3029649781497328,0.34278724803499405,0.35080915337918916
random,25,20270952,2,16,1.0,0.5,0.5,4,0.58181475138711,0.17540457668959458,0.17540457668959458,0.17540457668959458,0.0,0.2035456374086265,0.04143082650808405,0.22887783982679788,0.041430826508084044,6.938893903907228e-18,1.346609752534072,2.0,2.653390247465928,1.326695123732964,0.20354563740862647,0.24805953125673633,0.28572055506480354,0.34278724803499405,0.35080915337918916
random,26,20270953,2,16,1.0,0.5,0.5,4,0.6270632240457328,0.17540457668959458,0.17540457668959458,0.17540457668959458,0.0,0.21900381947753628,0.047962672945749296,0.24612319242385938,0.04796267294574929,6.938893903907228e-18,1.5589117714981082,2.0,2.4410882285018918,1.2205441142509459,0.21900381947753625,0.24805953125673633,0.2740518001197477,0.34278724803499405,0.35080915337918916
random,27,20270954,2,16,1.0,0.5,0.5,4,0.7976086418590493,0.17540457668959458,0.17540457668959458,0.17540457668959458,0.0,0.27648274420177554,0.07644270784134445,0.30996260700016953,0.07644270784134442,2.7755575615628914e-17,2.4845870711553792,2.4845870711553792,2.4845870711553792,1.2422935355776896,0.27648274420177554,0.27648274420177554,0.27648274420177554,0.34278724803499405,0.35080915337918916
random,28,20270955,2,16,1.0,0.5,0.5,4,0.7366873030577197,0.17540457668959458,0.17540457668959458,0.17540457668959458,0.0,0.2561028162408944,0.06558865248651734,0.28738299223944663,0.06558865248651734,0.0,2.1318020068143895,2.1318020068143895,2.1318020068143895,1.0659010034071947,0.2561028162408944,0.2561028162408944,0.2561028162408944,0.34278724803499405,0.35080915337918916
random,29,20270956,2,16,1.0,0.5,0.5,4,0.6206748040045406,0.17540457668959458,0.17540457668959458,0.17540457668959458,0.0,0.21682620951745332,0.04701360513370657,0.24369560848810345,0.04701360513370655,1.3877787807814457e-17,1.5280645961161845,2.0,2.4719354038838155,1.2359677019419077,0.2168262095174533,0.24805953125673633,0.27577791238769817,0.34278724803499405,0.35080915337918916
random,30,20270957,2,16,1.0,0.5,0.5,4,0.6643218143989711,0.17540457668959458,0.17540457668959458,0.17540457668959458,0.0,0.23167093051957413,0.05367142004780535,0.2602322389846268,0.053671420047805334,1.3877787807814457e-17,1.744460918601879,2.0,2.255539081398121,1.1277695406990604,0.2316709305195741,0.24805953125673633,0.263430526034509,0.34278724803499405,0.35080915337918916
random,31,20270958,2,16,1.0,0.5,0.5,4,0.6763622760002743,0.17540457668959458,0.17540457668959458,0.17540457668959458,0.0,0.23575199508095068,0.0555790031846486,0.26477331093790757,0.05557900318464858,1.3877787807814457e-17,1.8064623381328515,2.0,2.1935376618671483,1.0967688309335741,0.23575199508095065,0.24805953125673633,0.2597846394804259,0.34278724803499405,0.35080915337918916
random,32,20270959,2,16,1.0,0.5,0.5,4,0.6444953738904198,0.17540457668959458,0.17540457668959458,0.17540457668959458,0.0,0.2249375009255344,0.05059687932262479,0.2527349393229159,0.05059687932262479,0.0,1.6445303385473524,2.0,2.3554696614526476,1.1777348307263238,0.2249375009255344,0.24805953125673633,0.26920286546023,0.34278724803499405,0.35080915337918916
random,33,20270960,2,16,1.0,0.5,0.5,4,0.4081420578768913,0.17540457668959458,0.17540457668959458,0.17540457668959492,3.3306690738754696e-16,0.14355208538971073,0.020607201219734802,0.16170200651565692,0.020607201219734802,0.0,1.0,2.0,3.330212296645536,1.665106148322768,0.17540457668959458,0.24805953125673633,0.32009351895170995,0.34278724803499405,0.35080915337918916
random,34,20270961,2,16,1.0,0.5,0.5,4,0.7751452321180984,0.17540457668959458,0.17540457668959458,0.17540457668959458,0.0,0.26898902646040707,0.07235509635611757,0.3016676628642123,0.07235509635611757,0.0,2.351729053237182,2.351729053237182,2.351729053237182,1.175864526618591,0.26898902646040707,0.26898902646040707,0.26898902646040707,0.34278724803499405,0.35080915337918916
random,35,20270962,2,16,1.0,0.5,0.5,4,0.6850004257477096,0.17540457668959458,0.17540457668959458,0.17540457668959458,0.0,0.23867601778862121,0.05696624146743423,0.268025516179655,0.056966241467434224,6.938893903907228e-18,1.8515511948642822,2.0,2.148448805135718,1.074224402567859,0.2386760177886212,0.24805953125673633,0.25710079857361245,0.34278724803499405,0.35080915337918916
random,36,20270963,2,16,1.0,0.5,0.5,4,0.7200638281869461,0.17540457668959458,0.17540457668959458,0.17540457668959458,0.0,0.2505112232880697,0.06275587299328511,0.2811767323349006,0.06275587299328511,0.0,2.0397292963744773,2.0397292963744773,2.0397292963744773,1.0198646481872387,0.2505112232880697,0.2505112232880697,0.2505112232880697,0.34278724803499405,0.35080915337918916
random,37,20270964,2,16,1.0,0.5,0.5,4,0.6772211099806753,0.17540457668959458,0.17540457668959458,0.17540457668959458,0.0,0.23604285583837156,0.05571622979233426,0.26509686985395287,0.05571622979233425,6.938893903907228e-18,1.810922560237777,2.0,2.189077439762223,1.0945387198811114,0.23604285583837156,0.24805953125673633,0.2595203889914802,0.34278724803499405,0.35080915337918916
random,38,20270965,2,16,1.0,0.5,0.5,4,0.8393033993171697,0.17540457668959458,0.17540457668959458,0.17540457668959492,3.3306690738754696e-16,0.290324588259368,0.08428836654797157,0.3252600854698915,0.08428836654797156,1.3877787807814457e-17,2.739591410191103,2.739591410191103,2.739591410191103,1.3697957050955516,0.2903245882593677,0.2903245882593677,0.2903245882593677,0.34278724803499405,0.35080915337918916
random,39,20270966,2,16,1.0,0.5,0.5,4,0.6944680384155573,0.17540457668959458,0.17540457668959458,0.17540457668959458,0.0,0.24187707680513426,0.05850452028379682,0.2715844847002846,0.05850452028379682,0.0,1.901549262265285,2.0,2.0984507377347152,1.0492253688673576,0.24187707680513426,0.24805953125673633,0.2540916012205572,0.34278724803499405,0.35080915337918916
random,40,20270967,2,16,1.0,0.5,0.5,4,0.7944971928446886,0.17540457668959458,0.17540457668959458,0.17540457668959458,0.0,0.2754462670722042,0.07587064604401204,0.3088158506526286,0.07587064604401204,0.0,2.4659935730220597,2.4659935730220597,2.4659935730220597,1.2329967865110298,0.2754462670722042,0.2754462670722042,0.2754462670722042,0.34278724803499405,0.35080915337918916
random,41,20270968,2,16,1.0,0.5,0.5,4,0.6727419398782531,0.17540457668959458,0.17540457668959458,0.17540457668959458,0.0,0.23452554922808244,0.05500223324073372,0.26340886198391544,0.055002233240733715,6.938893903907228e-18,1.7877158129750021,2.0,2.2122841870249976,1.1061420935124988,0.23452554922808241,0.24805953125673633,0.2608923702485179,0.34278724803499405,0.35080915337918916
random,42,20270969,2,16,1.0,0.5,0.5,4,0.7680797774224879,0.17540457668959458,0.17540457668959458,0.17540457668959458,0.0,0.2666268972021896,0.071089902311667,0.2990511167659615,0.07108990231166701,1.3877787807814457e-17,2.3106069520700054,2.3106069520700054,2.3106069520700054,1.1553034760350027,0.2666268972021897,0.2666268972021897,0.2666268972021897,0.34278724803499405,0.35080915337918916
random,43,20270970,2,16,1.0,0.5,0.5,4,0.7202378479521929,0.17540457668959458,0.17540457668959458,0.17540457668959458,0.0,0.25056982361054386,0.06278523650421906,0.28124179840384467,0.06278523650421908,1.3877787807814457e-17,2.0406836869460627,2.0406836869460627,2.0406836869460627,1.0203418434730314,0.25056982361054386,0.25056982361054386,0.25056982361054386,0.34278724803499405,0.35080915337918916
random,44,20270971,2,16,1.0,0.5,0.5,4,0.7676632623307048,0.17540457668959458,0.17540457668959458,0.17540457668959458,0.0,0.266487571934062,0.07101562599531186,0.29889675780164726,0.07101562599531185,1.3877787807814457e-17,2.3081927783637037,2.3081927783637037,2.3081927783637037,1.1540963891818519,0.266487571934062,0.266487571934062,0.266487571934062,0.34278724803499405,0.35080915337918916
random,45,20270972,2,16,1.0,0.5,0.5,4,0.6822591948638148,0.17540457668959458,0.17540457668959458,0.17540457668959458,0.0,0.23774845882194506,0.056524329672210105,0.2669939793785123,0.0565243296722101,6.938893903907228e-18,1.8371879107262616,2.0,2.1628120892737384,1.0814060446368692,0.23774845882194504,0.24805953125673633,0.25795878047163534,0.34278724803499405,0.35080915337918916
random,46,20270973,2,16,1.0,0.5,0.5,4,0.6490284158510585,0.17540457668959458,0.17540457668959458,0.17540457668959458,0.0,0.22647845173960748,0.051292489102369714,0.2544512325850956,0.051292489102369714,0.0,1.6671394678433806,2.0,2.3328605321566194,1.1664302660783097,0.22647845173960748,0.24805953125673633,0.26790776956306017,0.34278724803499405,0.35080915337918916
random,47,20270974,2,16,1.0,0.5,0.5,4,0.7667089394295573,0.17540457668959458,0.17540457668959458,0.17540457668959458,0.0,0.26616831708450145,0.07084557301959571,0.298543042721926,0.0708455730195956,1.1102230246251565e-16,2.302665613813842,2.302665613813842,2.302665613813842,1.151332806906921,0.2661683170845012,0.2661683170845012,0.2661683170845012,0.34278724803499405,0.35080915337918916
random,48,20270975,2,16,1.0,0.5,0.5,4,0.6686950919143054,0.17540457668959458,0.17540457668959458,0.17540457668959458,0.0,0.23315395073175899,0.054360764741827494,0.261882683791383,0.054360764741827494,0.0,1.7668664162968555,2.0,2.2331335837031445,1.1165667918515723,0.23315395073175896,0.24805953125673633,0.2621188611160898,0.34278724803499405,0.35080915337918916
random,49,20270976,2,16,1.0,0.5,0.5,4,0.671176415855435,0.17540457668959458,0.17540457668959458,0.17540457668959458,0.0,0.23399502911237488,0.05475367364930117,0.2628185824636642,0.054753673649301164,6.938893903907228e-18,1.7796369789733766,2.0,2.2203630210266234,1.1101815105133117,0.23399502911237488,0.24805953125673633,0.26136830038342884,0.34278724803499405,0.35080915337918916
aligned,0,20270927,3,16,1.0,0.5,0.5,4,1.5,0.17540457668959458,0.17540457668959458,0.17540457668959458,0.0,0.4951367467791021,0.24516039801099265,0.5467452952462635,0.24516039801099265,0.0,7.968351363502751,7.968351363502751,7.983385085842935,2.661128361947645,0.4951367467791021,0.4951367467791021,0.4956036087652922,0.4951367467791021,0.5262137300687837
alternating,0,20270927,3,16,1.0,0.5,0.5,4,0.5,0.17540457668959458,0.17540457668959458,0.17540457668959458,0.0,0.17540457668959458,0.030766765523655867,0.1974126513658474,0.030766765523655856,1.0408340855860843e-17,4.0,5.0,9.000000000000004,3.000000000000001,0.35080915337918916,0.3922165570425085,0.5262137300687838,0.4951367467791021,0.5262137300687837
orthogonal,0,20270927,3,16,1.0,0.5,0.5,4,0.8660254037844386,0.17540457668959458,0.17540457668959458,0.17540457668959458,0.0,0.2991481883949255,0.08948963861996585,0.3349944578979709,0.08948963861996584,1.3877787807814457e-17,2.908646297289823,3.0,3.04662669219867,1.01554223073289,0.29914818839492546,0.30380963870648936,0.3061614754945301,0.4951367467791021,0.5262137300687837
clustered,0,20270927,3,16,1.0,0.5,0.5,4,1.5,0.17540457668959458,0.17540457668959458,0.17540457668959458,0.0,0.4951367467791021,0.24516039801099265,0.5467452952462635,0.24516039801099265,0.0,7.968351363502751,7.968351363502751,7.983385085842935,2.661128361947645,0.4951367467791021,0.4951367467791021,0.4956036087652922,0.4951367467791021,0.5262137300687837
random,0,20270927,3,16,1.0,0.5,0.5,4,0.837610080663331,0.17540457668959458,0.17540457668959458,0.17540457668959492,3.3306690738754696e-16,0.2897641849257739,0.08396328286569808,0.3246413790914271,0.0839632828656981,1.3877787807814457e-17,2.7290253439589067,3.2946646162106243,3.8652818969349925,1.2884272989783307,0.2897641849257737,0.31838054859874515,0.3448510139260586,0.4951367467791021,0.5262137300687837
random,1,20270928,3,16,1.0,0.5,0.5,4,0.7871630647983907,0.17540457668959458,0.17540457668959458,0.17540457668959458,0.0,0.27300123641498975,0.07452967508411312,0.30610998200806305,0.07452967508411311,1.3877787807814457e-17,2.5393763147503865,3.5393763147503865,4.676935499504786,1.5589784998349288,0.279514571448879,0.3299926683668992,0.3793338607118089,0.4951367467791021,0.5262137300687837
random,2,20270929,3,16,1.0,0.5,0.5,4,0.7112001020364892,0.17540457668959458,0.17540457668959458,0.17540457668959458,0.0,0.24752458503243172,0.06126842019547752,0.2778598945671207,0.061268420195477395,1.249000902703301e-16,2.5586099996886427,3.5586099996886427,5.175489254891059,1.7251630849636863,0.2805711209780894,0.33088807692414296,0.3990401788986087,0.4951367467791021,0.5262137300687837
random,3,20270930,3,16,1.0,0.5,0.5,4,1.004805620363536,0.17540457668959458,0.17540457668959458,0.17540457668959458,0.0,0.3443330386983602,0.11856524153924641,0.38461579730793494,0.1185652415392463,1.1102230246251565e-16,3.8536791086500197,3.8536791086500193,3.988574505513964,1.3295248351713214,0.34433303869836,0.34433303869836,0.35030777408556,0.4951367467791021,0.5262137300687837
random,4,20270931,3,16,1.0,0.5,0.5,4,0.9835904080172954,0.17540457668959458,0.17540457668959458,0.17540457668959458,0.0,0.3374983459653396,0.11390513352934008,0.3771358726955767,0.11390513352934005,2.7755575615628914e-17,3.7022134628276406,3.7569285561447554,3.9261848179603684,1.3087282726534561,0.33749834596533956,0.33998314660587614,0.34755720061124346,0.4951367467791021,0.5262137300687837
random,5,20270932,3,16,1.0,0.5,0.5,4,0.8504233949101591,0.17540457668959458,0.17540457668959458,0.17540457668959458,0.0,0.29400100742929497,0.08643659236944036,0.32931764231875604,0.08643659236944035,1.3877787807814457e-17,2.8094143436358694,3.379450843405559,3.8872132635789254,1.2957377545263085,0.2940010074292949,0.3224511927374124,0.3458279615950363,0.4951367467791021,0.5262137300687837
random,6,20270933,3,16,1.0,0.5,0.5,4,0.8194370590037944,0.17540457668959458,0.17540457668959458,0.17540457668959458,0.0,0.28374045338591763,0.0805086448876461,0.3179875641091905,0.08050864488764607,2.7755575615628914e-17,2.658007125997876,3.658007125997876,4.706378417343674,1.5687928057812248,0.2859690228080361,0.33547734279596136,0.38052600598646,0.4951367467791021,0.5262137300687837
random,7,20270934,3,16,1.0,0.5,0.5,4,0.785809133021067,0.17540457668959458,0.17540457668959458,0.17540457668959458,0.0,0.2725495750516263,0.07428327086082208,0.3056100313204124,0.07428327086082208,0.0,2.4358351512105205,3.4358351512105205,4.470467907287485,1.4901559690958286,0.273756769690857,0.3251300270280012,0.3708663342560802,0.4951367467791021,0.5262137300687837
random,8,20270935,3,16,1.0,0.5,0.5,4,0.6673939493667345,0.17540457668959458,0.17540457668959458,0.17540457668959458,0.0,0.23271280585122855,0.054155250007151594,0.26139176728946545,0.054155250007151594,0.0,2.2919663181960943,3.2919663181960943,4.904378054224999,1.6347926847416665,0.26554922387394786,0.318250146620095,0.3884480011966906,0.4951367467791021,0.5262137300687837
random,9,20270936,3,16,1.0,0.5,0.5,4,0.6671564113794993,0.17540457668959458,0.17540457668959458,0.17540457668959458,0.0,0.2326322621840913,0.054117769408887795,0.26130213353236176,0.054117769408887684,1.1102230246251565e-16,2.411617165591146,3.411617165591146,5.443610999821113,1.8145369999403709,0.2723924739536068,0.32398213745548105,0.4092460179812261,0.4951367467791021,0.5262137300687837
random,10,20270937,3,16,1.0,0.5,0.5,4,1.0013948345478676,0.17540457668959458,0.17540457668959458,0.17540457668959458,0.0,0.34323605959051584,0.11781099260322414,0.3834159097783787,0.11781099260322414,0.0,3.82916405407133,3.9036410019970473,4.228290540849757,1.4094301802832523,0.34323605959051584,0.34655794233716847,0.360681055277674,0.4951367467791021,0.5262137300687837
random,11,20270938,3,16,1.0,0.5,0.5,4,0.7905573739653882,0.17540457668959458,0.17540457668959458,0.17540457668959458,0.0,0.2741331534455465,0.07514898581799954,0.30736277326150363,0.07514898581799954,0.0,2.464291252397647,3.464291252397647,4.551823696161851,1.5172745653872837,0.27535117785205615,0.3264736385501447,0.37422572381496205,0.4951367467791021,0.5262137300687837
random,12,20270939,3,16,1.0,0.5,0.5,4,0.946317055885806,0.17540457668959458,0.17540457668959458,0.17540457668959458,0.0,0.32542533377420085,0.10590164786205003,0.3638999168790835,0.10590164786205003,0.0,3.4420793365693463,3.8292721951095294,4.263228770803028,1.421076256934343,0.32542533377420085,0.3432409062935097,0.36216813769988154,0.4951367467791021,0.5262137300687837
random,13,20270940,3,16,1.0,0.5,0.5,4,0.9121876099387154,0.17540457668959458,0.17540457668959458,0.17540457668959458,0.0,0.3142998842723762,0.09878441725362908,0.35167747519144354,0.09878441725362906,1.3877787807814457e-17,3.210750807642616,3.7396422181318316,4.063425798951674,1.3544752663172248,0.3142998842723762,0.3392000814675999,0.3535795084264926,0.4951367467791021,0.5262137300687837
random,14,20270941,3,16,1.0,0.5,0.5,4,0.8396779154299344,0.17540457668959458,0.17540457668959458,0.17540457668959458,0.0,0.2904485140083584,0.08436033928966358,0.3253968968544092,0.08436033928966358,0.0,2.7419307117220635,3.4682546554374176,4.089600361894668,1.363200120631556,0.2904485140083584,0.32666034004784067,0.3547164718755973,0.4951367467791021,0.5262137300687837
random,15,20270942,3,16,1.0,0.5,0.5,4,0.9256159761737125,0.17540457668959458,0.17540457668959458,0.17540457668959458,0.0,0.31868516934184954,0.10156023715844331,0.3564979950394316,0.1015602371584433,1.3877787807814457e-17,3.3009721831290957,3.341981717772709,3.366605707654818,1.1222019025516061,0.31868516934184954,0.32065864699873226,0.3218377983053223,0.4951367467791021,0.5262137300687837
random,16,20270943,3,16,1.0,0.5,0.5,4,0.6820897381875662,0.17540457668959458,0.17540457668959458,0.17540457668959458,0.0,0.23769110850646039,0.05649706306302992,0.2669301962626942,0.05649706306302992,0.0,1.8363016749222667,3.0,3.9156677038992647,1.3052225679664216,0.23769110850646039,0.30380963870648936,0.34709138582572263,0.4951367467791021,0.5262137300687837
random,17,20270944,3,16,1.0,0.5,0.5,4,0.7366391166776571,0.17540457668959458,0.17540457668959458,0.17540457668959458,0.0,0.25608662639555796,0.06558036021865808,0.287365029424389,0.06558036021865819,1.1102230246251565e-16,2.131532486514871,3.0,3.754875646225063,1.2516252154083543,0.2560866263955582,0.30380963870648936,0.33989024489957387,0.4951367467791021,0.5262137300687837
random,18,20270945,3,16,1.0,0.5,0.5,4,0.8012774453102912,0.17540457668959458,0.17540457668959458,0.17540457668959458,0.0,0.27770426332628817,0.0771196578695964,0.31131386806066397,0.07711965786959639,1.3877787807814457e-17,2.5065897099355743,3.0805967241464156,3.6967092960674712,1.2322364320224903,0.2777042633262881,0.30786360142887165,0.3372473693318109,0.4951367467791021,0.5262137300687837
random,19,20270946,3,16,1.0,0.5,0.5,4,0.9777980782505812,0.17540457668959458,0.17540457668959458,0.17540457668959458,0.0,0.3356275809989495,0.11264587312720642,0.37508682398906146,0.1126458731272064,1.3877787807814457e-17,3.6612842204877065,3.8909862589021884,4.041013167164545,1.3470043890548484,0.3356275809989495,0.34599575414072725,0.3526030410988503,0.4951367467791021,0.5262137300687837
random,20,20270947,3,16,1.0,0.5,0.5,4,0.9473639582516997,0.17540457668959458,0.17540457668959458,0.17540457668959458,0.0,0.3257655430853396,0.10612318906168626,0.3642732940328659,0.10612318906168627,1.3877787807814457e-17,3.449280002478342,4.116496789970653,4.008969230980664,1.3363230769935548,0.32576554308533967,0.35588100752345464,0.3512022441857869,0.4951367467791021,0.5262137300687837
random,21,20270948,3,16,1.0,0.5,0.5,4,0.9772842188612103,0.17540457668959458,0.17540457668959458,0.17540457668959458,0.0,0.33546152162008824,0.11253443248766493,0.3749049047596631,0.11253443248766493,0.0,3.6576621094973323,3.6576621094973323,3.737246310142038,1.245748770047346,0.33546152162008824,0.33546152162008824,0.3390914049755437,0.4951367467791021,0.5262137300687837
random,22,20270949,3,16,1.0,0.5,0.5,4,0.8152183426545524,0.17540457668959458,0.17540457668959458,0.17540457668959458,0.0,0.28233966187199633,0.07971568466599321,0.3164393700319885,0.0797156846659932,1.3877787807814457e-17,2.5909673411948884,3.0866113557784423,3.609408240017623,1.2031360800058744,0.28233966187199633,0.30816399505115594,0.3332413794830612,0.4951367467791021,0.5262137300687837
random,23,20270950,3,16,1.0,0.5,0.5,4,0.8236872443433302,0.17540457668959458,0.17540457668959458,0.17540457668959458,0.0,0.28515077178632786,0.08131096265033844,0.31954595429383925,0.08131096265033844,0.0,2.9006892557101347,3.9006892557101347,5.184464657725902,1.7281548859086342,0.2987387256239498,0.346426892303524,0.39938603942793693,0.4951367467791021,0.5262137300687837
random,24,20270951,3,16,1.0,0.5,0.5,4,0.6191094811236822,0.17540457668959458,0.17540457668959458,0.17540457668959458,0.0,0.21629239225339209,0.046782398946695225,0.2431004215395085,0.04678239894669522,6.938893903907228e-18,2.416091923865907,3.416091923865907,5.347481429853643,1.7824938099512142,0.27264506910116854,0.3241945391718325,0.40561645343157743,0.4951367467791021,0.5262137300687837
random,25,20270952,3,16,1.0,0.5,0.5,4,0.7446878654469065,0.17540457668959458,0.17540457668959458,0.17540457668959458,0.0,0.25878937121592177,0.06697193865433215,0.29036320730379717,0.06697193865433214,1.3877787807814457e-17,2.2324384536417843,3.2324384536417843,4.325650266059078,1.4418834220196928,0.26207806174723913,0.3153595978765282,0.3648099059416826,0.4951367467791021,0.5262137300687837
random,26,20270953,3,16,1.0,0.5,0.5,4,0.9278860424179013,0.17540457668959458,0.17540457668959458,0.17540457668959458,0.0,0.31942549085342287,0.10203264420695013,0.35731143106939767,0.10203264420695012,1.3877787807814457e-17,3.3163266424122333,3.757414870914125,3.7464942223150066,1.2488314074383355,0.31942549085342287,0.340005150414685,0.3395106909564075,0.4951367467791021,0.5262137300687837
random,27,20270954,3,16,1.0,0.5,0.5,4,1.1814392417044401,0.17540457668959458,0.17540457668959458,0.17540457668959458,0.0,0.40012749242822826,0.16010201019690187,0.4452917008635009,0.16010201019690184,2.7755575615628914e-17,5.203732256931689,5.203732256931689,5.222818818486173,1.740939606162058,0.40012749242822826,0.40012749242822826,0.40086062660343863,0.4951367467791021,0.5262137300687837
random,28,20270955,3,16,1.0,0.5,0.5,4,0.8873081142533394,0.17540457668959458,0.17540457668959458,0.17540457668959458,0.0,0.3061483123920542,0.09372678918050281,0.34270728351175417,0.09372678918050281,0.0,3.046364724573937,3.3780172791257175,3.5361679560947756,1.1787226520315919,0.3061483123920542,0.3223827935261417,0.3298430692881592,0.4951367467791021,0.5262137300687837
random,29,20270956,3,16,1.0,0.5,0.5,4,0.88404235094582,0.17540457668959458,0.17540457668959458,0.17540457668959458,0.0,0.30507576885801385,0.09307122474430829,0.34152611723495396,0.09307122474430828,1.3877787807814457e-17,3.0250571732263483,3.7917473126446755,4.603346021090225,1.5344486736967415,0.30507576885801385,0.3415549743351588,0.37633770426989793,0.4951367467791021,0.5262137300687837
random,30,20270957,3,16,1.0,0.5,0.5,4,0.8998214130042823,0.17540457668959458,0.17540457668959458,0.17540457668959458,0.0,0.31025249745238637,0.09625661217544301,0.3472251727035569,0.096256612175443,1.3877787807814457e-17,3.1285905598829844,3.3841296412811053,3.4577314219287913,1.1525771406429304,0.31025249745238637,0.3226743298977305,0.3261643939829428,0.4951367467791021,0.5262137300687837
random,31,20270958,3,16,1.0,0.5,0.5,4,0.9223496374537214,0.17540457668959458,0.17540457668959458,0.17540457668959458,0.0,0.3176194253983471,0.10088209939037616,0.35532681355961837,0.10088209939037618,1.3877787807814457e-17,3.278930939711885,3.472468601579034,3.7032296464269994,1.234409882142333,0.3176194253983471,0.3268587267506244,0.33754466106260744,0.4951367467791021,0.5262137300687837
random,32,20270959,3,16,1.0,0.5,0.5,4,0.9704663428243119,0.17540457668959458,0.17540457668959458,0.17540457668959458,0.0,0.33325676189107034,0.11106006934612156,0.3724890456655894,0.11106006934612156,0.0,3.6097414679723157,3.9652111294249632,3.881733089045984,1.2939110296819947,0.33325676189107034,0.3492802901264377,0.34558410231967296,0.4951367467791021,0.5262137300687837
random,33,20270960,3,16,1.0,0.5,0.5,4,0.7619694254380963,0.17540457668959458,0.17540457668959458,0.17540457668959492,3.3306690738754696e-16,0.2645821309586838,0.07000370402263811,0.29678540787949803,0.07000370402263811,0.0,2.836125244838879,3.836125244838879,5.521988547768174,1.840662849256058,0.2953953290146594,0.34354790921694567,0.41218166731854583,0.4951367467791021,0.5262137300687837
random,34,20270961,3,16,1.0,0.5,0.5,4,1.1144047546528972,0.17540457668959458,0.17540457668959458,0.17540457668959458,0.0,0.37919385323987503,0.1437879783349039,0.4226108343652515,0.14378797833490384,5.551115123125783e-17,4.673483737650243,4.673483737650243,4.762658101429148,1.5875527004763825,0.379193853239875,0.379193853239875,0.38279444232644055,0.4951367467791021,0.5262137300687837
random,35,20270962,3,16,1.0,0.5,0.5,4,0.875611314491857,0.17540457668959458,0.17540457668959458,0.17540457668959458,0.0,0.3023041488647446,0.09138779842083766,0.33847283035646836,0.09138779842083765,1.3877787807814457e-17,2.9703414338621865,3.1187902389979043,3.282587108477877,1.094195702825959,0.30230414886474455,0.30976618279069,0.3177964566786646,0.4951367467791021,0.5262137300687837
random,36,20270963,3,16,1.0,0.5,0.5,4,0.7881515246285286,0.17540457668959458,0.17540457668959458,0.17540457668959458,0.0,0.27333092187998304,0.07470979285576139,0.3064748950051601,0.0747097928557614,1.3877787807814457e-17,2.428262821397938,3.0397292963744773,3.7814586178639775,1.260486205954659,0.27333092187998304,0.3058147127215121,0.34109126437542897,0.4951367467791021,0.5262137300687837
random,37,20270964,3,16,1.0,0.5,0.5,4,0.8788632828354593,0.17540457668959458,0.17540457668959458,0.17540457668959458,0.0,0.3033736603475375,0.09203557779266304,0.3396511962883453,0.09203557779266301,2.7755575615628914e-17,2.991395950344502,3.3764948925264395,3.7789403686432363,1.2596467895477454,0.30337366034753743,0.32231014047060724,0.3409776711896603,0.4951367467791021,0.5262137300687837
random,38,20270965,3,16,1.0,0.5,0.5,4,1.016955520934196,0.17540457668959458,0.17540457668959458,0.17540457668959492,3.3306690738754696e-16,0.3482349174995329,0.12126755776590648,0.38888166825114223,0.12126755776590648,0.0,3.9415114231837736,3.941511423183774,4.149615248223661,1.3832050827412203,0.3482349174995326,0.3482349174995326,0.3573097246864188,0.4951367467791021,0.5262137300687837
random,39,20270966,3,16,1.0,0.5,0.5,4,0.8819840471790937,0.17540457668959458,0.17540457668959458,0.17540457668959458,0.0,0.30439947965841535,0.09265904321631402,0.34078122846814685,0.092659043216314,1.3877787807814457e-17,3.011660200194609,3.3516558832639753,3.714378376468992,1.238126125489664,0.30439947965841535,0.3211224231914745,0.3380523754907796,0.4951367467791021,0.5262137300687837
random,40,20270967,3,16,1.0,0.5,0.5,4,0.940895230506338,0.17540457668959458,0.17540457668959458,0.17540457668959458,0.0,0.3236624001896287,0.10475734929651137,0.36196474779582366,0.10475734929651136,1.3877787807814457e-17,3.4048866532936595,3.7926585547418883,3.712720141244568,1.237573380414856,0.3236624001896287,0.3415960135379674,0.3379769075552738,0.4951367467791021,0.5262137300687837
random,41,20270968,3,16,1.0,0.5,0.5,4,0.8472286608906743,0.17540457668959458,0.17540457668959458,0.17540457668959458,0.0,0.29294545251220766,0.08581703814758211,0.3281528975134287,0.08581703814758211,0.0,2.8016338518135466,3.8016338518135466,4.8655239903836565,1.6218413301278856,0.29359361675943196,0.3419999668502032,0.38690623639566263,0.4951367467791021,0.5262137300687837
random,42,20270969,3,16,1.0,0.5,0.5,4,0.7527713329430774,0.17540457668959458,0.17540457668959458,0.17540457668959492,3.3306690738754696e-16,0.2615007072640124,0.06838261989957872,0.2933697995882074,0.06838261989957872,0.0,2.3106069520700054,3.3106069520700054,4.593019319855729,1.5310064399519097,0.2666268972021897,0.31914991435894646,0.37591534746485483,0.4951367467791021,0.5262137300687837
random,43,20270970,3,16,1.0,0.5,0.5,4,0.9785333078065933,0.17540457668959458,0.17540457668959458,0.17540457668959458,0.0,0.3358651512236613,0.11280539980649286,0.3753470741220999,0.11280539980649273,1.249000902703301e-16,3.666469252991811,3.666469252991811,3.720004897681946,1.2400016325606487,0.33586515122366106,0.33586515122366106,0.3383083185998119,0.4951367467791021,0.5262137300687837
random,44,20270971,3,16,1.0,0.5,0.5,4,0.9919214821421659,0.17540457668959458,0.17540457668959458,0.17540457668959458,0.0,0.34018552792642115,0.11572619341057787,0.38007789024914684,0.11572619341057787,0.0,3.7614026512341256,3.7614026512341256,3.7660640906859664,1.2553546968953222,0.34018552792642115,0.34018552792642115,0.3403962555980829,0.4951367467791021,0.5262137300687837
random,45,20270972,3,16,1.0,0.5,0.5,4,0.9366389532889858,0.17540457668959458,0.17540457668959458,0.17540457668959458,0.0,0.3222772606875443,0.10386263275626739,0.36044385770637355,0.10386263275626738,1.3877787807814457e-17,3.375806035782662,3.8121873289383346,4.374723265941262,1.4582410886470873,0.3222772606875443,0.34247434017995815,0.3668733909049508,0.4951367467791021,0.5262137300687837
random,46,20270973,3,16,1.0,0.5,0.5,4,0.8543621215976802,0.17540457668959458,0.17540457668959458,0.17540457668959458,0.0,0.29530163712303076,0.08720305688754214,0.33075254517809505,0.08720305688754214,0.0,2.8343264364430407,3.6541864723274817,4.491857801280389,1.4972859337601299,0.29530163712303076,0.33530210016314366,0.3717525194771356,0.4951367467791021,0.5262137300687837
random,47,20270974,3,16,1.0,0.5,0.5,4,0.9341229719573213,0.17540457668959458,0.17540457668959458,0.17540457668959458,0.0,0.321457983212683,0.10333523497116558,0.3595441117794327,0.10333523497116559,1.3877787807814457e-17,3.358664234357475,3.46451011731237,3.4633929711777314,1.1544643237259105,0.321457983212683,0.3264839512651168,0.32643130894646594,0.4951367467791021,0.5262137300687837
random,48,20270975,3,16,1.0,0.5,0.5,4,0.917017278192027,0.17540457668959458,0.17540457668959458,0.17540457668959458,0.0,0.31587827759476467,0.0997790862562352,0.35341294272950874,0.09977908625623522,1.3877787807814457e-17,3.2430801404690177,3.4762137241721627,3.6438711071551113,1.214623702385037,0.31587827759476467,0.32703494088815566,0.33482850528631164,0.4951367467791021,0.5262137300687837
random,49,20270976,3,16,1.0,0.5,0.5,4,0.8766853614158366,0.17540457668959458,0.17540457668959458,0.17540457668959458,0.0,0.30265744637825126,0.09160152984820404,0.3388621092097517,0.09160152984820401,2.7755575615628914e-17,2.977288261834793,3.551481572861801,4.152037340530624,1.3840124468435415,0.3026574463782512,0.330556501696493,0.35741398867639385,0.4951367467791021,0.5262137300687837
aligned,0,20270927,4,16,1.0,0.5,0.5,4,2.0,0.17540457668959458,0.17540457668959458,0.17540457668959458,0.0,0.6272713450233213,0.3934693402873666,0.6826894921370859,0.3934693402873666,0.0,12.78877820240275,12.78877820240275,12.89253217366609,3.2231330434165226,0.6272713450233213,0.6272713450233213,0.6298106972681345,0.6272713450233213,0.7016183067583783
alternating,0,20270927,4,16,1.0,0.5,0.5,4,0.0,0.17540457668959458,0.17540457668959458,0.17540457668959458,0.0,0.0,0.0,0.0,-3.117386925369835e-17,3.117386925369835e-17,4.0,8.0,16.0,4.0,0.35080915337918916,0.49611906251347265,0.7016183067583783,0.6272713450233213,0.7016183067583783
orthogonal,0,20270927,4,16,1.0,0.5,0.5,4,1.0,0.17540457668959458,0.17540457668959458,0.17540457668959458,0.0,0.34278724803499405,0.11750309741540453,0.38292492254802624,0.11750309741540454,1.3877787807814457e-17,3.8191566586698578,4.0,4.06232632500402,1.015581581251005,0.342787248034994,0.35080915337918916,0.3535316697581326,0.6272713450233213,0.7016183067583783
clustered,0,20270927,4,16,1.0,0.5,0.5,4,2.0,0.17540457668959458,0.17540457668959458,0.17540457668959458,0.0,0.6272713450233213,0.3934693402873666,0.6826894921370859,0.3934693402873666,0.0,12.78877820240275,12.78877820240275,12.89253217366609,3.2231330434165226,0.6272713450233213,0.6272713450233213,0.6298106972681345,0.6272713450233213,0.7016183067583783
random,0,20270927,4,16,1.0,0.5,0.5,4,0.7515824181827808,0.17540457668959458,0.17540457668959458,0.17540457668959492,3.3306690738754696e-16,0.2611021184727329,0.06817431627094905,0.29292787625996697,0.06817431627094904,1.3877787807814457e-17,2.7290253439589067,4.294664616210625,6.352031523493269,1.5880078808733173,0.2897641849257737,0.3635009480726203,0.4420763107000736,0.6272713450233213,0.7016183067583783
random,1,20270928,4,16,1.0,0.5,0.5,4,0.9698322459848471,0.17540457668959458,0.17540457668959458,0.17540457668959458,0.0,0.3330515678532417,0.11092334684950246,0.3722641549797745,0.11092334684950243,2.7755575615628914e-17,3.605297630789821,5.232227612530977,6.918609927339206,1.7296524818348016,0.3330515678532417,0.4012215349668289,0.46137105390789646,0.6272713450233213,0.7016183067583783
random,2,20270929,4,16,1.0,0.5,0.5,4,0.8234577322760089,0.17540457668959458,0.17540457668959458,0.17540457668959458,0.0,0.2850746376205127,0.08126754901446664,0.31946183523857674,0.08126754901446652,1.249000902703301e-16,3.3354135216264384,4.725586072404177,6.9124249401789415,1.7281062350447354,0.3203433872336245,0.3813017160353638,0.4611647832763864,0.6272713450233213,0.7016183067583783
random,3,20270930,4,16,1.0,0.5,0.5,4,1.1406220876113273,0.17540457668959458,0.17540457668959458,0.17540457668959458,0.0,0.38741727732982933,0.1500921467736579,0.4315332482374803,0.1500921467736579,0.0,4.87838562874786,5.777451863673365,6.3770592456181685,1.5942648114045421,0.38741727732982933,0.4216082385507273,0.4429463698241537,0.6272713450233213,0.7016183067583783
random,4,20270931,4,16,1.0,0.5,0.5,4,1.0500777050873487,0.17540457668959458,0.17540457668959458,0.17540457668959458,0.0,0.3588254924812971,0.12875573405444538,0.4004438177750569,0.12875573405444538,0.0,4.184896652702997,4.756928556144755,5.333067161118359,1.3332667902795898,0.3588254924812971,0.38256411946193875,0.40506940993863955,0.6272713450233213,0.7016183067583783
random,5,20270932,4,16,1.0,0.5,0.5,4,1.0025926508439231,0.17540457668959458,0.17540457668959458,0.17540457668959458,0.0,0.3436213827523529,0.118075654684639,0.3838374090071759,0.11807565468463897,2.7755575615628914e-17,3.8377662609302656,4.529029886195246,5.27821402918623,1.3195535072965574,0.3436213827523529,0.37328755746501774,0.4029808598676165,0.6272713450233213,0.7016183067583783
random,6,20270933,4,16,1.0,0.5,0.5,4,1.048909309792128,0.17540457668959458,0.17540457668959458,0.17540457668959458,0.0,0.35845307658386166,0.1284886081124358,0.4000376491432929,0.1284886081124358,0.0,4.359155548907578,5.359155548907578,6.642621181994952,1.660655295498738,0.3662200385756941,0.4060589639178511,0.4520751799965449,0.6272713450233213,0.7016183067583783
random,7,20270934,4,16,1.0,0.5,0.5,4,0.9560826953096137,0.17540457668959458,0.17540457668959458,0.17540457668959458,0.0,0.32859637168580474,0.10797557548507554,0.3673792237225808,0.10797557548507551,2.7755575615628914e-17,3.509487385082957,5.454697436472571,6.343533465323734,1.5858833663309335,0.3285963716858047,0.4096625404286293,0.44178049608270337,0.6272713450233213,0.7016183067583783
random,8,20270935,4,16,1.0,0.5,0.5,4,0.7759238376352713,0.17540457668959458,0.17540457668959458,0.17540457668959458,0.0,0.26924918200495496,0.07249512201033737,0.30195578493745323,0.07249512201033735,1.3877787807814457e-17,3.083149231465932,4.907970343532529,7.507907361847831,1.8769768404619578,0.30799111915597843,0.3885902375980669,0.480618378108143,0.6272713450233213,0.7016183067583783
random,9,20270936,4,16,1.0,0.5,0.5,4,0.9132692410541743,0.17540457668959458,0.17540457668959458,0.17540457668959458,0.0,0.3146534884654968,0.09900681780350652,0.352066309294621,0.0990068178035064,1.249000902703301e-16,3.993936289427225,5.512367809461317,8.237501140808149,2.0593752852020373,0.350543151884654,0.4118224470252257,0.5034295045983023,0.6272713450233213,0.7016183067583783
random,10,20270937,4,16,1.0,0.5,0.5,4,1.231954470783125,0.17540457668959458,0.17540457668959458,0.17540457668959458,0.0,0.4156973696211732,0.1728043031099623,0.46209045551728134,0.1728043031099623,0.0,5.616589854955569,5.691066802881286,5.888266136825206,1.4720665342063015,0.41569736962117326,0.41844440240456127,0.42563235729040155,0.6272713450233213,0.7016183067583783
random,11,20270938,4,16,1.0,0.5,0.5,4,1.043942460030832,0.17540457668959458,0.17540457668959458,0.17540457668959458,0.0,0.35686897457628874,0.1273554650151318,0.39830963790001817,0.12735546501513184,2.7755575615628914e-17,4.494118046026846,5.494118046026846,7.00066737525403,1.7501668438135074,0.3718460382439733,0.41114017278951753,0.4640990106039315,0.6272713450233213,0.7016183067583783
random,12,20270939,4,16,1.0,0.5,0.5,4,1.0374951271364534,0.17540457668959458,0.17540457668959458,0.17540457668959458,0.0,0.354810380047271,0.1258904057892889,0.3960632113792695,0.1258904057892889,0.0,4.234130223261995,5.492611943630752,6.627015057439647,1.6567537643599117,0.3609300372312153,0.4110838160060781,0.45154381669333316,0.6272713450233213,0.7016183067583783
random,13,20270940,4,16,1.0,0.5,0.5,4,1.0209928732106317,0.17540457668959458,0.17540457668959458,0.17540457668959458,0.0,0.3495294840391797,0.12217086021269519,0.3902962895886608,0.12217086021269517,1.3877787807814457e-17,3.970871105016248,5.20353605280733,6.27691204422762,1.569228011056905,0.3495294840391797,0.4001199490535468,0.43945452674578583,0.6272713450233213,0.7016183067583783
random,14,20270941,4,16,1.0,0.5,0.5,4,0.9799170910446116,0.17540457668959458,0.17540457668959458,0.17540457668959458,0.0,0.3363121971210697,0.11310589393240124,0.3758367666532554,0.11310589393240122,1.3877787807814457e-17,3.745784194847029,4.974928316261032,6.322398943936028,1.580599735984007,0.33947851776669846,0.39123196827892176,0.44104395002662633,0.6272713450233213,0.7016183067583783
random,15,20270942,4,16,1.0,0.5,0.5,4,0.9904265894212916,0.17540457668959458,0.17540457668959458,0.17540457668959458,0.0,0.33970365889207277,0.11539857586466173,0.37955043294201873,0.11539857586466172,1.3877787807814457e-17,3.7507542278350443,4.40622890131308,4.966218292061318,1.2415545730153295,0.33970365889207277,0.3681920849913199,0.3908893369371199,0.6272713450233213,0.7016183067583783
random,16,20270943,4,16,1.0,0.5,0.5,4,0.9778984784500053,0.17540457668959458,0.17540457668959458,0.17540457668959458,0.0,0.3356600246016718,0.11266765211559493,0.3751223655326188,0.11266765211559492,1.3877787807814457e-17,3.6619920943255253,5.044419146473492,5.7397704895357995,1.4349426223839499,0.3356600246016718,0.39395489726945926,0.42023109453150587,0.6272713450233213,0.7016183067583783
random,17,20270944,4,16,1.0,0.5,0.5,4,1.0056668343053183,0.17540457668959458,0.17540457668959458,0.17540457668959458,0.0,0.3446099107430785,0.11875599058235253,0.38491860318519144,0.11875599058235252,1.3877787807814457e-17,3.859878949285187,4.728346462770316,5.025695470220229,1.2564238675550572,0.3446099107430785,0.38141306602509295,0.39322308442608656,0.6272713450233213,0.7016183067583783
random,18,20270945,4,16,1.0,0.5,0.5,4,1.039364814142068,0.17540457668959458,0.17540457668959458,0.17540457668959458,0.0,0.35540762837662127,0.12631458230829454,0.39671504911467204,0.1263145823082945,2.7755575615628914e-17,4.105552863890553,5.006707206801946,5.558208580678846,1.3895521451697115,0.3554076283766212,0.39247953663506263,0.4135312565372999,0.6272713450233213,0.7016183067583783
random,19,20270946,4,16,1.0,0.5,0.5,4,1.1449179539468495,0.17540457668959458,0.17540457668959458,0.17540457668959458,0.0,0.3887603325276884,0.15113459614703884,0.43298892972211567,0.1511345961470388,2.7755575615628914e-17,4.912267948050466,5.624350718391115,6.047896020867419,1.5119740052168547,0.3887603325276884,0.4159844705942096,0.4313631866368283,0.6272713450233213,0.7016183067583783
random,20,20270947,4,16,1.0,0.5,0.5,4,0.8258944038378969,0.17540457668959458,0.17540457668959458,0.17540457668959458,0.0,0.2858827962912308,0.08172897321529338,0.3203547028883631,0.08172897321529338,0.0,3.449280002478342,5.145129203990661,7.2508564891221265,1.8127141222805316,0.32576554308533967,0.39786804823722,0.47231917327851414,0.6272713450233213,0.7016183067583783
random,21,20270948,4,16,1.0,0.5,0.5,4,1.0796369804185635,0.17540457668959458,0.17540457668959458,0.17540457668959458,0.0,0.3682183326109504,0.13558474047078847,0.4106777857479713,0.1355847404707885,2.7755575615628914e-17,4.406857144815579,5.0295752288827735,5.186128348015079,1.2965320870037698,0.3682183326109504,0.393374836193959,0.3994501156076497,0.6272713450233213,0.7016183067583783
random,22,20270949,4,16,1.0,0.5,0.5,4,1.0747126241351834,0.17540457668959458,0.17540457668959458,0.17540457668959458,0.0,0.36665744316155946,0.13443768062577222,0.4089784853167231,0.1344376806257722,2.7755575615628914e-17,4.369574712766154,5.071949190609125,5.916578011934609,1.4791445029836523,0.3666574431615594,0.39502844390672315,0.42665438987031423,0.6272713450233213,0.7016183067583783
random,23,20270950,4,16,1.0,0.5,0.5,4,1.1383493516732357,0.17540457668959458,0.17540457668959458,0.17540457668959458,0.0,0.3867062274624667,0.14954170635825303,0.43076239530131044,0.14954170635825303,0.0,4.860494881831949,6.11836610755384,6.919427974086496,1.729856993521624,0.3867062274624667,0.4338690302602757,0.46139832903527545,0.6272713450233213,0.7016183067583783
random,24,20270951,4,16,1.0,0.5,0.5,4,0.8959239911967493,0.17540457668959458,0.17540457668959458,0.17540457668959458,0.0,0.30897512665712373,0.09546562889278565,0.34581937531751583,0.09546562889278563,1.3877787807814457e-17,3.688266544179503,4.998423674295084,7.134009328849829,1.7835023322124572,0.33686203697287603,0.3921547260647604,0.468498017353645,0.6272713450233213,0.7016183067583783
random,25,20270952,4,16,1.0,0.5,0.5,4,0.9552693884640188,0.17540457668959458,0.17540457668959458,0.17540457668959458,0.0,0.3283324921371926,0.10780222539301966,0.367089767132881,0.10780222539301963,2.7755575615628914e-17,3.513142979919977,4.559529099790272,5.8066612007742355,1.4516653001935589,0.32876746541328505,0.3745423376756399,0.42267266724917396,0.6272713450233213,0.7016183067583783
random,26,20270953,4,16,1.0,0.5,0.5,4,1.0441831651774784,0.17540457668959458,0.17540457668959458,0.17540457668959458,0.0,0.35694577970517344,0.1274102896493342,0.3983934331060277,0.1274102896493343,8.326672684688674e-17,4.141166205832441,5.0370159104311885,5.403063371133825,1.3507658427834563,0.35694577970517355,0.39366570520577526,0.4077190010891423,0.6272713450233213,0.7016183067583783
random,27,20270954,4,16,1.0,0.5,0.5,4,1.2599315639389066,0.17540457668959458,0.17540457668959458,0.17540457668959458,0.0,0.42424232872787393,0.17998155348444944,0.4712830278349369,0.17998155348444933,1.1102230246251565e-16,5.8498691825783755,6.264798461730788,7.019873589579041,1.7549683973947603,0.42424232872787376,0.43903027836930686,0.4647351985123171,0.6272713450233213,0.7016183067583783
random,28,20270955,4,16,1.0,0.5,0.5,4,1.0498192507858715,0.17540457668959458,0.17540457668959458,0.17540457668959458,0.0,0.3587431198399426,0.12869662603249543,0.4003539821703772,0.1286966260324954,2.7755575615628914e-17,4.182975488064987,4.772760506245462,5.246814489324045,1.3117036223310112,0.3587431198399426,0.38320021319960046,0.40178042652567475,0.6272713450233213,0.7016183067583783
random,29,20270956,4,16,1.0,0.5,0.5,4,0.9323905178311449,0.17540457668959458,0.17540457668959458,0.17540457668959458,0.0,0.3208936339690063,0.10297272432183457,0.35892425733981304,0.10297272432183456,1.3877787807814457e-17,3.346881694231432,4.888719867391981,6.259174849529964,1.564793712382491,0.3208936339690063,0.38782740732300897,0.43883318580874486,0.6272713450233213,0.7016183067583783
random,30,20270957,4,16,1.0,0.5,0.5,4,1.165026366486795,0.17540457668959458,0.17540457668959458,0.17540457668959458,0.0,0.3950303373271496,0.1560489674088016,0.4397789357881918,0.1560489674088016,0.0,5.07199781169129,5.538520420475891,5.885452562587091,1.4713631406467726,0.39503033732714954,0.41279820630032005,0.42553065576256266,0.6272713450233213,0.7016183067583783
random,31,20270958,4,16,1.0,0.5,0.5,4,1.075485127004803,0.17540457668959458,0.17540457668959458,0.17540457668959458,0.0,0.36690240939228164,0.13461737801786144,0.4092452101358166,0.13461737801786144,0.0,4.375415345963396,5.216716916600262,6.074621709771847,1.5186554274429618,0.36690240939228164,0.40062639226133034,0.4323152342787146,0.6272713450233213,0.7016183067583783
random,32,20270959,4,16,1.0,0.5,0.5,4,1.0693561822040172,0.17540457668959458,0.17540457668959458,0.17540457668959458,0.0,0.3649578206105943,0.1331942108248347,0.40712752615701087,0.13319421082483485,1.3877787807814457e-16,4.329158706085788,5.050694163470524,5.191552664181685,1.2978881660454213,0.36495782061059445,0.39419985167322785,0.399658959017046,0.6272713450233213,0.7016183067583783
random,33,20270960,4,16,1.0,0.5,0.5,4,0.7907811668781598,0.17540457668959458,0.17540457668959458,0.17540457668959492,3.3306690738754696e-16,0.27420776270265723,0.07518989712639677,0.30744534255460154,0.07518989712639677,0.0,2.9992103818319444,4.841604889209364,7.572431727542142,1.8931079318855355,0.3037696538068571,0.38595404180354215,0.48267922205661745,0.6272713450233213,0.7016183067583783
random,34,20270961,4,16,1.0,0.5,0.5,4,1.1233513594546563,0.17540457668959458,0.17540457668959458,0.17540457668959458,0.0,0.38200524113849527,0.14592800425727992,0.4256629926942619,0.14592800425727992,0.0,4.743040153020933,5.832969549583901,6.964789359424228,1.741197339856057,0.3820052411384952,0.4236290906425956,0.4629082426821309,0.6272713450233213,0.7016183067583783
random,35,20270962,4,16,1.0,0.5,0.5,4,1.1459578539646083,0.17540457668959458,0.17540457668959458,0.17540457668959458,0.0,0.3890852581226083,0.15138733808833674,0.4333410376743245,0.15138733808833668,5.551115123125783e-17,4.920482719314073,5.1159055760810475,5.775664746754356,1.443916186688589,0.3890852581226082,0.39673652125869274,0.42154302628158435,0.6272713450233213,0.7016183067583783
random,36,20270963,4,16,1.0,0.5,0.5,4,0.9000144704416785,0.17540457668959458,0.17540457668959458,0.17540457668959458,0.0,0.31031574964831365,0.09629586447979488,0.3472947764000509,0.09629586447979488,0.0,3.3142198344786897,4.31421983447869,5.7328108375791995,1.4332027093947999,0.3193240118457355,0.3643275861980689,0.419976245555951,0.6272713450233213,0.7016183067583783
random,37,20270964,4,16,1.0,0.5,0.5,4,0.7723705583579321,0.17540457668959458,0.17540457668959458,0.17540457668959458,0.0,0.2680616842002529,0.0718570665362761,0.30064054476887137,0.07185706653627609,1.3877787807814457e-17,2.991395950344502,4.3764948925264395,6.164696732624825,1.5411741831562062,0.30337366034753743,0.36694766953046376,0.43550864388335103,0.6272713450233213,0.7016183067583783
random,38,20270965,4,16,1.0,0.5,0.5,4,1.1683055167944507,0.17540457668959458,0.17540457668959458,0.17540457668959492,3.3306690738754696e-16,0.3960501883618522,0.1568557517014586,0.44088245797434333,0.15685575170145857,2.7755575615628914e-17,5.098220402169205,5.88539567042593,6.396103152365747,1.5990257880914367,0.39605018836185196,0.425528599045862,0.4436072654431542,0.6272713450233213,0.7016183067583783
random,39,20270966,4,16,1.0,0.5,0.5,4,0.9116462685604779,0.17540457668959458,0.17540457668959458,0.17540457668959458,0.0,0.3141228855647927,0.09867318723555184,0.3514828330900772,0.09867318723555185,1.3877787807814457e-17,3.2071355423983148,4.838192986675391,6.767453474630976,1.691863368657744,0.3141228855647927,0.3858180259905414,0.4563032481214893,0.6272713450233213,0.7016183067583783
random,40,20270967,4,16,1.0,0.5,0.5,4,1.1418182724203885,0.17540457668959458,0.17540457668959458,0.17540457668959458,0.0,0.38779137659801577,0.15038215176378408,0.4319387624671216,0.15038215176378408,0.0,4.887811546135998,5.530851660976026,5.832024338274217,1.4580060845685543,0.3877913765980158,0.4125123224818526,0.42359476548222014,0.6272713450233213,0.7016183067583783
random,41,20270968,4,16,1.0,0.5,0.5,4,0.8825301557122118,0.17540457668959458,0.17540457668959458,0.17540457668959458,0.0,0.3045789350844361,0.09276832769716915,0.3409788951129573,0.09276832769716913,2.7755575615628914e-17,3.1729556819807767,4.801633851813547,6.646105578897202,1.6615263947243004,0.3124445286518139,0.38435757160383344,0.45219373280861747,0.6272713450233213,0.7016183067583783
random,42,20270969,4,16,1.0,0.5,0.5,4,0.9383542150303705,0.17540457668959458,0.17540457668959458,0.17540457668959492,3.3306690738754696e-16,0.3228355916380242,0.10422281922827313,0.36105695272451954,0.10422281922827314,1.3877787807814457e-17,3.387513034093184,4.828430252760483,6.368823987332954,1.5922059968332385,0.3228355916380241,0.3854285685234142,0.4426602695970218,0.6272713450233213,0.7016183067583783
random,43,20270970,4,16,1.0,0.5,0.5,4,1.1289859888303122,0.17540457668959458,0.17540457668959458,0.17540457668959458,0.0,0.38377313324609075,0.14728181780152172,0.42758133346227556,0.14728181780152172,0.0,4.787042618707516,5.2464071923643765,5.077110805194758,1.2692777012986896,0.38377313324609075,0.40176483162304844,0.3952293988066257,0.6272713450233213,0.7016183067583783
random,44,20270971,4,16,1.0,0.5,0.5,4,1.14422922844839,0.17540457668959458,0.17540457668959458,0.17540457668959458,0.0,0.3885450940949826,0.1509672901452789,0.43275567101672574,0.15096729014527885,5.551115123125783e-17,4.906830067307645,5.442291510545777,5.378485957091694,1.3446214892729236,0.3885450940949825,0.40919641593780465,0.40679062958002854,0.6272713450233213,0.7016183067583783
random,45,20270972,4,16,1.0,0.5,0.5,4,0.956483377920686,0.17540457668959458,0.17540457668959458,0.17540457668959458,0.0,0.3287263599815113,0.10806101974669415,0.3675218063153327,0.10806101974669412,2.7755575615628914e-17,3.512264546093039,4.989155622450708,5.869406920181088,1.467351730045272,0.3287263599815113,0.391790991725142,0.42495019293575415,0.6272713450233213,0.7016183067583783
random,46,20270973,4,16,1.0,0.5,0.5,4,0.8833285403907793,0.17540457668959458,0.17540457668959458,0.17540457668959458,0.0,0.304841261031308,0.09292819442715805,0.34126783147603,0.09292819442715804,1.3877787807814457e-17,3.303671524928384,4.73829932479388,5.989349504449544,1.497337376112386,0.3188154437517891,0.38181427986238314,0.4292702084266081,0.6272713450233213,0.7016183067583783
random,47,20270974,4,16,1.0,0.5,0.5,4,1.104007082593666,0.17540457668959458,0.17540457668959458,0.17540457668959458,0.0,0.3759198165612115,0.1413157084834149,0.41905407298410213,0.1413157084834149,0.0,4.593128529378899,4.7288899607303625,4.772177881128082,1.1930444702820204,0.37591981656121143,0.3814349860840786,0.38317682328899355,0.6272713450233213,0.7016183067583783
random,48,20270975,4,16,1.0,0.5,0.5,4,1.1507124200149919,0.17540457668959458,0.17540457668959458,0.17540457668959492,3.3306690738754696e-16,0.39056992875816104,0.152544869250155,0.43494958669085637,0.15254486925015498,2.7755575615628914e-17,4.958105496428168,5.495433805625198,6.040519628205473,1.5101299070513683,0.3905699287581608,0.41118940082210576,0.43110004760152687,0.6272713450233213,0.7016183067583783
random,49,20270976,4,16,1.0,0.5,0.5,4,1.1115996160881394,0.17540457668959458,0.17540457668959458,0.17540457668959458,0.0,0.37831127016955324,0.1431194171373007,0.4216522832465228,0.14311941713730067,2.7755575615628914e-17,4.651753757711691,5.255077322717321,5.819808147047844,1.454952036761961,0.3783112701695532,0.40209666971603364,0.4231508863902841,0.6272713450233213,0.7016183067583783
aligned,0,20270927,5,16,1.0,0.5,0.5,4,2.5,0.17540457668959458,0.17540457668959458,0.17540457668959458,0.0,0.736319657640882,0.5421666382283857,0.7887004526662893,0.5421666382283857,0.0,17.621827611730133,17.621827611730133,17.99944502858056,3.599889005716112,0.736319657640882,0.736319657640882,0.7441671215192669,0.736319657640882,0.877022883447973
alternating,0,20270927,5,16,1.0,0.5,0.5,4,0.5,0.17540457668959458,0.17540457668959458,0.17540457668959458,0.0,0.17540457668959458,0.030766765523655867,0.1974126513658474,0.03076676552365584,2.7755575615628914e-17,9.0,13.000000000000002,25.000000000000004,5.000000000000001,0.5262137300687837,0.6324301952053889,0.877022883447973,0.736319657640882,0.877022883447973
orthogonal,0,20270927,5,16,1.0,0.5,0.5,4,1.118033988749895,0.17540457668959458,0.17540457668959458,0.17540457668959458,0.0,0.38033494802946716,0.14465467269257748,0.4238498779694211,0.14465467269257748,0.0,4.7016535612544565,5.0,5.077988680100467,1.0155977360200934,0.38033494802946716,0.3922165570425085,0.3952635665634132,0.736319657640882,0.877022883447973
clustered,0,20270927,5,16,1.0,0.5,0.5,4,2.0615528128088303,0.17540457668959458,0.17540457668959458,0.17540457668959458,0.0,0.6419737742911726,0.4121303268776535,0.6973543152328547,0.41213032687765344,5.551115123125783e-17,13.395308862115384,13.78877820240275,16.1375674819852,3.22751349639704,0.6419737742911726,0.6513340969203305,0.7046280968286833,0.736319657640882,0.877022883447973
random,0,20270927,5,16,1.0,0.5,0.5,4,0.9083079126400041,0.17540457668959458,0.17540457668959458,0.17540457668959492,3.3306690738754696e-16,0.31303100232190856,0.09798840841465872,0.3502819796152892,0.09798840841465871,1.3877787807814457e-17,3.428859440070234,5.99801546222981,8.205191360487227,1.6410382720974455,0.32479980665975594,0.4295806505578282,0.5024412390168997,0.736319657640882,0.877022883447973
random,1,20270928,5,16,1.0,0.5,0.5,4,1.0389751031513343,0.17540457668959458,0.17540457668959458,0.17540457668959458,0.0,0.35528315810624367,0.12622612243394613,0.39657920845140193,0.12622612243394624,1.1102230246251565e-16,4.1026776876137285,6.349087487197227,8.868228423250999,1.7736456846501998,0.3552831581062438,0.44197385217654506,0.5223473025759623,0.736319657640882,0.877022883447973
random,2,20270929,5,16,1.0,0.5,0.5,4,1.077795464549355,0.17540457668959458,0.17540457668959458,0.17540457668959458,0.0,0.367634804466811,0.13515534945535038,0.4100425779355188,0.1351553494553502,1.6653345369377348e-16,4.721016560078668,7.058885141148581,9.432509778330036,1.8865019556660074,0.38111731728857035,0.466024746119921,0.5387093990728874,0.736319657640882,0.877022883447973
random,3,20270930,5,16,1.0,0.5,0.5,4,1.4203688551653575,0.17540457668959458,0.17540457668959458,0.17540457668959458,0.0,0.47211852311940383,0.22289589987244704,0.5224102236695036,0.22289589987244718,1.3877787807814457e-16,7.24469719447979,8.143763429405295,8.189372922694515,1.637874584538903,0.47211852311940394,0.5005569497196461,0.5019566878708943,0.736319657640882,0.877022883447973
random,4,20270931,5,16,1.0,0.5,0.5,4,1.0828147381511257,0.17540457668959458,0.17540457668959458,0.17540457668959458,0.0,0.3692247650292338,0.1363269271108929,0.4117731709181829,0.1363269271108929,0.0,4.430980143365224,5.756928556144755,7.018435659495923,1.4036871318991846,0.36922476502923374,0.4208587304825034,0.4646875985848731,0.736319657640882,0.877022883447973
random,5,20270932,5,16,1.0,0.5,0.5,4,0.9834705616303636,0.17540457668959458,0.17540457668959458,0.17540457668959458,0.0,0.33745965917972426,0.11387902157369566,0.37709350628886384,0.11387902157369566,0.0,3.8377662609302656,5.718329656273264,6.990038040813406,1.3980076081626813,0.3436213827523529,0.4194454764585347,0.4637465486697889,0.736319657640882,0.877022883447973
random,6,20270933,5,16,1.0,0.5,0.5,4,0.9804511385877553,0.17540457668959458,0.17540457668959458,0.17540457668959458,0.0,0.33648469627306243,0.11322195082597508,0.3760257107561191,0.11322195082597508,0.0,4.4814024122215805,6.359155548907578,8.391889661441091,1.6783779322882184,0.3713196160102064,0.44232414324982827,0.5081252813174619,0.736319657640882,0.877022883447973
random,7,20270934,5,16,1.0,0.5,0.5,4,1.1617552589191236,0.17540457668959458,0.17540457668959458,0.17540457668959458,0.0,0.3940122527076492,0.15524565528375645,0.4386770696260025,0.15524565528375653,8.326672684688674e-17,5.279033893373731,7.427569310994647,8.865895411056306,1.7731790822112612,0.4030121561303848,0.4780400437223586,0.5222785897097697,0.736319657640882,0.877022883447973
random,8,20270935,5,16,1.0,0.5,0.5,4,0.9083712567196532,0.17540457668959458,0.17540457668959458,0.17540457668959458,0.0,0.31305172622495087,0.09800138329242158,0.3503047738539655,0.09800138329242157,1.3877787807814457e-17,3.9116850129828875,6.125832502881453,9.396082529197189,1.8792165058394377,0.3469148247003049,0.4341336801646972,0.5376681764961818,0.736319657640882,0.877022883447973
random,9,20270936,5,16,1.0,0.5,0.5,4,1.0057404616109755,0.17540457668959458,0.17540457668959458,0.17540457668959458,0.0,0.3446335791173033,0.11877230385520256,0.38494448776574575,0.11877230385520243,1.249000902703301e-16,4.2588020513162,6.950266644109533,10.764472390259915,2.1528944780519828,0.36198006039630165,0.4624253714559838,0.5754893552594993,0.736319657640882,0.877022883447973
random,10,20270937,5,16,1.0,0.5,0.5,4,1.3573399153923407,0.17540457668959458,0.17540457668959458,0.17540457668959458,0.0,0.45354372075108607,0.20570190663273913,0.5026529944671534,0.20570190663273902,1.1102230246251565e-16,6.685847638893971,7.382025462285204,7.577763544779801,1.5155527089559602,0.45354372075108595,0.47657218392158196,0.4828491215441397,0.736319657640882,0.877022883447973
random,11,20270938,5,16,1.0,0.5,0.5,4,1.0472410434928956,0.17540457668959458,0.17540457668959458,0.17540457668959458,0.0,0.35792118166804554,0.12810757228665007,0.39945749491979754,0.12810757228665,5.551115123125783e-17,4.494118046026846,6.879881800845514,9.580037162064027,1.9160074324128054,0.3718460382439733,0.4600779392636439,0.5429058454954537,0.736319657640882,0.877022883447973
random,12,20270939,5,16,1.0,0.5,0.5,4,1.2796641080037103,0.17540457668959458,0.17540457668959458,0.17540457668959458,0.0,0.43023501063740727,0.18510216437816995,0.4777182089338359,0.18510216437816995,0.0,6.016302371331465,8.011023295777914,8.580590970193974,1.7161181940387946,0.4302350106374073,0.4964607490484459,0.5138064133838315,0.736319657640882,0.877022883447973
random,13,20270940,5,16,1.0,0.5,0.5,4,1.020190824854012,0.17540457668959458,0.17540457668959458,0.17540457668959458,0.0,0.3492723893957996,0.12199120199425105,0.3900153809751441,0.12199120199425105,0.0,4.4049151345732565,7.068381300287171,9.900977790358596,1.9801955580717192,0.368137190592065,0.46633810706152806,0.5519248700057711,0.736319657640882,0.877022883447973
random,14,20270941,5,16,1.0,0.5,0.5,4,1.0182607721575005,0.17540457668959458,0.17540457668959458,0.17540457668959458,0.0,0.3486535529192926,0.12155929996324598,0.38933916577421956,0.12155929996324599,1.3877787807814457e-17,4.665352063375721,6.426465079788844,8.729981221778814,1.7459962443557628,0.3788638185670214,0.4446589077661953,0.5182598626908972,0.736319657640882,0.877022883447973
random,15,20270942,5,16,1.0,0.5,0.5,4,1.0131965092260424,0.17540457668959458,0.17540457668959458,0.17540457668959458,0.0,0.3470286973767308,0.12042891680299062,0.38756326674542896,0.1204289168029906,1.3877787807814457e-17,3.9142534079637175,5.904466748114281,7.828605762544232,1.5657211525088464,0.34702869737673075,0.4262174843685497,0.49077579185748305,0.736319657640882,0.877022883447973
random,16,20270943,5,16,1.0,0.5,0.5,4,1.1439943713725416,0.17540457668959458,0.17540457668959458,0.17540457668959458,0.0,0.38847168992502484,0.15091025387320464,0.4326761187195647,0.15091025387320464,0.0,4.904976239935692,6.423245253959758,7.244260406795544,1.4488520813591088,0.38847168992502484,0.4445475009821957,0.47210429073265403,0.736319657640882,0.877022883447973
random,17,20270944,5,16,1.0,0.5,0.5,4,1.2673789855865605,0.17540457668959458,0.17540457668959458,0.17540457668959458,0.0,0.42650741927363656,0.1819085786954576,0.47371651657428604,0.1819085786954576,0.0,5.912502520149291,6.78097003363442,6.713467414203076,1.3426934828406152,0.42650741927363656,0.45675870549751657,0.4544795680594346,0.736319657640882,0.877022883447973
random,18,20270945,5,16,1.0,0.5,0.5,4,1.0411213758856293,0.17540457668959458,0.17540457668959458,0.17540457668959458,0.0,0.3559685405342843,0.12671360185010838,0.39732715902217985,0.12671360185010838,0.0,4.8303739319906,6.5928535725610375,8.819364313776504,1.7638728627553009,0.38550613763873387,0.4503784852751987,0.520906242916765,0.736319657640882,0.877022883447973
random,19,20270946,5,16,1.0,0.5,0.5,4,1.3109265386894144,0.17540457668959458,0.17540457668959458,0.17540457668959492,3.3306690738754696e-16,0.4396705378504755,0.1933101818537264,0.48783047236704524,0.19331018185372636,2.7755575615628914e-17,6.283084313984661,7.775156495926618,9.050867775813241,1.810173555162648,0.43967053785047533,0.48909755347977774,0.5276987082076843,0.736319657640882,0.877022883447973
random,20,20270947,5,16,1.0,0.5,0.5,4,0.8802226955261548,0.17540457668959458,0.17540457668959458,0.17540457668959458,0.0,0.3038205750933816,0.09230694185007314,0.34014353652131524,0.09230694185007314,0.0,3.581328825017665,6.358532892874919,9.560316960070722,1.9120633920141443,0.33194262188280144,0.4423024876592216,0.5423467804295756,0.736319657640882,0.877022883447973
random,21,20270948,5,16,1.0,0.5,0.5,4,1.0860251622636563,0.17540457668959458,0.17540457668959458,0.17540457668959458,0.0,0.37024087874014083,0.13707830829027168,0.4128788598552422,0.13707830829027165,2.7755575615628914e-17,4.56239305170022,6.186444060455288,7.687963915734592,1.5375927831469185,0.3746599488181482,0.4362761440111542,0.4863473893727953,0.736319657640882,0.877022883447973
random,22,20270949,5,16,1.0,0.5,0.5,4,1.3209488557467395,0.17540457668959458,0.17540457668959458,0.17540457668959458,0.0,0.442680029222368,0.19596560827231657,0.49105057644941374,0.19596560827231654,2.7755575615628914e-17,6.369392587649262,7.406498875184521,7.493834762180479,1.4987669524360958,0.44268002922236793,0.4773615131575053,0.48016773840089283,0.736319657640882,0.877022883447973
random,23,20270950,5,16,1.0,0.5,0.5,4,1.299459160311972,0.17540457668959458,0.17540457668959458,0.17540457668959458,0.0,0.4362179130614495,0.19028606767568634,0.4841330867675786,0.19028606767568623,1.1102230246251565e-16,6.254392440171139,7.855466671339303,9.249612808411378,1.8499225616822754,0.4386655054818777,0.49161702691830134,0.533461028062029,0.736319657640882,0.877022883447973
random,24,20270951,5,16,1.0,0.5,0.5,4,0.7076490553903962,0.17540457668959458,0.17540457668959458,0.17540457668959458,0.0,0.24632706081185354,0.0606770208882066,0.2765296093904783,0.060677020888206576,2.0816681711721685e-17,3.688266544179503,6.20825278506935,10.38983722191709,2.0779674443834177,0.33686203697287603,0.4370444574065803,0.5653863153947708,0.736319657640882,0.877022883447973
random,25,20270952,5,16,1.0,0.5,0.5,4,1.0216021603945122,0.17540457668959458,0.17540457668959458,0.17540457668959458,0.0,0.34972476298765026,0.12230740984676815,0.39050964729072146,0.12230740984676812,2.7755575615628914e-17,4.915299984572457,6.284544818639157,8.626953042695767,1.7253906085391535,0.3888802927685718,0.43972163564916533,0.5151926255763083,0.736319657640882,0.877022883447973
random,26,20270953,5,16,1.0,0.5,0.5,4,1.1796023528239588,0.17540457668959458,0.17540457668959458,0.17540457668959458,0.0,0.3995579558649221,0.15964656009495504,0.44467604609325617,0.15964656009495504,0.0,5.188928942569748,6.769167635001236,7.6205008928909725,1.5241001785781945,0.3995579558649221,0.45636103406886436,0.4842088022169637,0.736319657640882,0.877022883447973
random,27,20270954,5,16,1.0,0.5,0.5,4,1.1748592067110641,0.17540457668959458,0.17540457668959458,0.17540457668959458,0.0,0.3980862397196225,0.15847265425410872,0.44308478327317724,0.15847265425410872,0.0,5.8498691825783755,7.391012475231265,10.140588782270184,2.0281177564540367,0.42424232872787376,0.47686218953472886,0.5585634407441304,0.736319657640882,0.877022883447973
random,28,20270955,5,16,1.0,0.5,0.5,4,1.1757083480377322,0.17540457668959458,0.17540457668959458,0.17540457668959458,0.0,0.3983498278598001,0.15868258535593238,0.44336982215607224,0.15868258535593238,0.0,5.157597253241487,6.774599451072284,8.115322809272172,1.6230645618544344,0.3983498278598001,0.45654409735295964,0.49968213298221215,0.736319657640882,0.877022883447973
random,29,20270956,5,16,1.0,0.5,0.5,4,0.9373994165809496,0.17540457668959458,0.17540457668959458,0.17540457668959458,0.0,0.3225248182639181,0.10402225839617339,0.36071570450987855,0.10402225839617339,0.0,3.6184981474225477,5.888719867391981,7.835052438906194,1.5670104877812387,0.33366073195617835,0.42564875589450857,0.4909778215493801,0.736319657640882,0.877022883447973
random,30,20270957,5,16,1.0,0.5,0.5,4,1.1313481680031006,0.17540457668959458,0.17540457668959458,0.17540457668959458,0.0,0.3845136463381764,0.14785074422028022,0.4283846441712822,0.1478507442202802,2.7755575615628914e-17,5.07199781169129,6.743933984754272,7.698484229424136,1.5396968458848272,0.39503033732714954,0.45550964382321135,0.48668003778073216,0.736319657640882,0.877022883447973
random,31,20270958,5,16,1.0,0.5,0.5,4,1.2072337874486696,0.17540457668959458,0.17540457668959458,0.17540457668959458,0.0,0.4081003858378443,0.1665459249209974,0.4539016215631797,0.1665459249209974,0.0,5.413176266219599,7.213803209947651,9.091334418600297,1.8182668837200593,0.40810038583784425,0.4711108063866243,0.5288770692270724,0.736319657640882,0.877022883447973
random,32,20270959,5,16,1.0,0.5,0.5,4,1.1850452523278405,0.17540457668959458,0.17540457668959458,0.17540457668959458,0.0,0.4012448733400018,0.1609974483816341,0.4464993259260792,0.16099744838163407,2.7755575615628914e-17,5.232836329767808,6.370799280989252,6.937722921395539,1.3875445842791079,0.4012448733400018,0.44272890991719943,0.46200789429475053,0.736319657640882,0.877022883447973
random,33,20270960,5,16,1.0,0.5,0.5,4,0.965859350714855,0.17540457668959458,0.17540457668959458,0.17540457668959492,3.3306690738754696e-16,0.33176539551274503,0.11006827765972814,0.370854329715365,0.11006827765972815,1.3877787807814457e-17,4.319743890758115,6.517563681955743,9.586480405312475,1.917296081062495,0.36456075955758027,0.44779945688692785,0.5430883858336232,0.736319657640882,0.877022883447973
random,34,20270961,5,16,1.0,0.5,0.5,4,1.276285062746962,0.17540457668959458,0.17540457668959458,0.17540457668959458,0.0,0.42921083289653894,0.18422193907574066,0.4766190973334383,0.1842219390757407,2.7755575615628914e-17,5.987692756786429,7.123561283146893,8.709153828897572,1.7418307657795142,0.42921083289653894,0.46815482448862317,0.5176412790370772,0.736319657640882,0.877022883447973
random,35,20270962,5,16,1.0,0.5,0.5,4,1.1084193052827456,0.17540457668959458,0.17540457668959458,0.17540457668959458,0.0,0.37731001671514713,0.14236284871358462,0.42056462694618624,0.14236284871358448,1.3877787807814457e-16,4.920482719314073,6.268274736716679,7.991821208462662,1.5983642416925323,0.3890852581226082,0.4391520682661278,0.49586539426315157,0.736319657640882,0.877022883447973
random,36,20270963,5,16,1.0,0.5,0.5,4,1.0507417154012548,0.17540457668959458,0.17540457668959458,0.17540457668959458,0.0,0.3590371015651723,0.12890764030031987,0.40067459182103926,0.12890764030031987,0.0,4.61546138850535,5.945891176108655,7.2353406542729015,1.4470681308545803,0.376832613136962,0.42770999479145844,0.4718135536351083,0.736319657640882,0.877022883447973
random,37,20270964,5,16,1.0,0.5,0.5,4,0.8983663261334021,0.17540457668959458,0.17540457668959458,0.17540457668959458,0.0,0.3097756947740739,0.0959609810727602,0.34670046775135543,0.09596098107276017,2.7755575615628914e-17,3.853333912050223,6.176955312249808,9.117735966458829,1.8235471932917657,0.3443176163898687,0.4359414361380326,0.5296444511053077,0.736319657640882,0.877022883447973
random,38,20270965,5,16,1.0,0.5,0.5,4,1.3549089944691597,0.17540457668959458,0.17540457668959458,0.17540457668959492,3.3306690738754696e-16,0.4528211675807973,0.20504700980923654,0.5018823688408378,0.2050470098092365,2.7755575615628914e-17,6.664561786697414,7.4962399589061945,8.172022262730092,1.6344044525460184,0.45282116758079716,0.4802447887533259,0.5014246631464316,0.736319657640882,0.877022883447973
random,39,20270966,5,16,1.0,0.5,0.5,4,1.0187565995856527,0.17540457668959458,0.17540457668959458,0.17540457668959458,0.0,0.3488125529543936,0.12167019709856165,0.389512916108971,0.12167019709856162,2.7755575615628914e-17,3.9545982500179346,6.469995032646743,8.461816578274897,1.6923633156549793,0.34881255295439356,0.4461623248422715,0.5102379117313489,0.736319657640882,0.877022883447973
random,40,20270967,5,16,1.0,0.5,0.5,4,1.364696570227989,0.17540457668959458,0.17540457668959458,0.17540457668959458,0.0,0.45572761156157027,0.20768765593961347,0.5049812520175174,0.20768765593961347,0.0,6.750389662505379,7.406255380797121,7.859754877161182,1.5719509754322363,0.4557276115615702,0.47735366627826337,0.4917511925547601,0.736319657640882,0.877022883447973
random,41,20270968,5,16,1.0,0.5,0.5,4,1.0795287604011756,0.17540457668959458,0.17540457668959458,0.17540457668959458,0.0,0.3681840465827912,0.13555949215807894,0.4106404653357003,0.13555949215807891,2.7755575615628914e-17,4.566993885750847,6.195672055583617,8.412646471638602,1.6825292943277204,0.37484880956309075,0.4366014079175743,0.5087533011453741,0.736319657640882,0.877022883447973
random,42,20270969,5,16,1.0,0.5,0.5,4,1.1409728514998831,0.17540457668959458,0.17540457668959458,0.17540457668959492,3.3306690738754696e-16,0.3875269865392168,0.15017716529616632,0.43165217375840026,0.15017716529616632,0.0,4.881148952128179,6.474721780890842,7.963771527970338,1.5927543055940676,0.38752698653921663,0.4463252702498214,0.49499443561016926,0.736319657640882,0.877022883447973
random,43,20270970,5,16,1.0,0.5,0.5,4,1.194546633629984,0.17540457668959458,0.17540457668959458,0.17540457668959458,0.0,0.40418469779872923,0.1633652699346501,0.44967508362512554,0.16336526993465003,5.551115123125783e-17,5.309796696342428,6.632750856103504,6.9199236024921404,1.3839847204984281,0.40418469779872923,0.4517391840061743,0.4614148533797841,0.736319657640882,0.877022883447973
random,44,20270971,5,16,1.0,0.5,0.5,4,1.2932079250759012,0.17540457668959458,0.17540457668959458,0.17540457668959458,0.0,0.434331656717539,0.18864398802700214,0.4821117072031367,0.18864398802700208,5.551115123125783e-17,6.1314208632674765,7.10674167652515,7.298407584447362,1.4596815168894723,0.4343316567175389,0.46760181222792785,0.47386537629031683,0.736319657640882,0.877022883447973
random,45,20270972,5,16,1.0,0.5,0.5,4,1.0553260321811344,0.17540457668959458,0.17540457668959458,0.17540457668959458,0.0,0.3604972855505819,0.1299582928893378,0.4022667530372057,0.1299582928893378,0.0,4.223982946449663,6.36241913755949,7.94064852816633,1.588129705633266,0.36049728555058197,0.4424376315013378,0.49427529917228974,0.736319657640882,0.877022883447973
random,46,20270973,5,16,1.0,0.5,0.5,4,1.0845289882970306,0.17540457668959458,0.17540457668959458,0.17540457668959458,0.0,0.3697674161364555,0.13672794203623062,0.41236368848724725,0.1367279420362306,2.7755575615628914e-17,5.042966067904077,7.100966793457493,9.239187685109817,1.8478375370219635,0.3938981525152886,0.4674117888174978,0.5331603146679454,0.736319657640882,0.877022883447973
random,47,20270974,5,16,1.0,0.5,0.5,4,1.3402531151066996,0.17540457668959458,0.17540457668959458,0.17540457668959458,0.0,0.44845537830643695,0.20111222633196948,0.49722288357362254,0.20111222633196946,2.7755575615628914e-17,6.536671077021041,6.672432508372505,6.841687808310005,1.368337561662001,0.44845537830643695,0.4530884753086485,0.4587990895635353,0.736319657640882,0.877022883447973
random,48,20270975,5,16,1.0,0.5,0.5,4,1.0712197371296248,0.17540457668959458,0.17540457668959458,0.17540457668959492,3.3306690738754696e-16,0.3655493439659351,0.1336263228739255,0.40777179306543876,0.1336263228739255,0.0,4.958105496428168,6.5719859512938665,9.178647190536408,1.8357294381072815,0.3905699287581608,0.44966515407380503,0.5314106565882889,0.736319657640882,0.877022883447973
random,49,20270976,5,16,1.0,0.5,0.5,4,1.1264995512099123,0.17540457668959458,0.17540457668959458,0.17540457668959458,0.0,0.38299326306945564,0.14668383955658926,0.4267351871894487,0.14668383955658923,2.7755575615628914e-17,4.784787111936894,6.717154440503441,7.653193303780909,1.5306386607561817,0.3836827115646116,0.45460435067996563,0.4852463332006131,0.736319657640882,0.877022883447973
aligned,0,20270927,6,16,1.0,0.5,0.5,4,3.0,0.17540457668959458,0.17540457668959458,0.17540457668959458,0.0,0.8217953106714897,0.6753475326416503,0.8663855974622838,0.6753475326416502,1.1102230246251565e-16,21.950553499762293,22.45487702105752,22.925200680472543,3.8208667800787572,0.8217953106714896,0.8311822520779693,0.8398418148192281,0.8217953106714897,1.0
alternating,0,20270927,6,16,1.0,0.5,0.5,4,0.0,0.17540457668959458,0.17540457668959458,0.17540457668959458,0.0,0.0,0.0,0.0,-4.2873918540855025e-17,4.2873918540855025e-17,9.0,18.000000000000004,36.00000000000001,6.000000000000001,0.5262137300687837,0.744178593770209,1.0,0.8217953106714897,1.0
orthogonal,0,20270927,6,16,1.0,0.5,0.5,4,1.224744871391589,0.17540457668959458,0.17540457668959458,0.17540457668959458,0.0,0.41348625348323204,0.17097088181959963,0.45970862539257995,0.1709708818195996,2.7755575615628914e-17,5.556998888561879,6.0,6.0936361698916315,1.015606028315272,0.41348625348323204,0.4296517114383872,0.43299131079679215,0.8217953106714897,1.0
clustered,0,20270927,6,16,1.0,0.5,0.5,4,2.23606797749979,0.17540457668959458,0.17540457668959458,0.17540457668959458,0.0,0.6817173692088312,0.4647385714810099,0.7364475227170273,0.4647385714810097,1.6653345369377348e-16,15.105213810131675,16.607934861072607,19.682064397942288,3.2803440663237144,0.6817173692088311,0.7148233611898615,0.7781731557648242,0.8217953106714897,1.0
random,0,20270927,6,16,1.0,0.5,0.5,4,1.2832245313616046,0.17540457668959458,0.17540457668959458,0.17540457668959492,3.3306690738754696e-16,0.43131325521561126,0.186031124124687,0.47887503303257706,0.18603112412468703,2.7755575615628914e-17,6.596960023171419,9.231919900321742,12.199118944850229,2.0331864908083714,0.45051872569499973,0.532950574543617,0.6126397246109618,0.8217953106714897,1.0
random,1,20270928,6,16,1.0,0.5,0.5,4,1.2981223680240244,0.17540457668959458,0.17540457668959458,0.17540457668959458,0.0,0.4358147913141091,0.18993453232816046,0.4837011701809384,0.1899345323281605,2.7755575615628914e-17,6.534244699441431,9.073621014191819,12.371834314411803,2.0619723857353005,0.44837213845410345,0.5283615903849903,0.6169613646323631,0.8217953106714897,1.0
random,2,20270929,6,16,1.0,0.5,0.5,4,1.1066362130579876,0.17540457668959458,0.17540457668959458,0.17540457668959458,0.0,0.37674835571921184,0.1419393235371298,0.41995439533981815,0.14193932353712957,2.220446049250313e-16,4.721016560078668,8.789124831130486,12.2170039969097,2.0361673328182834,0.38111731728857035,0.520012444887171,0.6130886537642719,0.8217953106714897,1.0
random,3,20270930,6,16,1.0,0.5,0.5,4,1.4949876843821992,0.17540457668959458,0.17540457668959458,0.17540457668959458,0.0,0.4937029758432551,0.24374262835648575,0.5452344815409704,0.24374262835648575,0.0,7.9222701576828936,9.77734502125643,10.301862107299968,1.716977017883328,0.4937029758432551,0.5484681227864393,0.5629875450774496,0.8217953106714897,1.0
random,4,20270931,6,16,1.0,0.5,0.5,4,0.9930605374657174,0.17540457668959458,0.17540457668959458,0.17540457668959458,0.0,0.34055260454322916,0.11597607646117702,0.38047966282239765,0.11597607646117702,0.0,4.430980143365224,6.893776724412441,8.872050144382072,1.4786750240636786,0.36922476502923374,0.46054230213133945,0.5224598420034983,0.8217953106714897,1.0
random,5,20270932,6,16,1.0,0.5,0.5,4,1.062015843196473,0.17540457668959458,0.17540457668959458,0.17540457668959458,0.0,0.36262571044075337,0.1314974058726611,0.40458671023634096,0.13149740587266123,1.3877787807814457e-16,4.848620716757149,7.575731520250079,10.851238959266466,1.808539826544411,0.3862335779105792,0.48278437770261706,0.577804053897955,0.8217953106714897,1.0
random,6,20270933,6,16,1.0,0.5,0.5,4,1.3097229130392274,0.17540457668959458,0.17540457668959458,0.17540457668959458,0.0,0.43930860833297686,0.19299205335545686,0.487443041954154,0.19299205335545688,2.7755575615628914e-17,7.306136137302966,9.270488031022268,11.353132342284521,1.8921887237140869,0.47411620666278553,0.5340626663045455,0.5910153642115421,0.8217953106714897,1.0
random,7,20270934,6,16,1.0,0.5,0.5,4,1.1791710321790585,0.17540457668959458,0.17540457668959458,0.17540457668959458,0.0,0.39942418886052694,0.1595396826468899,0.44453143556545904,0.15953968264688986,2.7755575615628914e-17,5.400321039616006,8.445849236235128,10.724584199219475,1.7874306998699125,0.40761551881439834,0.509756278136321,0.5744221160401906,0.8217953106714897,1.0
random,8,20270935,6,16,1.0,0.5,0.5,4,0.9774835206265726,0.17540457668959458,0.17540457668959458,0.17540457668959458,0.0,0.33552593007195763,0.11257764975065221,0.3749754653408095,0.1125776497506523,9.71445146547012e-17,4.906565695389955,8.58641903332195,12.493183423570688,2.082197237261781,0.388534626869313,0.513980876187113,0.6199797134076434,0.8217953106714897,1.0
random,9,20270936,6,16,1.0,0.5,0.5,4,1.0736503043139014,0.17540457668959458,0.17540457668959458,0.17540457668959458,0.0,0.36632051110997205,0.13419071685987116,0.40861160395247387,0.13419071685987105,1.1102230246251565e-16,4.954285582871232,8.480797835147898,13.280324477982736,2.2133874129971227,0.39041944478397583,0.5108098652605719,0.6392125071462247,0.8217953106714897,1.0
random,10,20270937,6,16,1.0,0.5,0.5,4,1.4769249002097582,0.17540457668959458,0.17540457668959458,0.17540457668959458,0.0,0.48851917228828906,0.23865098169323504,0.5397665227636574,0.23865098169323506,2.7755575615628914e-17,7.756778381846534,9.102236207116038,9.660114299968733,1.6100190499947886,0.4885191722882891,0.5291940732144209,0.5451701308755397,0.8217953106714897,1.0
random,11,20270938,6,16,1.0,0.5,0.5,4,1.1140319633450848,0.17540457668959458,0.17540457668959458,0.17540457668959458,0.0,0.37907659163382446,0.1436990623247173,0.42248349000520147,0.14369906232471738,8.326672684688674e-17,6.125064966168009,8.609189462657362,12.56545720353919,2.0942428672565314,0.4341064819042101,0.5146619410314969,0.6217704363177963,0.8217953106714897,1.0
random,12,20270939,6,16,1.0,0.5,0.5,4,1.458342181324547,0.17540457668959458,0.17540457668959458,0.17540457668959458,0.0,0.4831586168049659,0.2334422489928879,0.5341029873018144,0.23344224899288787,2.7755575615628914e-17,8.038672261943997,10.460254490033273,11.66769237546897,1.944615395911495,0.49731674474598914,0.5672990368514848,0.599147023290779,0.8217953106714897,1.0
random,13,20270940,6,16,1.0,0.5,0.5,4,1.0840101511859017,0.17540457668959458,0.17540457668959458,0.17540457668959458,0.0,0.36960319677863823,0.13660652306898877,0.41218499063830305,0.13660652306898877,0.0,5.465588581003756,8.508522785417835,12.502666679465612,2.0837777799109354,0.4100713137010605,0.5116441395067804,0.6202149741400506,0.8217953106714897,1.0
random,14,20270941,6,16,1.0,0.5,0.5,4,1.2461859824261996,0.17540457668959458,0.17540457668959458,0.17540457668959458,0.0,0.42005111172381443,0.17644293646041243,0.46677658477860073,0.17644293646041243,0.0,6.733530804767043,8.494643821180166,10.939990588212169,1.823331764702028,0.4551581740632386,0.5112266763904465,0.5801621542797546,0.8217953106714897,1.0
random,15,20270942,6,16,1.0,0.5,0.5,4,1.153193605071388,0.17540457668959458,0.17540457668959458,0.17540457668959458,0.0,0.3913440990210813,0.15315020383862188,0.43578814031056945,0.15315020383862196,8.326672684688674e-17,5.191905832964453,7.727121134934056,10.316675950497112,1.7194459917495186,0.39967255270248236,0.4875843764225856,0.5633921813022295,0.8217953106714897,1.0
random,16,20270943,6,16,1.0,0.5,0.5,4,1.3224893964773903,0.17540457668959458,0.17540457668959458,0.17540457668959458,0.0,0.4431419526708857,0.1963747902169655,0.49154459967399555,0.19637479021696544,5.551115123125783e-17,6.755076250292701,8.81625374343475,10.60125643448444,1.7668760724140733,0.4558857829403896,0.5208143735740309,0.5711097713889431,0.8217953106714897,1.0
random,17,20270944,6,16,1.0,0.5,0.5,4,1.3742229886903028,0.17540457668959458,0.17540457668959458,0.17540457668959458,0.0,0.4585494329160415,0.21026758242762325,0.5079875285589723,0.2102675824276232,5.551115123125783e-17,6.904552045969867,8.81898096660384,9.807737541770749,1.634622923628458,0.4609020870469489,0.5208949218000539,0.5493199079454681,0.8217953106714897,1.0
random,18,20270945,6,16,1.0,0.5,0.5,4,1.1685297799493901,0.17540457668959458,0.17540457668959458,0.17540457668959458,0.0,0.3961199096265186,0.15691098280252128,0.4409578899791946,0.15691098280252125,2.7755575615628914e-17,5.564720756657932,8.219848633980703,10.63612874088681,1.7726881234811351,0.4137734388825791,0.5028898045910528,0.5720483188073203,0.8217953106714897,1.0
random,19,20270946,6,16,1.0,0.5,0.5,4,1.4192857107668386,0.17540457668959458,0.17540457668959458,0.17540457668959492,3.3306690738754696e-16,0.4718019389657935,0.2225970696118823,0.5220743630195588,0.22259706961188228,2.7755575615628914e-17,7.234984432820289,9.195605814373877,11.030521228127283,1.8384202046878804,0.47180193896579337,0.5319013516986093,0.5825576883275172,0.8217953106714897,1.0
random,20,20270947,6,16,1.0,0.5,0.5,4,0.8401905781142494,0.17540457668959458,0.17540457668959458,0.17540457668959458,0.0,0.2906181399501381,0.08445890326807805,0.3255841559818018,0.08445890326807802,2.7755575615628914e-17,3.581328825017665,7.763873240597762,11.521749517670731,1.920291586278455,0.33194262188280144,0.488742537077404,0.595388080022157,0.8217953106714897,1.0
random,21,20270948,6,16,1.0,0.5,0.5,4,1.3603371855821627,0.17540457668959458,0.17540457668959458,0.17540457668959458,0.0,0.4544339892658777,0.20651025060009984,0.5036022835373744,0.20651025060009984,0.0,7.080611950320789,8.860198865960498,10.291096102269456,1.715182683711576,0.4667413926785532,0.5221107746464999,0.5626932919094852,0.8217953106714897,1.0
random,22,20270949,6,16,1.0,0.5,0.5,4,1.0646308587261404,0.17540457668959458,0.17540457668959458,0.17540457668959458,0.0,0.3634569261825612,0.13210093719007573,0.40549245238579035,0.13210093719007573,0.0,6.369392587649262,8.406498875184521,12.536071566989285,2.089345261164881,0.44268002922236793,0.5085673797715293,0.6210429731422202,0.8217953106714897,1.0
random,23,20270950,6,16,1.0,0.5,0.5,4,1.4347411144635747,0.17540457668959458,0.17540457668959458,0.17540457668959458,0.0,0.4763105004506153,0.22687169283951558,0.5268545182996989,0.22687169283951558,0.0,7.373920819368519,9.899936714831444,11.11042623645931,1.8517377060765516,0.47631050045061524,0.5518958521353925,0.5846639024987073,0.8217953106714897,1.0
random,24,20270951,6,16,1.0,0.5,0.5,4,0.7607424789087118,0.17540457668959458,0.17540457668959458,0.17540457668959458,0.0,0.26417132938235877,0.06978649126764269,0.29633013933247776,0.06978649126764268,1.3877787807814457e-17,4.082159942798597,7.649939018288338,13.11917247301421,2.1865287455023683,0.35439364806687057,0.4851431541781698,0.6353223617515983,0.8217953106714897,1.0
random,25,20270952,6,16,1.0,0.5,0.5,4,1.1582352236441795,0.17540457668959458,0.17540457668959458,0.17540457668959458,0.0,0.3929158747859838,0.15438288465883487,0.43749018279346874,0.15438288465883485,2.7755575615628914e-17,6.179866313613506,7.913450069566734,10.626693361246524,1.771115560207754,0.4360441466623377,0.49342807254301807,0.57179452860032,0.8217953106714897,1.0
random,26,20270953,6,16,1.0,0.5,0.5,4,1.2972498277398194,0.17540457668959458,0.17540457668959458,0.17540457668959458,0.0,0.435551597345682,0.1897051939503751,0.4834191519732447,0.18970519395037508,2.7755575615628914e-17,6.165912819289212,8.638177324107218,10.385645277281732,1.7309408795469552,0.435551597345682,0.515527667814801,0.5652722468492426,0.8217953106714897,1.0
random,27,20270954,6,16,1.0,0.5,0.5,4,1.376266046297487,0.17540457668959458,0.17540457668959458,0.17540457668959458,0.0,0.45915369560065933,0.2108221161837429,0.5086309835305056,0.2108221161837429,0.0,7.329637406666114,9.52099106310217,12.324414958413126,2.054069159735521,0.4748781269592372,0.5412301724694286,0.6157778700487162,0.8217953106714897,1.0
random,28,20270955,6,16,1.0,0.5,0.5,4,1.1946293718019347,0.17540457668959458,0.17540457668959458,0.17540457668959458,0.0,0.4042102701699641,0.16338594251087535,0.44970269871814006,0.16338594251087535,0.0,5.310468608903709,8.241990429977317,9.820552948317467,1.6367588247195777,0.40421027016996414,0.5035666659016735,0.549678678751078,0.8217953106714897,1.0
random,29,20270956,6,16,1.0,0.5,0.5,4,1.2184926023643927,0.17540457668959458,0.17540457668959458,0.17540457668959458,0.0,0.41156574372546295,0.16938636140829344,0.45763880546611446,0.1693863614082933,1.3877787807814457e-16,5.505497848906346,8.188734319181625,9.410124556803273,1.5683540928005455,0.4115657437254628,0.5019371163141603,0.5380697870978841,0.8217953106714897,1.0
random,30,20270957,6,16,1.0,0.5,0.5,4,1.2936229547601983,0.17540457668959458,0.17540457668959458,0.17540457668959458,0.0,0.4344569781631695,0.18875286587467277,0.4822460367484638,0.18875286587467274,2.7755575615628914e-17,6.60163211902749,8.521828465936272,9.758363139986821,1.6263938566644702,0.4506782305365483,0.512044039360168,0.5479354620962772,0.8217953106714897,1.0
random,31,20270958,6,16,1.0,0.5,0.5,4,1.3055111548869316,0.17540457668959458,0.17540457668959458,0.17540457668959458,0.0,0.4380412833410159,0.19188016591104415,0.4860861337309301,0.19188016591104418,2.7755575615628914e-17,6.236605071908252,8.884481909647953,11.65053404714619,1.941755674524365,0.43804128334101583,0.5228257565511677,0.5987063130232687,0.8217953106714897,1.0
random,32,20270959,6,16,1.0,0.5,0.5,4,1.380219994330845,0.17540457668959458,0.17540457668959458,0.17540457668959458,0.0,0.46032221389461137,0.21189654060483634,0.5098749832082377,0.21189654060483631,2.7755575615628914e-17,6.88718937458388,8.318347795532578,8.93992825878627,1.4899880431310453,0.4603222138946113,0.505893917901145,0.5244546467869098,0.8217953106714897,1.0
random,33,20270960,6,16,1.0,0.5,0.5,4,1.0800261441578425,0.17540457668959458,0.17540457668959458,0.17540457668959492,3.3306690738754696e-16,0.36834162035427126,0.1356755492852101,0.4108119825130423,0.13567554928520995,1.6653345369377348e-16,5.5696774353089085,8.106081013199624,12.032867676997618,2.0054779461662697,0.41395767862735217,0.4993975308798309,0.6084508348218148,0.8217953106714897,1.0
random,34,20270961,6,16,1.0,0.5,0.5,4,1.2535828239097644,0.17540457668959458,0.17540457668959458,0.17540457668959458,0.0,0.4223082111126877,0.1783442251731984,0.4692040262842214,0.17834422517319837,2.7755575615628914e-17,6.1324789858364905,8.608013247634675,10.797098759826618,1.7995164599711029,0.4343691322319972,0.5146267824496695,0.576360829584507,0.8217953106714897,1.0
random,35,20270962,6,16,1.0,0.5,0.5,4,1.340509802459189,0.17540457668959458,0.17540457668959458,0.17540457668959458,0.0,0.44853198269743205,0.2011809395024895,0.4973046889098538,0.20118093950248947,2.7755575615628914e-17,6.538904434000578,8.785325074764666,10.521115183014587,1.7535191971690978,0.44853198269743205,0.5199000256052878,0.568946995671113,0.8217953106714897,1.0
random,36,20270963,6,16,1.0,0.5,0.5,4,1.0250891371362634,0.17540457668959458,0.17540457668959458,0.17540457668959458,0.0,0.350841910860212,0.12309004641604494,0.3917300634703007,0.12309004641604492,2.7755575615628914e-17,4.989308553649901,7.699813399595659,11.048953655876446,1.8414922759794077,0.39179699640925925,0.48672204947101294,0.5830442233759724,0.8217953106714897,1.0
random,37,20270964,6,16,1.0,0.5,0.5,4,1.1964193221617554,0.17540457668959458,0.17540457668959458,0.17540457668959458,0.0,0.4047633833861839,0.16383339653023088,0.450299954103937,0.16383339653023085,2.7755575615628914e-17,6.121234404865602,8.444855805065187,11.211343712600666,1.8685572854334445,0.43397071750273103,0.5097262975710835,0.5873131900533974,0.8217953106714897,1.0
random,38,20270965,6,16,1.0,0.5,0.5,4,1.4078524923237479,0.17540457668959458,0.17540457668959458,0.17540457668959492,3.3306690738754696e-16,0.46845457423539183,0.21944968812206223,0.5185212945012505,0.21944968812206223,0.0,7.132686338228572,8.721542182794302,9.888870494780148,1.6481450824633581,0.4684545742353916,0.5180093081622241,0.5515873093234648,0.8217953106714897,1.0
random,39,20270966,6,16,1.0,0.5,0.5,4,1.1129384036720547,0.17540457668959458,0.17540457668959458,0.17540457668959458,0.0,0.3787325590186234,0.14343835126079507,0.4221098571253077,0.14343835126079507,0.0,5.427943907225172,8.2581790090301,11.109588245055207,1.8515980408425345,0.40865667432351244,0.5040609657801384,0.5846418532742734,0.8217953106714897,1.0
random,40,20270967,6,16,1.0,0.5,0.5,4,1.6135442537707814,0.17540457668959458,0.17540457668959458,0.17540457668959458,0.0,0.5270587682214427,0.27779094515910446,0.5802022194399019,0.2777909451591044,5.551115123125783e-17,9.028929119816551,10.07928013186573,11.3232461535877,1.8872076922646168,0.5270587682214426,0.5568723807699176,0.5902369518880285,0.8217953106714897,1.0
random,41,20270968,6,16,1.0,0.5,0.5,4,1.1838639940498505,0.17540457668959458,0.17540457668959458,0.17540457668959458,0.0,0.40087894071595714,0.1607039251095479,0.44610387355625924,0.1607039251095479,0.0,6.372998279960626,8.388859977278754,12.082756745366783,2.0137927908944637,0.4428053113527555,0.5080335500060174,0.6097108689076086,0.8217953106714897,1.0
random,42,20270969,6,16,1.0,0.5,0.5,4,1.2225713880100986,0.17540457668959458,0.17540457668959458,0.17540457668959492,3.3306690738754696e-16,0.41281893965552424,0.17041947693831136,0.45898953976865964,0.1704194769383114,2.7755575615628914e-17,5.682682350655869,8.726691520276676,11.989267432338861,1.9982112387231437,0.4181360489458505,0.5181622060722187,0.6073474951715644,0.8217953106714897,1.0
random,43,20270970,6,16,1.0,0.5,0.5,4,1.2450692012424165,0.17540457668959458,0.17540457668959458,0.17540457668959458,0.0,0.4197099896845376,0.17615647544099466,0.46640960056581937,0.17615647544099464,2.7755575615628914e-17,5.725544185187484,8.08040180247421,9.015095584594768,1.5025159307657947,0.41970998968453754,0.4986058840343245,0.5266548509456384,0.8217953106714897,1.0
random,44,20270971,6,16,1.0,0.5,0.5,4,1.269847811144007,0.17540457668959458,0.17540457668959458,0.17540457668959458,0.0,0.4272574054756461,0.18254889053378068,0.47452195500876826,0.18254889053378062,5.551115123125783e-17,6.1314208632674765,8.57320496061022,10.295998166261487,1.7159996943769145,0.4343316567175389,0.5135852283792223,0.5628272927047496,0.8217953106714897,1.0
random,45,20270972,6,16,1.0,0.5,0.5,4,1.0677166596857015,0.17540457668959458,0.17540457668959458,0.17540457668959458,0.0,0.3644372246109544,0.13281449068213522,0.4065604460831569,0.13281449068213522,0.0,4.500194069475743,8.225346921039558,11.784016471269702,1.964002745211617,0.3720973202624642,0.5030579688965764,0.6021262921501216,0.8217953106714897,1.0
random,46,20270973,6,16,1.0,0.5,0.5,4,1.1723342089329924,0.17540457668959458,0.17540457668959458,0.17540457668959458,0.0,0.3973021427762262,0.15784899265458086,0.44223677471247225,0.15784899265458083,2.7755575615628914e-17,6.298656420488936,9.186361147372253,11.408019674784843,1.9013366124641404,0.4402150442718339,0.5316339148670111,0.5924422895298395,0.8217953106714897,1.0
random,47,20270974,6,16,1.0,0.5,0.5,4,1.3714250138850868,0.17540457668959458,0.17540457668959458,0.17540457668959458,0.0,0.45772137001360425,0.2095088525671308,0.5071055816529235,0.2095088525671308,0.0,6.809583295522052,8.301648015176205,9.067197601627713,1.5111996002712855,0.45772137001360425,0.505385850556631,0.5281745379757856,0.8217953106714897,1.0
random,48,20270975,6,16,1.0,0.5,0.5,4,1.1408548269459577,0.17540457668959458,0.17540457668959458,0.17540457668959492,3.3306690738754696e-16,0.387490072661527,0.15014855641123548,0.43161215918970974,0.15014855641123548,0.0,5.880497053379457,8.016127662800416,11.224732476881993,1.8707887461469987,0.4253514711434239,0.4966188882926946,0.5876637747743119,0.8217953106714897,1.0
random,49,20270976,6,16,1.0,0.5,0.5,4,1.237007313090234,0.17540457668959458,0.17540457668959458,0.17540457668959458,0.0,0.41724481367863864,0.17409323454172188,0.46375661178274985,0.17409323454172174,1.3877787807814457e-16,5.65848348302539,8.243031170089617,9.27301253525573,1.5455020892092883,0.41724481367863847,0.5035984583121099,0.5341353783172714,0.8217953106714897,1.0
aligned,0,20270927,7,16,1.0,0.5,0.5,4,3.5,0.17540457668959458,0.17540457668959458,0.17540457668959458,0.0,0.8852879944798262,0.7837348331701128,0.9198816862723658,0.7837348331701126,2.220446049250313e-16,25.473423020938508,27.287926430384907,27.48900565392656,3.9270008077037946,0.8852879944798261,0.9162757413084905,0.9196454705117668,0.8852879944798262,1.0
alternating,0,20270927,7,16,1.0,0.5,0.5,4,0.5,0.17540457668959458,0.17540457668959458,0.17540457668959458,0.0,0.17540457668959458,0.030766765523655867,0.1974126513658474,0.03076676552365583,3.8163916471489756e-17,16.0,25.000000000000004,49.00000000000002,7.000000000000003,0.7016183067583783,0.877022883447973,1.0,0.8852879944798262,1.0
orthogonal,0,20270927,7,16,1.0,0.5,0.5,4,1.3228756555322954,0.17540457668959458,0.17540457668959458,0.17540457668959458,0.0,0.44325774252791045,0.19647742631093934,0.4916684264478546,0.19647742631093923,1.1102230246251565e-16,6.386028006742281,7.0,7.109276118150464,1.0156108740214949,0.4432577425279103,0.4640768887432244,0.4676851840395008,0.8852879944798262,1.0
clustered,0,20270927,7,16,1.0,0.5,0.5,4,2.5,0.17540457668959458,0.17540457668959458,0.17540457668959458,0.0,0.736319657640882,0.5421666382283857,0.7887004526662893,0.5421666382283857,0.0,17.621827611730133,20.7571295659055,24.446926499632617,3.4924180713760884,0.736319657640882,0.7991431275424693,0.8672674647352141,0.8852879944798262,1.0
random,0,20270927,7,16,1.0,0.5,0.5,4,1.3881928819192593,0.17540457668959458,0.17540457668959458,0.17540457668959492,3.3306690738754696e-16,0.4626747726947549,0.2140679452881431,0.5123782695949459,0.21406794528814307,2.7755575615628914e-17,7.207359494719194,10.799388475989456,14.26095467753557,2.0372792396479387,0.47090034998789315,0.5764219401095337,0.6623922166716788,0.8852879944798262,1.0
random,1,20270928,7,16,1.0,0.5,0.5,4,1.527608959725904,0.17540457668959458,0.17540457668959458,0.17540457668959458,0.0,0.502997400827378,0.25300638523909796,0.5550162332324644,0.2530063852390979,5.551115123125783e-17,8.759284819457815,11.451053500708596,14.867859245750367,2.1239798922500523,0.5191289456341044,0.5935586559516591,0.6763401061985904,0.8852879944798262,1.0
random,2,20270929,7,16,1.0,0.5,0.5,4,1.0530388695557529,0.17540457668959458,0.17540457668959458,0.17540457668959458,0.0,0.359768951276095,0.1294336983023012,0.4014726476772683,0.12943369830230098,2.220446049250313e-16,5.53566053482111,10.293506860741452,14.81026042492458,2.11575148927494,0.4126916157294651,0.5627591953940648,0.6750287474159412,0.8852879944798262,1.0
random,3,20270930,7,16,1.0,0.5,0.5,4,1.404320802074283,0.17540457668959458,0.17540457668959458,0.17540457668959458,0.0,0.46741850625051584,0.21848005998546352,0.5174208622875072,0.2184800599854635,2.7755575615628914e-17,7.9222701576828936,10.894688115130858,13.380832380338793,1.9115474829055419,0.4937029758432551,0.578959683131383,0.6416267858788516,0.8852879944798262,1.0
random,4,20270931,7,16,1.0,0.5,0.5,4,1.1855194792607493,0.17540457668959458,0.17540457668959458,0.17540457668959458,0.0,0.40139175306174973,0.1611153394259847,0.44665804497446726,0.16111533942598463,5.551115123125783e-17,6.237162964741716,9.351428923703518,12.143172924920421,1.7347389892743459,0.43806087530049825,0.5363890575009148,0.6112333057795796,0.8852879944798262,1.0
random,5,20270932,7,16,1.0,0.5,0.5,4,1.0136396250704962,0.17540457668959458,0.17540457668959458,0.17540457668959458,0.0,0.34717093291404644,0.12052765666040934,0.38771874652351146,0.12052765666040932,1.3877787807814457e-17,5.068211647797515,9.250010441713282,13.227332012789974,1.8896188589699963,0.3948828679394026,0.5334724944657981,0.6379359078630519,0.8852879944798262,1.0
random,6,20270933,7,16,1.0,0.5,0.5,4,1.4971576795749295,0.17540457668959458,0.17540457668959458,0.17540457668959458,0.0,0.49432395365676846,0.24435617115885896,0.5458889101437068,0.244356171158859,2.7755575615628914e-17,8.580885751558307,11.480226600993864,13.26067839393132,1.8943826277044742,0.5138152390728344,0.5943142602960281,0.6387395265917825,0.8852879944798262,1.0
random,7,20270934,7,16,1.0,0.5,0.5,4,1.2730735153670352,0.17540457668959458,0.17540457668959458,0.17540457668959458,0.0,0.4282366465970213,0.18338662548866214,0.4755733692613002,0.1833866254886621,2.7755575615628914e-17,6.009778808399568,10.115366031576478,12.84403682478832,1.8348624035411887,0.43000169237697833,0.5578683490568961,0.6286250626291189,0.8852879944798262,1.0
random,8,20270935,7,16,1.0,0.5,0.5,4,0.992958573381319,0.17540457668959458,0.17540457668959458,0.17540457668959458,0.0,0.3405197483742342,0.11595369903285178,0.3804437022327387,0.1159536990328519,1.1102230246251565e-16,5.911594079545897,9.731037049951588,14.949268215708411,2.1356097451012017,0.42647465213822594,0.5471677395624385,0.6781892287134484,0.8852879944798262,1.0
random,9,20270936,7,16,1.0,0.5,0.5,4,1.2431463007323706,0.17540457668959458,0.17540457668959458,0.17540457668959458,0.0,0.4191224269779296,0.17566360879586995,0.46577741944378936,0.17566360879586984,1.1102230246251565e-16,6.551847557414632,10.842341886146192,17.233816780774326,2.4619738258249035,0.4489756758953801,0.5775671307634919,0.728168112438144,0.8852879944798262,1.0
random,10,20270937,7,16,1.0,0.5,0.5,4,1.603907449026755,0.17540457668959458,0.17540457668959458,0.17540457668959458,0.0,0.5243914723514355,0.2749864162749063,0.5774202729392508,0.2749864162749063,0.0,8.937774627738346,10.845505221367123,11.661351031379542,1.6659072901970775,0.5243914723514355,0.5776513794075001,0.5989841841580601,0.8852879944798262,1.0
random,11,20270938,7,16,1.0,0.5,0.5,4,1.2080765859057716,0.17540457668959458,0.17540457668959458,0.17540457668959458,0.0,0.40836010138099366,0.16675797239989543,0.45418181646308176,0.1667579723998954,2.7755575615628914e-17,7.9378782725654755,10.524794909969136,15.397607011637575,2.1996581445196535,0.4941890726911558,0.5690464806846512,0.6882837819914492,0.8852879944798262,1.0
random,12,20270939,7,16,1.0,0.5,0.5,4,1.5278461678760935,0.17540457668959458,0.17540457668959458,0.17540457668959458,0.0,0.5030646656455094,0.2530740578210282,0.5550869197994341,0.2530740578210282,0.0,8.960628127722254,12.040279416612705,13.67312959212123,1.95330422744589,0.5250614674019662,0.608638196016503,0.648596925783151,0.8852879944798262,1.0
random,13,20270940,7,16,1.0,0.5,0.5,4,1.244776835046364,0.17540457668959458,0.17540457668959458,0.17540457668959458,0.0,0.41962067125751634,0.1760815077466086,0.46631350536130545,0.17608150774660855,5.551115123125783e-17,6.81097601943272,10.460402418701237,14.666774649324328,2.095253521332047,0.4577681751466887,0.567303048201985,0.6717508590422953,0.8852879944798262,1.0
random,14,20270941,7,16,1.0,0.5,0.5,4,1.2714713048242297,0.17540457668959458,0.17540457668959458,0.17540457668959458,0.0,0.4277503517259766,0.18297036340169667,0.4750512654923833,0.1829703634016967,2.7755575615628914e-17,7.076899679618934,10.12849493329026,12.765178212374057,1.823596887482008,0.46661902348411716,0.5582302649624775,0.626692304825736,0.8852879944798262,1.0
random,15,20270942,7,16,1.0,0.5,0.5,4,1.3029870504526275,0.17540457668959458,0.17540457668959458,0.17540457668959458,0.0,0.43728114206817414,0.1912147972084467,0.4852720446364118,0.19121479720844667,2.7755575615628914e-17,6.214978856371039,10.176050478900244,14.878234305642549,2.1254620436632212,0.4372811420681741,0.5595392381604796,0.6765760461971124,0.8852879944798262,1.0
random,16,20270943,7,16,1.0,0.5,0.5,4,1.4385733075488172,0.17540457668959458,0.17540457668959458,0.17540457668959458,0.0,0.47742547541036184,0.22793508457081002,0.5280356825991221,0.22793508457081,2.7755575615628914e-17,7.826795650154458,10.465922137387903,12.421970886298602,1.774567269471229,0.4907190505471251,0.5674527049806467,0.6182102114980218,0.8852879944798262,1.0
random,17,20270944,7,16,1.0,0.5,0.5,4,1.4321098063973716,0.17540457668959458,0.17540457668959458,0.17540457668959458,0.0,0.4755442469201919,0.22614233077889248,0.5260425516820906,0.22614233077889243,5.551115123125783e-17,7.350214653048815,10.486582441075257,12.409420701643429,1.7727743859490612,0.47554424692019187,0.5680125202044839,0.6178978370344603,0.8852879944798262,1.0
random,18,20270945,7,16,1.0,0.5,0.5,4,1.4477417597785722,0.17540457668959458,0.17540457668959458,0.17540457668959458,0.0,0.48008828719023583,0.23048476349725436,0.5308549909083531,0.23048476349725433,2.7755575615628914e-17,7.600103054798748,10.751581783668392,12.452377384697115,1.7789110549567306,0.4835603257532753,0.5751446737530785,0.6189663764753714,0.8852879944798262,1.0
random,19,20270946,7,16,1.0,0.5,0.5,4,1.64833111799184,0.17540457668959458,0.17540457668959458,0.17540457668959492,3.3306690738754696e-16,0.536621198357483,0.28796231052662113,0.5901545064746698,0.2879623105266212,5.551115123125783e-17,9.35952498176038,11.87053800797973,13.761330294621617,1.965904327803088,0.536621198357483,0.6043327390859752,0.6506855019655851,0.8852879944798262,1.0
random,20,20270947,7,16,1.0,0.5,0.5,4,0.7648346634812366,0.17540457668959458,0.17540457668959458,0.17540457668959458,0.0,0.26554117735502997,0.07051211687109547,0.29784816330338604,0.07051211687109547,0.0,4.041622618523575,8.996743831820986,14.1961869816542,2.028026711664886,0.3526296292701719,0.5261185303237603,0.6608863413587323,0.8852879944798262,1.0
random,21,20270948,7,16,1.0,0.5,0.5,4,1.5501901078709723,0.17540457668959458,0.17540457668959458,0.17540457668959492,3.3306690738754696e-16,0.5093798257050616,0.2594678068353189,0.5617165059747877,0.2594678068353189,0.0,9.787288381565041,11.56687529720475,14.480166851504034,2.0685952645005763,0.5487469423586914,0.5965528812355748,0.6674637804882291,0.8852879944798262,1.0
random,22,20270949,7,16,1.0,0.5,0.5,4,1.3433058753450968,0.17540457668959458,0.17540457668959458,0.17540457668959458,0.0,0.44936610337558724,0.20192989486295895,0.4981953313203926,0.2019298948629591,1.3877787807814457e-16,8.867344003676816,10.918336721069956,14.95560434019805,2.1365149057425787,0.5223212553388197,0.5795877032904346,0.6783329359536093,0.8852879944798262,1.0
random,23,20270950,7,16,1.0,0.5,0.5,4,1.4614440307308807,0.17540457668959458,0.17540457668959458,0.17540457668959458,0.0,0.48405533977127224,0.23430957196108182,0.5350510344450039,0.23430957196108182,0.0,8.146425013619647,11.675346169035288,14.06429564444229,2.009185092063184,0.5006387402609598,0.5993435058380315,0.6578091564792409,0.8852879944798262,1.0
random,24,20270951,7,16,1.0,0.5,0.5,4,0.9173317246788765,0.17540457668959458,0.17540457668959458,0.17540457668959458,0.0,0.3159809968366125,0.09984399036185933,0.3535258677701325,0.0998439903618593,2.7755575615628914e-17,6.360561145039408,10.372198711589169,17.19097323867136,2.4558533198101946,0.44237302511376475,0.5649061919683916,0.7272624304593527,0.8852879944798262,1.0
random,25,20270952,7,16,1.0,0.5,0.5,4,1.2600718022277146,0.17540457668959458,0.17540457668959458,0.17540457668959458,0.0,0.4242850187051331,0.18001777709761513,0.47132890437951835,0.1800177770976151,2.7755575615628914e-17,6.710831021794149,9.780229230523984,13.322927655355368,1.9032753793364812,0.45439032176798894,0.5485490128540353,0.6402369805477881,0.8852879944798262,1.0
random,26,20270953,7,16,1.0,0.5,0.5,4,1.2354209770298923,0.17540457668959458,0.17540457668959458,0.17540457668959458,0.0,0.4167591917776096,0.1736882239311264,0.46323380312312,0.17368822393112635,5.551115123125783e-17,6.165912819289212,9.667693002140181,12.142001096455111,1.7345715852078731,0.435551597345682,0.5453839415966844,0.6112038127520204,0.8852879944798262,1.0
random,27,20270954,7,16,1.0,0.5,0.5,4,1.359699253841717,0.17540457668959458,0.17540457668959458,0.17540457668959458,0.0,0.45424456435613586,0.20633812424709566,0.5034003201243213,0.20633812424709563,2.7755575615628914e-17,7.456278950252532,10.699897586034927,14.497172903212089,2.07102470045887,0.47896303212397356,0.5737606122388221,0.6678556127405263,0.8852879944798262,1.0
random,28,20270955,7,16,1.0,0.5,0.5,4,1.1127464749998637,0.17540457668959458,0.17540457668959458,0.17540457668959458,0.0,0.37867217030827516,0.14339261256597935,0.4220442697660143,0.1433926125659792,1.3877787807814457e-16,5.310468608903709,9.425794974173836,12.237615302126544,1.7482307574466491,0.40421027016996414,0.5385176170233062,0.6136056066963782,0.8852879944798262,1.0
random,29,20270956,7,16,1.0,0.5,0.5,4,1.4963537822014543,0.17540457668959458,0.17540457668959458,0.17540457668959458,0.0,0.49409395070696904,0.24412883212522077,0.5456465321742003,0.2441288321252207,5.551115123125783e-17,7.934822785889391,10.918926893029097,11.75569346360346,1.6793847805147801,0.49409395070696904,0.5796033673882223,0.6014022483851067,0.8852879944798262,1.0
random,30,20270957,7,16,1.0,0.5,0.5,4,1.459565868711566,0.17540457668959458,0.17540457668959458,0.17540457668959458,0.0,0.48351246854451324,0.23378430723800891,0.5344771224651046,0.2337843072380089,2.7755575615628914e-17,7.5985987886265605,11.146972320787976,12.814960395108537,1.830708627872648,0.4835124685445132,0.5856246952548755,0.6279131163395464,0.8852879944798262,1.0
random,31,20270958,7,16,1.0,0.5,0.5,4,1.2330524166566295,0.17540457668959458,0.17540457668959458,0.17540457668959458,0.0,0.41603377344525994,0.17308410064710186,0.46245272004770266,0.17308410064710178,8.326672684688674e-17,6.236605071908252,10.146806503767163,13.842938878235842,1.9775626968908344,0.43804128334101583,0.5587346566263012,0.6526120245789085,0.8852879944798262,1.0
random,32,20270959,7,16,1.0,0.5,0.5,4,1.4536212114509945,0.17540457668959458,0.17540457668959458,0.17540457668959458,0.0,0.481792335912011,0.23212385494355203,0.5326580148161517,0.23212385494355192,1.1102230246251565e-16,7.544629765032569,10.067725700925095,10.715637837616857,1.5308054053738367,0.48179233591201087,0.5565531025848713,0.5741824769064036,0.8852879944798262,1.0
random,33,20270960,7,16,1.0,0.5,0.5,4,0.9400570308767006,0.17540457668959458,0.17540457668959458,0.17540457668959492,3.3306690738754696e-16,0.32338970369392345,0.10458090045524361,0.3616653551718423,0.1045809004552436,1.3877787807814457e-17,5.5696774353089085,9.559086266895703,15.100226373646425,2.1571751962352037,0.41395767862735217,0.5423118713378667,0.6816048152647572,0.8852879944798262,1.0
random,34,20270961,7,16,1.0,0.5,0.5,4,1.3578182927399853,0.17540457668959458,0.17540457668959458,0.17540457668959458,0.0,0.4536858576459601,0.20583085742795038,0.5028045699426225,0.20583085742795038,0.0,7.3832921493217025,10.177170069771536,12.700732408499166,1.8143903440713094,0.47661306984893936,0.5595700181666539,0.6251083554000786,0.8852879944798262,1.0
random,35,20270962,7,16,1.0,0.5,0.5,4,1.3738621536299265,0.17540457668959458,0.17540457668959458,0.17540457668959458,0.0,0.45844267742845835,0.2101696884877735,0.5078738376660501,0.21016968848777348,2.7755575615628914e-17,6.90128897142133,10.822798435649535,14.49204807987415,2.0702925828391643,0.46079316357202205,0.5770463601647781,0.6677375571517864,0.8852879944798262,1.0
random,36,20270963,7,16,1.0,0.5,0.5,4,1.1036769258008532,0.17540457668959458,0.17540457668959458,0.17540457668959492,3.3306690738754696e-16,0.3758157394157401,0.14123746999259945,0.41894096751468424,0.14123746999259945,0.0,5.710697853588237,9.092847244301357,13.387231753011749,1.9124616790016784,0.41916548264115705,0.5289210707731733,0.6417801962944579,0.8852879944798262,1.0
random,37,20270964,7,16,1.0,0.5,0.5,4,1.4054141875915525,0.17540457668959458,0.17540457668959458,0.17540457668959458,0.0,0.46773936983579256,0.21878011809438433,0.5177616940588949,0.21878011809438433,0.0,7.718751091329322,10.755093474705822,13.424524498526553,1.917789214075222,0.4873202283533817,0.5752385932126558,0.6426734765903602,0.8852879944798262,1.0
random,38,20270965,7,16,1.0,0.5,0.5,4,1.299059388198855,0.17540457668959458,0.17540457668959458,0.17540457668959492,3.3306690738754696e-16,0.4360973720984178,0.1901809179511459,0.4840039403474219,0.1901809179511459,0.0,7.132686338228572,9.721542182794302,11.575010514090543,1.6535729305843634,0.4684545742353916,0.5469007303582268,0.596762628203941,0.8852879944798262,1.0
random,39,20270966,7,16,1.0,0.5,0.5,4,1.1531748338859185,0.17540457668959458,0.17540457668959458,0.17540457668959458,0.0,0.39133824367692566,0.15314562096414083,0.4357817985574812,0.15314562096414086,2.7755575615628914e-17,5.551205202938143,9.718876856001419,13.374050095130077,1.9105785850185824,0.41327064842848005,0.5468257541318636,0.6414641559576767,0.8852879944798262,1.0
random,40,20270967,7,16,1.0,0.5,0.5,4,1.7586868116192562,0.17540457668959458,0.17540457668959458,0.17540457668959458,0.0,0.5662618126489322,0.32065244046445435,0.6207848922709014,0.3206524404644543,5.551115123125783e-17,10.422039333901118,12.194815619469765,13.405195404161715,1.915027914880245,0.566261812648932,0.6125316585846339,0.6422106381855043,0.8852879944798262,1.0
random,41,20270968,7,16,1.0,0.5,0.5,4,1.382508700902038,0.17540457668959458,0.17540457668959458,0.17540457668959458,0.0,0.4609980468442723,0.2125191991942339,0.5105942861643404,0.21251919919423387,2.7755575615628914e-17,8.210506057878503,10.361855235738723,14.380982030774103,2.0544260043963005,0.5026039342397788,0.5646244507883441,0.6651738886492278,0.8852879944798262,1.0
random,42,20270969,7,16,1.0,0.5,0.5,4,1.2358008308550266,0.17540457668959458,0.17540457668959458,0.17540457668959492,3.3306690738754696e-16,0.41687549210366154,0.17378517591666998,0.4633590148582871,0.17378517591666998,0.0,6.286680140425613,10.054041750931388,13.998060362314794,1.9997229089021133,0.4397963321842268,0.5561747433279872,0.6562583644825569,0.8852879944798262,1.0
random,43,20270970,7,16,1.0,0.5,0.5,4,1.346402858534771,0.17540457668959458,0.17540457668959458,0.17540457668959458,0.0,0.45028929718013383,0.20276045115497887,0.4991808479547415,0.20276045115497884,2.7755575615628914e-17,6.590242675951131,9.905061421413546,10.801695099206626,1.5430992998866608,0.4502892971801338,0.552038678219235,0.576483495319088,0.8852879944798262,1.0
random,44,20270971,7,16,1.0,0.5,0.5,4,1.286984234314727,0.17540457668959458,0.17540457668959458,0.17540457668959458,0.0,0.43245083622647407,0.1870137257529767,0.48009517189441664,0.18701372575297667,2.7755575615628914e-17,6.575102418256438,10.16648462447495,12.66993522940964,1.8099907470585201,0.44977175811351083,0.5592761827943984,0.6243500031257735,0.8852879944798262,1.0
random,45,20270972,7,16,1.0,0.5,0.5,4,1.033470283165497,0.17540457668959458,0.17540457668959458,0.17540457668959458,0.0,0.35352395119716795,0.12497918407005759,0.3946589387960655,0.12497918407005756,2.7755575615628914e-17,5.983367819058403,10.343008551081574,15.933030547147787,2.2761472210211124,0.42905579442627045,0.5641107328355794,0.7001484234970057,0.8852879944798262,1.0
random,46,20270973,7,16,1.0,0.5,0.5,4,1.5069428804864362,0.17540457668959458,0.17540457668959458,0.17540457668959458,0.0,0.49711936562228887,0.2471276636767069,0.5488333328849784,0.24712766367670688,2.7755575615628914e-17,9.677125786948716,12.564830513832035,15.91449476468752,2.273499252098217,0.5456499427563196,0.6217549310327556,0.699741044138894,0.8852879944798262,1.0
random,47,20270974,7,16,1.0,0.5,0.5,4,1.5595077853932173,0.17540457668959458,0.17540457668959458,0.17540457668959458,0.0,0.5120010601012799,0.2621450855448344,0.5644642496905461,0.2621450855448344,0.0,8.952810448352308,11.332846578698838,14.560462694075948,2.080066099153707,0.5248323730889624,0.5904871153567982,0.669311841837998,0.8852879944798262,1.0
random,48,20270975,7,16,1.0,0.5,0.5,4,1.1119308714055818,0.17540457668959458,0.17540457668959458,0.17540457668959492,3.3306690738754696e-16,0.37841552043262744,0.14319830610429626,0.4217655163040974,0.1431983061042963,2.7755575615628914e-17,5.880497053379457,9.645985491172768,14.743049699058165,2.1061499570083093,0.4253514711434239,0.5447713041740534,0.67349532529523,0.8852879944798262,1.0
random,49,20270976,7,16,1.0,0.5,0.5,4,1.2495831310756247,0.17540457668959458,0.17540457668959458,0.17540457668959458,0.0,0.42108822121620926,0.17731529004703117,0.46789213288264064,0.17731529004703103,1.3877787807814457e-16,6.20776350685105,9.515393166678741,11.18417122342829,1.5977387462040413,0.4370272351256772,0.5410710400904877,0.5866010344413293,0.8852879944798262,1.0
aligned,0,20270927,8,16,1.0,0.5,0.5,4,4.0,0.17540457668959458,0.17540457668959458,0.17540457668959458,0.0,0.9298734950321937,0.8646647167633872,0.9544997361036416,0.8646647167633873,1.1102230246251565e-16,28.103854989194954,32.12097583971229,31.682527005267698,3.960315875658462,0.9298734950321937,0.9941119313495052,0.9873038435901919,0.9298734950321937,1.0
alternating,0,20270927,8,16,1.0,0.5,0.5,4,0.0,0.17540457668959458,0.17540457668959458,0.17540457668959458,0.0,0.0,0.0,0.0,-6.234773850739672e-17,6.234773850739672e-17,16.0,32.00000000000001,64.00000000000001,8.000000000000002,0.7016183067583783,0.9922381250269453,1.0,0.9298734950321937,1.0
orthogonal,0,20270927,8,16,1.0,0.5,0.5,4,1.4142135623730951,0.17540457668959458,0.17540457668959458,0.17540457668959458,0.0,0.47031820816187325,0.22119921692859515,0.5204998778130467,0.22119921692859512,2.7755575615628914e-17,7.1895505804313435,8.0,8.124911674671027,1.0156139593338784,0.4703182081618732,0.49611906251347265,0.49997725187754055,0.9298734950321937,1.0
clustered,0,20270927,8,16,1.0,0.5,0.5,4,2.8284271247461903,0.17540457668959458,0.17540457668959458,0.17540457668959458,0.0,0.7950600976206502,0.6321205588285579,0.842700792949715,0.6321205588285576,3.3306690738754696e-16,20.545564282424632,25.5775564048055,31.070169135319425,3.883771141914928,0.79506009762065,0.887095643419994,0.9777160163190036,0.9298734950321937,1.0
random,0,20270927,8,16,1.0,0.5,0.5,4,1.6343893769963664,0.17540457668959458,0.17540457668959458,0.17540457668959492,3.3306690738754696e-16,0.5328012501374946,0.28387717214807706,0.5861828225680541,0.283877172148077,5.551115123125783e-17,9.624423772248925,13.766687451691617,18.087045221991758,2.2608806527489698,0.5441620985525197,0.6508121425293566,0.7459757900634447,0.9298734950321937,1.0
random,1,20270928,8,16,1.0,0.5,0.5,4,1.7616422643111385,0.17540457668959458,0.17540457668959458,0.17540457668959458,0.0,0.5670408907707587,0.3215353718060955,0.6215853599530361,0.32153537180609537,1.1102230246251565e-16,10.450736901767398,14.201866216528911,17.271318253647095,2.158914781705887,0.5670408907707585,0.6610185231007334,0.7289599433400972,0.9298734950321937,1.0
random,2,20270929,8,16,1.0,0.5,0.5,4,1.1417513962698154,0.17540457668959458,0.17540457668959458,0.17540457668959458,0.0,0.3877704640531547,0.15036593279199892,0.43191609468105274,0.1503659327919988,1.1102230246251565e-16,6.526920558451143,12.381391046893029,17.350850674572694,2.1688563343215868,0.4481207810550581,0.6171996072555862,0.7306364036513265,0.9298734950321937,1.0
random,3,20270930,8,16,1.0,0.5,0.5,4,1.5510157849903967,0.17540457668959458,0.17540457668959458,0.17540457668959458,0.0,0.5096123961032533,0.2597047942620991,0.5619603964072848,0.25970479426209914,5.551115123125783e-17,9.030069583553717,13.149433479747099,16.43614072098045,2.0545175901225563,0.5270920541418681,0.6360546648207913,0.7111166484313369,0.9298734950321937,1.0
random,4,20270931,8,16,1.0,0.5,0.5,4,1.4663135989470197,0.17540457668959458,0.17540457668959458,0.17540457668959458,0.0,0.48546153787813684,0.23567290475900568,0.5365371994431629,0.2356729047590057,2.7755575615628914e-17,7.87076679171635,12.006730764735883,15.014985974050406,1.8768732467563007,0.49209555613936823,0.6077896594581832,0.6796782715407271,0.9298734950321937,1.0
random,5,20270932,8,16,1.0,0.5,0.5,4,1.2265115102627113,0.17540457668959458,0.17540457668959458,0.17540457668959458,0.0,0.41402840800086105,0.17141952263172747,0.4602927562134882,0.1714195226317274,5.551115123125783e-17,7.204631945774209,11.691886108884312,15.74738248977825,1.9684228112222812,0.47081123792861573,0.5997678871374599,0.6960574866161067,0.9298734950321937,1.0
random,6,20270933,8,16,1.0,0.5,0.5,4,1.5939785697919635,0.17540457668959458,0.17540457668959458,0.17540457668959458,0.0,0.5216350943368303,0.27210317164379383,0.574542745613486,0.27210317164379383,0.0,9.027514041177184,13.32992272036713,15.594312984180627,1.9492891230225784,0.5270174643846345,0.6404050333858943,0.6926662768511165,0.9298734950321937,1.0
random,7,20270934,8,16,1.0,0.5,0.5,4,1.538189409428011,0.17540457668959458,0.17540457668959458,0.17540457668959458,0.0,0.5059931630935894,0.2560290810974558,0.5581629085081596,0.25602908109745576,5.551115123125783e-17,8.653011634439608,13.051938178746406,15.64889694675816,1.95611211834477,0.5159701348239737,0.6336922925006605,0.6938774697774547,0.9298734950321937,1.0
random,8,20270935,8,16,1.0,0.5,0.5,4,0.9190496986515668,0.17540457668959458,0.17540457668959458,0.17540457668959458,0.0,0.31654210326925053,0.10019890314212086,0.35414268830995477,0.10019890314212097,1.1102230246251565e-16,5.911594079545897,11.110972621217359,17.411822122567568,2.176477765320946,0.42647465213822594,0.584678278523116,0.7319190177776776,0.9298734950321937,1.0
random,9,20270936,8,16,1.0,0.5,0.5,4,1.1628171201078097,0.17540457668959458,0.17540457668959458,0.17540457668959458,0.0,0.39434282191918113,0.155506261199183,0.4390348703864919,0.15550626119918284,1.6653345369377348e-16,6.969145307810489,11.842341886146192,19.698213627635138,2.462276703454392,0.46305297708328347,0.6036145757534591,0.7784923377377153,0.9298734950321937,1.0
random,10,20270937,8,16,1.0,0.5,0.5,4,1.7479504640985684,0.17540457668959458,0.17540457668959458,0.17540457668959458,0.0,0.5634251111049141,0.3174478558235848,0.617868257845477,0.3174478558235848,0.0,10.799985718472891,13.739894547602516,15.943782507530091,1.9929728134412614,0.5764378789245963,0.6501785246113904,0.7003846214540581,0.9298734950321937,1.0
random,11,20270938,8,16,1.0,0.5,0.5,4,1.4106385468734102,0.17540457668959458,0.17540457668959458,0.17540457668959458,0.0,0.4692712096419113,0.22021546819878268,0.5193884311222212,0.22021546819878277,8.326672684688674e-17,10.178459618730574,12.80846308218336,18.169421038796294,2.2711776298495367,0.559605468595048,0.6277539170470686,0.7476726000069988,0.9298734950321937,1.0
random,12,20270939,8,16,1.0,0.5,0.5,4,1.7965226655004618,0.17540457668959458,0.17540457668959458,0.17540457668959458,0.0,0.576176792463217,0.331979696173201,0.6309537580466911,0.331979696173201,0.0,11.77455297658254,15.37007404168313,17.211815512138255,2.151476939017282,0.6018844661364664,0.6876681351652806,0.7277031620780416,0.9298734950321937,1.0
random,13,20270940,8,16,1.0,0.5,0.5,4,1.3410680284167114,0.17540457668959458,0.17540457668959458,0.17540457668959458,0.0,0.44869855937132846,0.20133039718190557,0.4974825692224081,0.2013303971819056,2.7755575615628914e-17,8.125358698996619,12.414243727931254,17.448417678784036,2.1810522098480045,0.49999100580673095,0.6180179009792325,0.7326877748959377,0.9298734950321937,1.0
random,14,20270941,8,16,1.0,0.5,0.5,4,1.238536698051664,0.17540457668959458,0.17540457668959458,0.17540457668959458,0.0,0.4177128303207851,0.174484008614601,0.46426040830311477,0.174484008614601,0.0,7.076899679618934,11.999465252542693,15.773178256170924,1.9716472820213655,0.46661902348411716,0.607605738809499,0.6966273587582087,0.9298734950321937,1.0
random,15,20270942,8,16,1.0,0.5,0.5,4,1.4732674175570462,0.17540457668959458,0.17540457668959458,0.17540457668959458,0.0,0.48746629932700936,0.23762339297956947,0.5386548699496363,0.23762339297956944,2.7755575615628914e-17,7.723379072683679,12.561902027713675,17.14878914809366,2.1435986435117074,0.4874662993270093,0.621682470573044,0.7263695854962623,0.9298734950321937,1.0
random,16,20270943,8,16,1.0,0.5,0.5,4,1.4366741182041247,0.17540457668959458,0.17540457668959458,0.17540457668959458,0.0,0.4768730529936636,0.22740790867149752,0.5274505148132418,0.22740790867149738,1.3877787807814457e-16,7.826795650154458,11.770544426990105,14.226256782578526,1.7782820978223157,0.4907190505471251,0.6017820041102748,0.6615859027434853,0.9298734950321937,1.0
random,17,20270944,8,16,1.0,0.5,0.5,4,1.5844086955151946,0.17540457668959458,0.17540457668959458,0.17540457668959458,0.0,0.5189704907505838,0.26933037026990175,0.5717584661121218,0.26933037026990175,0.0,8.75393840352896,12.950392301242246,14.303671507073743,1.7879589383842178,0.5189704907505839,0.6312223723630828,0.663383529630888,0.9298734950321937,1.0
random,18,20270945,8,16,1.0,0.5,0.5,4,1.6061117770610223,0.17540457668959458,0.17540457668959458,0.17540457668959458,0.0,0.5250022870594792,0.27562740141768377,0.5780575678149229,0.2756274014176837,5.551115123125783e-17,9.08260930964357,13.401818994647005,14.544972265991827,1.8181215332489784,0.5286232221278001,0.6421297552666297,0.6689557169617792,0.9298734950321937,1.0
random,19,20270946,8,16,1.0,0.5,0.5,4,1.7608118233522059,0.17540457668959458,0.17540457668959458,0.17540457668959492,3.3306690738754696e-16,0.5668220591063554,0.32128724668956865,0.6213605448695274,0.32128724668956865,0.0,10.442672189331635,13.938088788301517,15.807720150027535,1.9759650187534419,0.5668220591063553,0.654851059094791,0.697389718392426,0.9298734950321937,1.0
random,20,20270947,8,16,1.0,0.5,0.5,4,0.9318364707564936,0.17540457668959458,0.17540457668959458,0.17540457668959458,0.0,0.3207131160865328,0.10285690282993386,0.35872597208516654,0.10285690282993384,1.3877787807814457e-17,6.2397396386048625,11.787203467947506,19.233082187308305,2.404135273413538,0.43815135100740815,0.6022077094142553,0.7692462089306108,0.9298734950321937,1.0
random,21,20270948,8,16,1.0,0.5,0.5,4,1.6652254837604117,0.17540457668959458,0.17540457668959458,0.17540457668959492,3.3306690738754696e-16,0.5412277164259606,0.29292744102766,0.5949368295214605,0.29292744102766,0.0,10.563740834287753,13.828421987141828,16.636466594738895,2.079558324342362,0.5700983575675342,0.6522697423923326,0.7154371159385464,0.9298734950321937,1.0
random,22,20270949,8,16,1.0,0.5,0.5,4,1.3646230821366077,0.17540457668959458,0.17540457668959458,0.17540457668959458,0.0,0.4557058164901242,0.20766779118293074,0.5049580231038218,0.20766779118293086,1.1102230246251565e-16,8.867344003676816,12.553450054762514,17.544042952618966,2.1930053690773708,0.5223212553388197,0.6214732933504087,0.7346927629017281,0.9298734950321937,1.0
random,23,20270950,8,16,1.0,0.5,0.5,4,1.6057979358481418,0.17540457668959458,0.17540457668959458,0.17540457668959458,0.0,0.5249153474950183,0.27553612203581584,0.5779668673704257,0.2755361220358159,5.551115123125783e-17,9.254321598423724,14.207767084365527,17.236101127948587,2.1545126409935733,0.5335967978719577,0.6611558352607878,0.7282163702812611,0.9298734950321937,1.0
random,24,20270951,8,16,1.0,0.5,0.5,4,1.145391727348389,0.17540457668959458,0.17540457668959458,0.17540457668959458,0.0,0.38890837613328405,0.15124972502662795,0.43314936139946725,0.1512497250266279,5.551115123125783e-17,7.7824196952209475,12.769762782854041,19.66279919971476,2.457849899964345,0.48932594655254513,0.626804831931581,0.777792216801089,0.9298734950321937,1.0
random,25,20270952,8,16,1.0,0.5,0.5,4,1.2478856361044068,0.17540457668959458,0.17540457668959458,0.17540457668959458,0.0,0.4205701001420318,0.17687920913347863,0.4673348610502255,0.17687920913347865,2.7755575615628914e-17,7.10421625182731,11.591135769049224,16.705534869929444,2.0881918587411805,0.4675187222446992,0.5971781613213916,0.7169206889819655,0.9298734950321937,1.0
random,26,20270953,8,16,1.0,0.5,0.5,4,1.1615272475162763,0.17540457668959458,0.17540457668959458,0.17540457668959458,0.0,0.3939412601506342,0.15518971644906965,0.4386002253636785,0.15518971644906962,2.7755575615628914e-17,6.165912819289212,11.436811396555077,15.042584493468615,1.8803230616835769,0.435551597345682,0.5931894255430429,0.6803026311725764,0.9298734950321937,1.0
random,27,20270954,8,16,1.0,0.5,0.5,4,1.3360341069900783,0.17540457668959458,0.17540457668959458,0.17540457668959458,0.0,0.44719556380866254,0.19998387229014758,0.49587729316685847,0.19998387229014758,0.0,7.582312849936945,12.340870218581136,16.702719614848526,2.0878399518560657,0.48299403886695413,0.6161888187665803,0.716860277876667,0.9298734950321937,1.0
random,28,20270955,8,16,1.0,0.5,0.5,4,1.1416044535830083,0.17540457668959458,0.17540457668959458,0.17540457668959458,0.0,0.38772451319519324,0.15033029813244958,0.43186628668516214,0.15033029813244955,2.7755575615628914e-17,6.236929781503509,11.200268871690344,14.336582487389215,1.792072810923652,0.43805268652871504,0.5870230371775869,0.6641462728948005,0.9298734950321937,1.0
random,29,20270956,8,16,1.0,0.5,0.5,4,1.6509034376177945,0.17540457668959458,0.17540457668959458,0.17540457668959458,0.0,0.5373241712717093,0.2887172650328292,0.5908848172391763,0.28871726503282913,5.551115123125783e-17,9.384062969207502,13.385151173379683,14.345656511174312,1.793207063896789,0.5373241712717092,0.6417303231498882,0.664356418018376,0.9298734950321937,1.0
random,30,20270957,8,16,1.0,0.5,0.5,4,1.6889438632667315,0.17540457668959458,0.17540457668959458,0.17540457668959458,0.0,0.547653202566701,0.29992403028156406,0.6015942584029232,0.29992403028156406,0.0,9.794319194795198,13.953028394487838,15.088111750760316,1.8860139688450395,0.5489440063705093,0.6552019177002765,0.6813313411478731,0.9298734950321937,1.0
random,31,20270958,8,16,1.0,0.5,0.5,4,1.3673808333906807,0.17540457668959458,0.17540457668959458,0.17540457668959458,0.0,0.45652342472144736,0.20841363731939902,0.5058293237749938,0.208413637319399,2.7755575615628914e-17,7.167211085118151,12.565786800658437,17.688216319063695,2.211027039882962,0.4695869492590028,0.6217785909116749,0.7377053639633753,0.9298734950321937,1.0
random,32,20270959,8,16,1.0,0.5,0.5,4,1.4644313507401843,0.17540457668959458,0.17540457668959458,0.17540457668959458,0.0,0.4849182222486727,0.23514568226881313,0.5359630618456532,0.23514568226881316,2.7755575615628914e-17,7.720496337458396,11.491590702325265,12.768694302606658,1.5960867878258322,0.48737531794380645,0.5946083388519415,0.626778608163632,0.9298734950321937,1.0
random,33,20270960,8,16,1.0,0.5,0.5,4,1.1509229966853962,0.17540457668959458,0.17540457668959458,0.17540457668959492,3.3306690738754696e-16,0.3906356483748672,0.15259620978125288,0.4350207774917054,0.15259620978125285,2.7755575615628914e-17,7.883296487945737,12.198065311748236,18.02918128160859,2.2536476602010738,0.49248709079333874,0.6126132673137256,0.7447815740703693,0.9298734950321937,1.0
random,34,20270961,8,16,1.0,0.5,0.5,4,1.6633751214787684,0.17540457668959458,0.17540457668959458,0.17540457668959458,0.0,0.5407243878299642,0.2923828635940896,0.5944146762096847,0.2923828635940896,0.0,9.663091649263306,13.328193523533622,14.87475734642559,1.8593446683031987,0.5452541380003284,0.6403634944252113,0.676496985579946,0.9298734950321937,1.0
random,35,20270962,8,16,1.0,0.5,0.5,4,1.4833080642767928,0.17540457668959458,0.17540457668959458,0.17540457668959458,0.0,0.4903540893789454,0.2404471329706548,0.5417030225011006,0.2404471329706548,0.0,8.881456781468499,13.549632669070789,18.666199640951177,2.333274955118897,0.5227367390034151,0.6456611892168898,0.7578249056153369,0.9298734950321937,1.0
random,36,20270963,8,16,1.0,0.5,0.5,4,1.220922808166703,0.17540457668959458,0.17540457668959458,0.17540457668959492,3.3306690738754696e-16,0.4123125602473489,0.17000164733772372,0.4584437970257411,0.1700016473377237,2.7755575615628914e-17,6.470721492241116,11.072411835452739,15.671855018599102,1.9589818773248877,0.4461873719869972,0.5836628296565805,0.6943862676334894,0.9298734950321937,1.0
random,37,20270964,8,16,1.0,0.5,0.5,4,1.5147227086215194,0.17540457668959458,0.17540457668959458,0.17540457668959458,0.0,0.49933629492589215,0.24933673543031756,0.5511665976576279,0.2493367354303175,5.551115123125783e-17,9.027640428730837,13.199213830553251,15.343218236603374,1.9179022795754217,0.5270211535627747,0.6372574966379191,0.6870670985164816,0.9298734950321937,1.0
random,38,20270965,8,16,1.0,0.5,0.5,4,1.2626561459109291,0.17540457668959458,0.17540457668959458,0.17540457668959492,3.3306690738754696e-16,0.42507146338627205,0.1806857489853468,0.4721739650303469,0.18068574898534684,2.7755575615628914e-17,7.664498402848874,11.634106219922087,14.10388814635783,1.7629860182947288,0.4856045976068248,0.5982840614170238,0.6587344074593803,0.9298734950321937,1.0
random,39,20270966,8,16,1.0,0.5,0.5,4,1.4027123074036452,0.17540457668959458,0.17540457668959458,0.17540457668959458,0.0,0.4669463091429227,0.2180388556221979,0.5169192220789971,0.21803885562219794,2.7755575615628914e-17,7.5867348090402125,12.14023347399947,15.292739341332402,1.9115924176665502,0.4831348579433058,0.6111593218604947,0.6859359485616434,0.9298734950321937,1.0
random,40,20270967,8,16,1.0,0.5,0.5,4,1.9826805746519147,0.17540457668959458,0.17540457668959458,0.17540457668959458,0.0,0.6230706947226214,0.3882170906221301,0.6784805529290125,0.38821709062213017,5.551115123125783e-17,12.618066410771677,14.88406088422316,15.400794669454113,1.9250993336817641,0.6230706947226214,0.6767085127768913,0.6883550235692799,0.9298734950321937,1.0
random,41,20270968,8,16,1.0,0.5,0.5,4,1.5174926966829985,0.17540457668959458,0.17540457668959458,0.17540457668959458,0.0,0.5001244277742533,0.2501244432565243,0.5519956944458317,0.2501244432565242,5.551115123125783e-17,9.449323265552204,12.607392850104235,16.483863345189565,2.0604829181486957,0.5391893111593282,0.6228071127434018,0.712148270001011,0.9298734950321937,1.0
random,42,20270969,8,16,1.0,0.5,0.5,4,1.3781794421772364,0.17540457668959458,0.17540457668959458,0.17540457668959492,3.3306690738754696e-16,0.4597193164269459,0.21134184989605842,0.5092331919069644,0.2113418498960583,1.1102230246251565e-16,8.661746807011383,12.551383540084547,17.353260782300314,2.1691575977875392,0.5162305037835271,0.6214221386265981,0.7306871461575649,0.9298734950321937,1.0
random,43,20270970,8,16,1.0,0.5,0.5,4,1.350195684731827,0.17540457668959458,0.17540457668959458,0.17540457668959458,0.0,0.45141892263666533,0.20377904371444763,0.5003863956215218,0.20377904371444766,2.7755575615628914e-17,6.6233495866754835,11.782465192635609,13.817542039743833,1.727192754967979,0.45141892263666533,0.6020866581086618,0.6520130949989088,0.9298734950321937,1.0
random,44,20270971,8,16,1.0,0.5,0.5,4,1.2979927355156478,0.17540457668959458,0.17540457668959458,0.17540457668959458,0.0,0.4357756924036377,0.18990045408986989,0.4836592760443281,0.18990045408986986,2.7755575615628914e-17,6.575102418256438,11.853321386416983,14.500316005714664,1.812539500714333,0.44977175811351083,0.6038943283161606,0.667928007023764,0.9298734950321937,1.0
random,45,20270972,8,16,1.0,0.5,0.5,4,1.140719383805155,0.17540457668959458,0.17540457668959458,0.17540457668959458,0.0,0.3874477097113267,0.1501157277605525,0.4315662374337248,0.15011572776055246,2.7755575615628914e-17,6.39956887913139,12.585160652464385,19.259254617282746,2.4074068271603433,0.44372743340559945,0.6222577334769827,0.7697694271470678,0.9298734950321937,1.0
random,46,20270973,8,16,1.0,0.5,0.5,4,1.4543519078227554,0.17540457668959458,0.17540457668959458,0.17540457668959458,0.0,0.48200392127351827,0.232327780123048,0.5328818253500391,0.232327780123048,0.0,9.677125786948716,14.418222432099274,20.000199404361364,2.5000249255451705,0.5456499427563196,0.6660345853154426,0.7844370245598737,0.9298734950321937,1.0
random,47,20270974,8,16,1.0,0.5,0.5,4,1.5592409071190223,0.17540457668959458,0.17540457668959458,0.17540457668959458,0.0,0.5119260830899047,0.262068314547772,0.5643856869086052,0.26206831454777196,5.551115123125783e-17,9.239144926132075,12.643466789482957,16.692739693980982,2.086592461747623,0.5331590809330554,0.6236975053005681,0.7166460828834104,0.9298734950321937,1.0
random,48,20270975,8,16,1.0,0.5,0.5,4,1.3085067961375234,0.17540457668959458,0.17540457668959458,0.17540457668959492,3.3306690738754696e-16,0.43894281274459207,0.19267079286013403,0.4870514356772664,0.192670792860134,2.7755575615628914e-17,6.845406492789977,12.249266411795615,17.579315708682252,2.1974144635852815,0.45892375889441667,0.6138976360343059,0.7354309515347767,0.9298734950321937,1.0
random,49,20270976,8,16,1.0,0.5,0.5,4,1.4026588069855532,0.17540457668959458,0.17540457668959458,0.17540457668959458,0.0,0.46693059983255353,0.21802418505998825,0.5169025320731349,0.2180241850599882,5.551115123125783e-17,7.820074153648427,11.697596200182609,13.360833934864877,1.6701042418581096,0.4905082954068185,0.5999143267846053,0.6411471320020796,0.9298734950321937,1.0
aligned,0,20270927,9,16,1.0,0.5,0.5,4,4.5,0.17540457668959458,0.17540457668959458,0.17540457668959458,0.0,0.9593958991374584,0.9204404912817722,0.9755510546899107,0.9204404912817724,2.220446049250313e-16,29.91671290809125,36.954025249039674,35.891614132121376,3.987957125791264,0.9593958991374585,1.0,1.0,0.9593958991374584,1.0
alternating,0,20270927,9,16,1.0,0.5,0.5,4,0.5,0.17540457668959458,0.17540457668959458,0.17540457668959458,0.0,0.17540457668959458,0.030766765523655867,0.1974126513658474,0.030766765523655797,6.938893903907228e-17,25.0,41.00000000000001,81.0,9.0,0.877022883447973,1.0,1.0,0.9593958991374584,1.0
orthogonal,0,20270927,9,16,1.0,0.5,0.5,4,1.5,0.17540457668959458,0.17540457668959458,0.17540457668959458,0.0,0.4951367467791021,0.24516039801099265,0.5467452952462635,0.24516039801099265,0.0,7.968351363502751,9.0,9.140544433524306,1.0156160481693675,0.4951367467791021,0.5262137300687837,0.5303065032080977,0.9593958991374584,1.0
clustered,0,20270927,9,16,1.0,0.5,0.5,4,2.8722813232690143,0.17540457668959458,0.17540457668959458,0.17540457668959458,0.0,0.8021465074012684,0.6434390193360531,0.8490376802397479,0.643439019336053,1.1102230246251565e-16,20.913443723596075,26.5775564048055,34.95555120269076,3.883950133632307,0.8021465074012682,0.9042706708162048,1.0,0.9593958991374584,1.0
random,0,20270927,9,16,1.0,0.5,0.5,4,1.7830287788624097,0.17540457668959458,0.17540457668959458,0.17540457668959492,3.3306690738754696e-16,0.5726553507430272,0.3279341507346195,0.6273467245505504,0.3279341507346195,0.0,11.191673975718,16.0305216248882,20.34862170528298,2.2609579672536646,0.5867977581996349,0.7022871920054004,0.7912403381628214,0.9593958991374584,1.0
random,1,20270928,9,16,1.0,0.5,0.5,4,2.0073180452124637,0.17540457668959458,0.17540457668959458,0.17540457668959458,0.0,0.629037868325381,0.39568863978733937,0.6844570052343495,0.3956886397873394,5.551115123125783e-17,13.334607742077399,17.543563395533916,21.890876074228657,2.4323195638031843,0.6405175639671573,0.7346827216151092,0.8206774343694369,0.9593958991374584,1.0
random,2,20270929,9,16,1.0,0.5,0.5,4,1.4224804235083763,0.17540457668959458,0.17540457668959458,0.17540457668959458,0.0,0.4727354313685131,0.22347878807117416,0.5230646059346886,0.22347878807117402,1.3877787807814457e-16,9.602445615482761,15.854911156239956,22.428748931459907,2.4920832146066565,0.5435404241684472,0.6984299062486015,0.8306985369935197,0.9593958991374584,1.0
random,3,20270930,9,16,1.0,0.5,0.5,4,1.6540935736598474,0.17540457668959458,0.17540457668959458,0.17540457668959458,0.0,0.538195191356557,0.28965406399932103,0.5917894565933002,0.289654063999321,5.551115123125783e-17,9.706048020318528,15.480283263856013,20.529783477845715,2.281087053093968,0.5464647322586191,0.6901291512599885,0.7947547008444199,0.9593958991374584,1.0
random,4,20270931,9,16,1.0,0.5,0.5,4,1.5477694553738994,0.17540457668959458,0.17540457668959458,0.17540457668959458,0.0,0.5086976678590469,0.25877331728523323,0.5610010382019084,0.25877331728523323,0.0,9.333257998804667,14.18974539739675,18.21011144607167,2.0233457162301858,0.5358676706249489,0.6607363842578073,0.7485093379650845,0.9593958991374584,1.0
random,5,20270932,9,16,1.0,0.5,0.5,4,1.2886638183395736,0.17540457668959458,0.17540457668959458,0.17540457668959458,0.0,0.43295869433326517,0.18745323099876574,0.480639771876165,0.18745323099876574,0.0,8.010412737224527,14.413848508981872,20.753177404833433,2.305908600537048,0.4964418298591421,0.6659335532688994,0.799067045425691,0.9593958991374584,1.0
random,6,20270933,9,16,1.0,0.5,0.5,4,1.5896156536584232,0.17540457668959458,0.17540457668959458,0.17540457668959458,0.0,0.5204212575995766,0.2708382853615248,0.5732747025587719,0.2708382853615248,0.0,9.77868505855762,15.857587886290046,20.295550331361913,2.2550611479291014,0.5485057067399749,0.6984888605183704,0.7902078449487628,0.9593958991374584,1.0
random,7,20270934,9,16,1.0,0.5,0.5,4,1.5502634021568973,0.17540457668959458,0.17540457668959458,0.17540457668959458,0.0,0.5094004729729207,0.2594888418650353,0.5617381589689634,0.2594888418650352,1.1102230246251565e-16,8.653011634439608,15.11391230657405,19.61305787070422,2.179228652300469,0.5159701348239737,0.6819136280215117,0.7768077965042898,0.9593958991374584,1.0
random,8,20270935,9,16,1.0,0.5,0.5,4,1.0078494459957885,0.17540457668959458,0.17540457668959458,0.17540457668959492,3.3306690738754696e-16,0.3453113966867119,0.11923996068172771,0.38568572349563235,0.11923996068172782,1.1102230246251565e-16,6.7142141902576045,12.73305480416548,20.014212624464715,2.2238014027183017,0.45450484449261774,0.6259032765209168,0.7847117859172875,0.9593958991374584,1.0
random,9,20270936,9,16,1.0,0.5,0.5,4,1.2645847024103285,0.17540457668959458,0.17540457668959458,0.17540457668959458,0.0,0.4256580278450713,0.18118475666895548,0.47280413932907117,0.18118475666895537,1.1102230246251565e-16,7.259121988042682,13.92136668481574,22.804593350765238,2.533843705640582,0.47258830298021953,0.6544581152071998,0.8376297371066262,0.9593958991374584,1.0
random,10,20270937,9,16,1.0,0.5,0.5,4,1.7835471490333492,0.17540457668959458,0.17540457668959458,0.17540457668959458,0.0,0.57279092848899,0.3280894477592793,0.6274856915615024,0.3280894477592793,0.0,11.249693093234509,15.342807075061451,18.521687531470267,2.057965281274474,0.5883168105813712,0.6870578925775498,0.75488569822402,0.9593958991374584,1.0
random,11,20270938,9,16,1.0,0.5,0.5,4,1.5515564842710845,0.17540457668959458,0.17540457668959458,0.17540457668959458,0.0,0.5097646653704253,0.2598600140602217,0.562120067119789,0.2598600140602218,1.1102230246251565e-16,11.200106965067803,15.47812574451765,20.662573338916452,2.295841482101828,0.5870187942767302,0.6900810572151911,0.7973208570166628,0.9593958991374584,1.0
random,12,20270939,9,16,1.0,0.5,0.5,4,1.6013592051875258,0.17540457668959458,0.17540457668959458,0.17540457668959458,0.0,0.5236848455302564,0.2742458174380485,0.5766828460461211,0.27424581743804854,5.551115123125783e-17,11.77455297658254,16.863979562577637,22.75214987686439,2.5280166529849324,0.6018844661364664,0.7203125050959137,0.8366660387637127,0.9593958991374584,1.0
random,13,20270940,9,16,1.0,0.5,0.5,4,1.4257165916046426,0.17540457668959458,0.17540457668959458,0.17540457668959458,0.0,0.4736802150007965,0.2243729460832008,0.5240665521126924,0.2243729460832008,0.0,9.275173735554388,14.504803488008296,19.85749232236418,2.206388035818242,0.5341976184081815,0.6680313524695207,0.7816334244196413,0.9593958991374584,1.0
random,14,20270941,9,16,1.0,0.5,0.5,4,1.353891917050893,0.17540457668959458,0.17540457668959458,0.17540457668959458,0.0,0.45251872308404734,0.2047731947416167,0.5015597569888581,0.2047731947416167,0.0,8.335728530737969,14.254087935038783,17.955908780569604,1.995100975618845,0.5064221610218727,0.6622327243884208,0.7432665976726914,0.9593958991374584,1.0
random,15,20270942,9,16,1.0,0.5,0.5,4,1.6562879996617326,0.17540457668959458,0.17540457668959458,0.17540457668959458,0.0,0.538793837880346,0.2902987997378325,0.592411046258142,0.2902987997378324,1.1102230246251565e-16,9.835035742018391,15.463519791704103,21.31514841022739,2.368349823358599,0.5500838468737785,0.6897553824376957,0.8098136657524324,0.9593958991374584,1.0
random,16,20270943,9,16,1.0,0.5,0.5,4,1.340262757663948,0.17540457668959458,0.17540457668959458,0.17540457668959458,0.0,0.4484582560697346,0.20111480743710766,0.4972259567491415,0.2011148074371076,5.551115123125783e-17,7.826795650154458,13.630934118041957,20.2191836982327,2.2465759664703002,0.4907190505471251,0.6475953627676759,0.7887197752834973,0.9593958991374584,1.0
random,17,20270944,9,16,1.0,0.5,0.5,4,1.673599302974038,0.17540457668959458,0.17540457668959458,0.17540457668959458,0.0,0.5435018243109306,0.2953942330293097,0.5972948066587089,0.2953942330293096,1.1102230246251565e-16,9.811812049718863,15.174316349896685,16.828808742081613,1.869867638009068,0.5494340003093016,0.6832749323069366,0.7195609860255592,0.9593958991374584,1.0
random,18,20270945,9,16,1.0,0.5,0.5,4,1.731808541159838,0.17540457668959458,0.17540457668959458,0.17540457668959458,0.0,0.559140968610211,0.31263862277836496,0.6134573390201903,0.31263862277836496,0.0,10.224524960926942,15.501531995763285,16.661499232842417,1.851277692538046,0.5608703611919655,0.6906026355083639,0.7159751672854546,0.9593958991374584,1.0
random,19,20270946,9,16,1.0,0.5,0.5,4,1.6133116148736522,0.17540457668959458,0.17540457668959458,0.17540457668959492,3.3306690738754696e-16,0.5269944709313407,0.2777231723922037,0.5801351884393056,0.2777231723922037,0.0,10.442672189331635,15.376206226954034,18.247714048575887,2.0275237831750985,0.5668220591063553,0.6878053006687809,0.7492817490605622,0.9593958991374584,1.0
random,20,20270947,9,16,1.0,0.5,0.5,4,1.075437892511145,0.17540457668959458,0.17540457668959458,0.17540457668959458,0.0,0.36688743209752117,0.1346063878311132,0.40922890290353053,0.13460638783111317,2.7755575615628914e-17,8.607506773926783,14.280819914465676,23.36670555571984,2.5963006173022043,0.5146116425584295,0.6628534059608661,0.847890294137832,0.9593958991374584,1.0
random,21,20270948,9,16,1.0,0.5,0.5,4,1.7242757250469587,0.17540457668959458,0.17540457668959458,0.17540457668959492,3.3306690738754696e-16,0.5571338522875778,0.3103981293647966,0.611388341763349,0.3103981293647966,0.0,11.19124875406944,16.010257738272962,19.071661342338366,2.1190734824820407,0.586786610560739,0.7018431775024541,0.7660113136672959,0.9593958991374584,1.0
random,22,20270949,9,16,1.0,0.5,0.5,4,1.4379517160171555,0.17540457668959458,0.17540457668959458,0.17540457668959458,0.0,0.47724470295639926,0.22776250649994176,0.5278442052043362,0.227762506499942,2.498001805406602e-16,10.170318098341587,14.78401885711098,19.76014404044235,2.19557156004915,0.559381615923038,0.6744304572556316,0.7797151520946323,0.9593958991374584,1.0
random,23,20270950,9,16,1.0,0.5,0.5,4,1.5827953684118667,0.17540457668959458,0.17540457668959458,0.17540457668959458,0.0,0.5185205203924422,0.2688635300680491,0.5712880390703519,0.2688635300680491,0.0,9.646072842091455,16.788805350072238,20.93868578808209,2.326520643120232,0.5447737708046639,0.718705250869904,0.802630447974301,0.9593958991374584,1.0
random,24,20270951,9,16,1.0,0.5,0.5,4,1.4999036262289156,0.17540457668959458,0.17540457668959458,0.17540457668959458,0.0,0.49510919842727413,0.2451331183672979,0.5467162729718917,0.24513311836729787,2.7755575615628914e-17,10.043564669518723,16.457885509049696,22.29507221911578,2.47723024656842,0.5558848794568501,0.7115868917230739,0.8282193304303571,0.9593958991374584,1.0
random,25,20270952,9,16,1.0,0.5,0.5,4,1.1541141824380876,0.17540457668959458,0.17540457668959458,0.17540457668959458,0.0,0.3916312276491622,0.1533750184699899,0.4360991107455483,0.15337501846998988,2.7755575615628914e-17,7.4251599287695305,13.312643971484171,20.210839695288055,2.245648855032006,0.4779625032406804,0.6399898402088616,0.7885570150224548,0.9593958991374584,1.0
random,26,20270953,9,16,1.0,0.5,0.5,4,1.1861305970821319,0.17540457668959458,0.17540457668959458,0.17540457668959458,0.0,0.40158100819745646,0.1612673061448856,0.446862547149421,0.1612673061448856,0.0,7.063239472657271,13.297076450588978,17.60706015959976,1.9563400177333068,0.4661684595644336,0.6396155355409977,0.7360110675059912,0.9593958991374584,1.0
random,27,20270954,9,16,1.0,0.5,0.5,4,1.3566858563913582,0.17540457668959458,0.17540457668959458,0.17540457668959458,0.0,0.4533493564395225,0.20552563898412923,0.5024457138464453,0.2055256389841292,2.7755575615628914e-17,8.715177285613148,14.32231455292998,19.257099539054835,2.1396777265616485,0.5178202545705907,0.6638157075620016,0.769726357989514,0.9593958991374584,1.0
random,28,20270955,9,16,1.0,0.5,0.5,4,1.341369056063358,0.17540457668959458,0.17540457668959458,0.17540457668959458,0.0,0.44878837730154064,0.20141100760095,0.497578478735871,0.20141100760095,0.0,8.10015634304814,13.412038906644334,16.303939658605092,1.8115488509561213,0.49921499467816055,0.6423745451330369,0.7082510067681773,0.9593958991374584,1.0
random,29,20270956,9,16,1.0,0.5,0.5,4,1.6483948036407503,0.17540457668959458,0.17540457668959458,0.17540457668959458,0.0,0.5366386094832146,0.2879809971880781,0.5901725969062375,0.287980997188078,1.1102230246251565e-16,9.38557301111689,14.909096214263894,16.391310759604206,1.821256751067134,0.537367401447265,0.6772773932399357,0.7101461925308902,0.9593958991374584,1.0
random,30,20270957,9,16,1.0,0.5,0.5,4,1.7901368140127754,0.17540457668959458,0.17540457668959458,0.17540457668959458,0.0,0.5745123359087982,0.3300644241113838,0.6292494788254646,0.33006442411138365,1.6653345369377348e-16,10.727953312401484,16.374896453325366,18.922907528368164,2.102545280929796,0.5745123359087981,0.7097905322372268,0.7630181249165223,0.9593958991374584,1.0
random,31,20270958,9,16,1.0,0.5,0.5,4,1.652752648908077,0.17540457668959458,0.17540457668959458,0.17540457668959458,0.0,0.5378291782996132,0.28926022503043713,0.5914093505667888,0.2892602250304371,5.551115123125783e-17,10.362030699457044,16.017185084459438,20.080582991674273,2.231175887963808,0.5646292313360323,0.7019949984455457,0.7860118246458856,0.9593958991374584,1.0
random,32,20270959,9,16,1.0,0.5,0.5,4,1.5999716370427164,0.17540457668959458,0.17540457668959458,0.17540457668959458,0.0,0.5232998420207565,0.2738427246589487,0.5762809862774614,0.27384272465894877,5.551115123125783e-17,9.845933454966287,14.083027283320316,16.653474854087378,1.8503860948985977,0.5503885227459479,0.6582470647782369,0.7158027353886024,0.9593958991374584,1.0
random,33,20270960,9,16,1.0,0.5,0.5,4,1.357796969613823,0.17540457668959458,0.17540457668959458,0.17540457668959492,3.3306690738754696e-16,0.4536795224288102,0.2058251090712333,0.5027978141622464,0.2058251090712332,1.1102230246251565e-16,10.170921273843415,15.15839975716964,20.283042262523125,2.2536713625025695,0.5593982034221272,0.6829164890692568,0.789964306407227,0.9593958991374584,1.0
random,34,20270961,9,16,1.0,0.5,0.5,4,1.9560597568334963,0.17540457668959458,0.17540457668959458,0.17540457668959458,0.0,0.6165597648153222,0.38014594358912535,0.6719404531595492,0.38014594358912535,0.0,12.467964881405832,16.987456518098995,17.932111848566322,1.9924568720629245,0.619353656696551,0.7229447361559882,0.7427739094696388,0.9593958991374584,1.0
random,35,20270962,9,16,1.0,0.5,0.5,4,1.6295318963565866,0.17540457668959458,0.17540457668959458,0.17540457668959458,0.0,0.5314664143819393,0.28245654961599526,0.5847937040846933,0.2824565496159953,5.551115123125783e-17,10.021012317114021,16.198961559076956,21.012457392022416,2.334717488002491,0.5552604220276414,0.7059671748848069,0.80404312673896,0.9593958991374584,1.0
random,36,20270963,9,16,1.0,0.5,0.5,4,1.4215959424234226,0.17540457668959458,0.17540457668959458,0.17540457668959492,3.3306690738754696e-16,0.4724770673885788,0.22323457920811163,0.5227905619786843,0.22323457920811163,0.0,8.475494282191429,13.566092169562452,18.40483093474703,2.0449812149718922,0.5106501202166408,0.6460532306654243,0.7525005766588421,0.9593958991374584,1.0
random,37,20270964,9,16,1.0,0.5,0.5,4,1.5555247223512234,0.17540457668959458,0.17540457668959458,0.17540457668959458,0.0,0.5108814370657987,0.26099984273841564,0.5632908791355269,0.2609998427384155,1.6653345369377348e-16,9.836145326031495,15.041858202219185,17.431930368324544,1.9368811520360603,0.5501148760964519,0.6802862076712695,0.7323415284325595,0.9593958991374584,1.0
random,38,20270965,9,16,1.0,0.5,0.5,4,1.4162702989419718,0.17540457668959458,0.17540457668959458,0.17540457668959492,3.3306690738754696e-16,0.47092009956974823,0.2217657401787816,0.5211386663971092,0.22176574017878156,2.7755575615628914e-17,8.965096702463633,13.840342127860627,16.38578602663933,1.8206428918488144,0.5251923725089683,0.6525508110600003,0.7100265041548866,0.9593958991374584,1.0
random,39,20270966,9,16,1.0,0.5,0.5,4,1.4205820173084105,0.17540457668959458,0.17540457668959458,0.17540457668959458,0.0,0.47218081578161425,0.22295472279219072,0.522476305628166,0.22295472279219075,2.7755575615628914e-17,7.5867348090402125,14.498836133783064,19.36521916050777,2.151691017834197,0.4831348579433058,0.6678939224862079,0.7718841604966062,0.9593958991374584,1.0
random,40,20270967,9,16,1.0,0.5,0.5,4,1.9839920379535065,0.17540457668959458,0.17540457668959458,0.17540457668959458,0.0,0.6233897531020455,0.3886147842726292,0.678800532585538,0.3886147842726292,0.0,12.630992490056586,16.39757605083573,18.150009613302977,2.016667734811442,0.6233897531020454,0.7102819000315143,0.7472731027038191,0.9593958991374584,1.0
random,41,20270968,9,16,1.0,0.5,0.5,4,1.7353132555035182,0.17540457668959458,0.17540457668959458,0.17540457668959492,3.3306690738754696e-16,0.5600730931028477,0.3136818696177911,0.6144176638176535,0.31368186961779104,5.551115123125783e-17,11.359913898569289,15.240621091305785,18.63744185741566,2.0708268730461845,0.5911918531967442,0.6847661028052493,0.7572409151570435,0.9593958991374584,1.0
random,42,20270969,9,16,1.0,0.5,0.5,4,1.132344293351323,0.17540457668959458,0.17540457668959458,0.17540457668959492,3.3306690738754696e-16,0.3848258067960118,0.14809090157620142,0.42872323760424225,0.14809090157620142,0.0,8.661746807011383,13.760342941763854,19.73429648326735,2.1926996092519278,0.5162305037835271,0.6506621587385741,0.7792050260842733,0.9593958991374584,1.0
random,43,20270970,9,16,1.0,0.5,0.5,4,1.3461066694130668,0.17540457668959458,0.17540457668959458,0.17540457668959458,0.0,0.45020103639385634,0.20268097317010236,0.4990866395495128,0.20268097317010234,2.7755575615628914e-17,7.161714965506789,13.911362048186591,16.9733461603147,1.885927351146078,0.4694068651937299,0.6542229086872775,0.7226444225663455,0.9593958991374584,1.0
random,44,20270971,9,16,1.0,0.5,0.5,4,1.4648344528254944,0.17540457668959458,0.17540457668959458,0.17540457668959458,0.0,0.48503460266316223,0.23525856578061166,0.5360860524072177,0.2352585657806116,5.551115123125783e-17,8.369603421652469,14.472663675758596,18.468746318111254,2.052082924234584,0.5074501216868209,0.6672908285109246,0.7538060675566438,0.9593958991374584,1.0
random,45,20270972,9,16,1.0,0.5,0.5,4,1.1925504317028899,0.17540457668959458,0.17540457668959458,0.17540457668959458,0.0,0.40356757497198564,0.16286678756876924,0.44900861484618315,0.16286678756876913,1.1102230246251565e-16,7.636381882020739,14.826353814752727,22.395838548924786,2.4884265054360872,0.48471308091821286,0.6753954037371426,0.8300888587015381,0.9593958991374584,1.0
random,46,20270973,9,16,1.0,0.5,0.5,4,1.5097536646209526,0.17540457668959458,0.17540457668959458,0.17540457668959458,0.0,0.4979208954384977,0.24792521811427537,0.5496771121214523,0.24792521811427537,0.0,10.390176862406527,16.003769119325465,22.507855910278558,2.50087287891984,0.5653955564690759,0.7017009419895424,0.8321621988721744,0.9593958991374584,1.0
random,47,20270974,9,16,1.0,0.5,0.5,4,1.7994084987545014,0.17540457668959458,0.17540457668959458,0.17540457668959458,0.0,0.5769277786369664,0.3328456617629845,0.6317223386035402,0.3328456617629844,1.1102230246251565e-16,12.451858358100946,16.260156960050843,22.192445215508258,2.465827246167584,0.6189534767956848,0.7072993966968482,0.8263109332098427,0.9593958991374584,1.0
random,48,20270975,9,16,1.0,0.5,0.5,4,1.4741981705906773,0.17540457668959458,0.17540457668959458,0.17540457668959492,3.3306690738754696e-16,0.48773433607550987,0.2378847825870184,0.5389379046174412,0.2378847825870185,1.1102230246251565e-16,8.766334588817545,14.755928587039431,20.881194034335778,2.320132670481753,0.5193378099041736,0.673789429214538,0.8015277916007469,0.9593958991374584,1.0
random,49,20270976,9,16,1.0,0.5,0.5,4,1.62897758106232,0.17540457668959458,0.17540457668959458,0.17540457668959458,0.0,0.5313139601199177,0.28229452421830953,0.5846350087486878,0.2822945242183094,1.1102230246251565e-16,10.686156458161589,15.030648749454276,17.518701693867087,1.9465224104296763,0.5733920736262043,0.6800326799080254,0.7341619625764342,0.9593958991374584,1.0
aligned,0,20270927,10,16,1.0,0.5,0.5,4,5.0,0.17540457668959458,0.17540457668959458,0.17540457668959458,0.0,0.9777847750791544,0.9560630663765926,0.9875806693484477,0.9560630663765927,1.1102230246251565e-16,31.074539364285705,41.78707465836706,45.032314641529084,4.5032314641529085,0.9777847750791544,1.0,1.0,0.9777847750791544,1.0
alternating,0,20270927,10,16,1.0,0.5,0.5,4,0.0,0.17540457668959458,0.17540457668959458,0.17540457668959458,0.0,0.0,0.0,0.0,-7.404778779455337e-17,7.404778779455337e-17,25.0,50.000000000000014,100.00000000000001,10.000000000000002,0.877022883447973,1.0,1.0,0.9777847750791544,1.0
orthogonal,0,20270927,10,16,1.0,0.5,0.5,4,1.5811388300841898,0.17540457668959458,0.17540457668959458,0.17540457668959458,0.0,0.5180582699401277,0.2683843710533582,0.5708046995596507,0.2683843710533582,0.0,8.72319096549176,10.0,10.156175293725925,1.0156175293725924,0.5180582699401277,0.5546779743567962,0.5589925436704968,0.9777847750791544,1.0
clustered,0,20270927,10,16,1.0,0.5,0.5,4,3.0,0.17540457668959458,0.17540457668959458,0.17540457668959458,0.0,0.8217953106714897,0.6753475326416503,0.8663855974622838,0.6753475326416502,1.1102230246251565e-16,21.950553499762293,29.396713063475357,38.8599397037224,3.88599397037224,0.8217953106714896,0.9510214392904808,1.0,0.9777847750791544,1.0
random,0,20270927,10,16,1.0,0.5,0.5,4,1.780385308019652,0.17540457668959458,0.17540457668959458,0.17540457668959492,3.3306690738754696e-16,0.5719635875663616,0.32714234550178295,0.6266375515529543,0.32714234550178295,0.0,11.410185806467926,17.58168889292631,22.661757040257804,2.2661757040257804,0.59249853273147,0.7354805909597673,0.8350023743748693,0.9777847750791544,1.0
random,1,20270928,10,16,1.0,0.5,0.5,4,2.147397974030198,0.17540457668959458,0.17540457668959458,0.17540457668959458,0.0,0.6618841735339349,0.4380906591747001,0.7170423844611957,0.4380906591747,5.551115123125783e-17,14.611420577364875,19.680161509243508,24.350387219802382,2.4350387219802383,0.6704820287459653,0.7781355374371308,0.8655533802151583,0.9777847750791544,1.0
random,2,20270929,10,16,1.0,0.5,0.5,4,1.683270502214271,0.17540457668959458,0.17540457668959458,0.17540457668959458,0.0,0.5461206949869457,0.2982478134930246,0.6000078487053022,0.2982478134930244,1.6653345369377348e-16,12.961048730347438,19.431603132447805,26.596504477081403,2.6596504477081404,0.6314820244688499,0.7732060380808976,0.9045929565253241,0.9777847750791544,1.0
random,3,20270930,10,16,1.0,0.5,0.5,4,1.6251764927575463,0.17540457668959458,0.17540457668959458,0.17540457668959458,0.0,0.5302678324941418,0.2811839741780352,0.5835458273789662,0.28118397417803515,5.551115123125783e-17,10.014672595700421,17.60549911041852,23.79222998941536,2.379222998941536,0.5550847534819318,0.7359784392610823,0.85557580690973,0.9777847750791544,1.0
random,4,20270931,10,16,1.0,0.5,0.5,4,1.4378723119281327,0.17540457668959458,0.17540457668959458,0.17540457668959458,0.0,0.4772216082914376,0.22774046342026633,0.5278197421874378,0.22774046342026633,0.0,9.333257998804667,15.67252672153579,20.632068467894463,2.063206846789446,0.5358676706249489,0.6944011483319441,0.7967320834632697,0.9777847750791544,1.0
random,5,20270932,10,16,1.0,0.5,0.5,4,1.2518789401150672,0.17540457668959458,0.17540457668959458,0.17540457668959458,0.0,0.4217886324817639,0.1779056504908365,0.4686453556327588,0.17790565049083648,2.7755575615628914e-17,8.906332303475223,16.992958606177158,26.106187405359602,2.61061874053596,0.5234682776031266,0.7230618044050195,0.8962159040194035,0.9777847750791544,1.0
random,6,20270933,10,16,1.0,0.5,0.5,4,1.9532436467768985,0.17540457668959458,0.17540457668959458,0.17540457668959458,0.0,0.6158671589881372,0.3792923575201194,0.6712435891017006,0.37929235752011936,5.551115123125783e-17,13.158686554828938,19.382627659327177,22.678627427528188,2.267862742752819,0.6362784169148793,0.7722310278840433,0.8353131224044733,0.9777847750791544,1.0
random,7,20270934,10,16,1.0,0.5,0.5,4,1.5262490575968382,0.17540457668959458,0.17540457668959458,0.17540457668959458,0.0,0.5026116854626657,0.25261850636362154,0.5546108671985857,0.25261850636362154,0.0,8.653011634439608,17.312983656649727,23.200577324634075,2.3200577324634075,0.5159701348239737,0.7298386867514137,0.8448708318793255,0.9777847750791544,1.0
random,8,20270935,10,16,1.0,0.5,0.5,4,1.0644275486261205,0.17540457668959458,0.17540457668959458,0.17540457668959492,3.3306690738754696e-16,0.3633923171602972,0.13205397617113002,0.4054220560605808,0.1320539761711301,8.326672684688674e-17,8.713883697424546,15.629068737406508,23.565795444306058,2.356579544430606,0.5177818232799104,0.693437735630883,0.8514947462042277,0.9777847750791544,1.0
random,9,20270936,10,16,1.0,0.5,0.5,4,1.0832027258212076,0.17540457668959458,0.17540457668959458,0.17540457668959458,0.0,0.3693476003901072,0.13641764991393032,0.41190684726251026,0.1364176499139302,1.1102230246251565e-16,7.259121988042682,16.051428276281214,26.20483685541304,2.620483685541304,0.47258830298021953,0.702744996493126,0.8979076072270178,0.9777847750791544,1.0
random,10,20270937,10,16,1.0,0.5,0.5,4,1.6750727386271913,0.17540457668959458,0.17540457668959458,0.17540457668959458,0.0,0.5439013415132891,0.2958286692999555,0.5977088573682112,0.29582866929995555,5.551115123125783e-17,11.249693093234509,17.116957235812922,21.39711234741823,2.139711234741823,0.5883168105813712,0.725695121764437,0.8113691752071546,0.9777847750791544,1.0
random,11,20270938,10,16,1.0,0.5,0.5,4,1.6202684142912547,0.17540457668959458,0.17540457668959458,0.17540457668959458,0.0,0.5289152152572785,0.2797513049306532,0.5821369539830037,0.2797513049306533,1.1102230246251565e-16,12.213364973637281,16.96312260118448,23.01170875239601,2.301170875239601,0.6129973380029717,0.722426754501569,0.8414248911718903,0.9777847750791544,1.0
random,12,20270939,10,16,1.0,0.5,0.5,4,1.6397934356587276,0.17540457668959458,0.17540457668959458,0.17540457668959458,0.0,0.534283909030178,0.2854592954485675,0.5877250119875339,0.28545929544856746,5.551115123125783e-17,12.1130221614251,19.258693931845222,25.501434525614695,2.5501434525614695,0.6104740065092151,0.7697582221015479,0.885774608219523,0.9777847750791544,1.0
random,13,20270940,10,16,1.0,0.5,0.5,4,1.3157665377741208,0.17540457668959458,0.17540457668959458,0.17540457668959458,0.0,0.44112482826804844,0.19459111411451524,0.4893868575911331,0.19459111411451524,0.0,9.86170475735989,16.07866641560733,22.838033288662267,2.2838033288662265,0.550829154941179,0.7033409980529153,0.8382436490744914,0.9777847750791544,1.0
random,14,20270941,10,16,1.0,0.5,0.5,4,1.4931051170985716,0.17540457668959458,0.17540457668959458,0.17540457668959458,0.0,0.4931639391477622,0.2432106708757377,0.5446663054896503,0.24321067087573767,2.7755575615628914e-17,9.515385093647348,16.699646924282,20.615951544739225,2.0615951544739226,0.5410708105632184,0.7167943367851235,0.7964208355034684,0.9777847750791544,1.0
random,15,20270942,10,16,1.0,0.5,0.5,4,1.6410924148113264,0.17540457668959458,0.17540457668959458,0.17540457668959458,0.0,0.5346399236671353,0.28583984797880024,0.5880952010315417,0.28583984797880024,0.0,11.04976246554242,17.728490048179165,24.91277300683499,2.4912773006834987,0.5830655630968418,0.7385447152344907,0.8754915451592638,0.9777847750791544,1.0
random,16,20270943,10,16,1.0,0.5,0.5,4,1.5999604192890582,0.17540457668959458,0.17540457668959458,0.17540457668959458,0.0,0.5232967288063709,0.2738394663794485,0.5762777365448266,0.27383946637944845,5.551115123125783e-17,9.861477789791486,16.668043197561445,22.595168606794132,2.259516860679413,0.5508228162261026,0.7161157565628201,0.8337747024782565,0.9777847750791544,1.0
random,17,20270944,10,16,1.0,0.5,0.5,4,1.7323603280976057,0.17540457668959458,0.17540457668959458,0.17540457668959458,0.0,0.5592877954317863,0.31280283811894766,0.6136086305890185,0.31280283811894755,1.1102230246251565e-16,10.81320426970849,16.89297785112778,18.814766542872608,1.8814766542872607,0.5767905341850849,0.7209315422021432,0.7608347459250837,0.9777847750791544,1.0
random,18,20270945,10,16,1.0,0.5,0.5,4,1.7856239934716436,0.17540457668959458,0.17540457668959458,0.17540457668959458,0.0,0.5733338783357641,0.32871173604752874,0.6280421392546565,0.3287117360475288,5.551115123125783e-17,11.152850751864598,17.653638442055964,19.90094745933917,1.9900947459339173,0.5857790914695975,0.7369839581606463,0.7824882006650855,0.9777847750791544,1.0
random,19,20270946,10,16,1.0,0.5,0.5,4,1.6875195438833195,0.17540457668959458,0.17540457668959458,0.17540457668959492,3.3306690738754696e-16,0.5472687241135092,0.2995030563928283,0.6011963407713465,0.29950305639282826,5.551115123125783e-17,11.322263793711514,17.587235039714436,20.883174138618802,2.0883174138618803,0.5902113480255191,0.735596585552379,0.8015657940010655,0.9777847750791544,1.0
random,20,20270947,10,16,1.0,0.5,0.5,4,1.159199655786952,0.17540457668959458,0.17540457668959458,0.17540457668959458,0.0,0.3932163486696082,0.15461909686105887,0.43781549087362714,0.15461909686105887,0.0,10.042122974874724,16.494257428283724,26.220258389648823,2.6220258389648823,0.5558449810223064,0.7123727611179588,0.8981717774702097,0.9777847750791544,1.0
random,21,20270948,10,16,1.0,0.5,0.5,4,1.779211573950556,0.17540457668959458,0.17540457668959458,0.17540457668959492,3.3306690738754696e-16,0.5716562359690143,0.32679085212226133,0.6263224022165623,0.32679085212226117,1.6653345369377348e-16,11.351332903885856,18.35199514036854,22.586977403838596,2.2586977403838597,0.5909685252488628,0.751419677260977,0.8336235587314069,0.9777847750791544,1.0
random,22,20270949,10,16,1.0,0.5,0.5,4,1.4191805835558988,0.17540457668959458,0.17540457668959458,0.17540457668959458,0.0,0.4717712071941391,0.22256807193741535,0.5220417583741446,0.22256807193741546,1.1102230246251565e-16,10.170318098341587,16.756625733934733,24.454887648949818,2.4454887648949817,0.559381615923038,0.7180161383448339,0.8674086662021465,0.9777847750791544,1.0
random,23,20270950,10,16,1.0,0.5,0.5,4,1.8576106365507399,0.17540457668959458,0.17540457668959458,0.17540457668959458,0.0,0.5919136614227639,0.3503617825789024,0.6470100121867417,0.3503617825789024,0.0,12.702355259354748,20.327647075296596,24.627853579285983,2.462785357928598,0.6251482910979957,0.7908324419327265,0.8704707901043094,0.9777847750791544,1.0
random,24,20270951,10,16,1.0,0.5,0.5,4,1.5979078628209042,0.17540457668959458,0.17540457668959458,0.17540457668959458,0.0,0.5227269123125874,0.2732434248558514,0.5756828748068656,0.27324342485585135,5.551115123125783e-17,11.296097152094955,18.615607208216467,24.825622149914942,2.482562214991494,0.589528941113956,0.7567972132980367,0.8739588638290193,0.9777847750791544,1.0
random,25,20270952,10,16,1.0,0.5,0.5,4,1.1713178219073512,0.17540457668959458,0.17540457668959458,0.17540457668959458,0.0,0.3969863962422832,0.1575981988014351,0.4418952486752574,0.15759819880143508,2.7755575615628914e-17,8.799206599969601,15.272510001886406,23.552170339389527,2.3552170339389527,0.5203106055573631,0.6854821180641608,0.8512485550091701,0.9777847750791544,1.0
random,26,20270953,10,16,1.0,0.5,0.5,4,1.2049435707319955,0.17540457668959458,0.17540457668959458,0.17540457668959492,3.3306690738754696e-16,0.4073943832635774,0.1659701835147106,0.4531398612759765,0.16597018351471068,8.326672684688674e-17,8.481032191046754,15.70827102778827,21.006906356682332,2.1006906356682333,0.5108169229973816,0.6951925571336321,0.8039369143492798,0.9777847750791544,1.0
random,27,20270954,10,16,1.0,0.5,0.5,4,1.5450515096622381,0.17540457668959458,0.17540457668959458,0.17540457668959458,0.0,0.5079311498009645,0.2579940529381299,0.5601969010157517,0.25799405293812994,5.551115123125783e-17,10.556190567000773,16.918893194233974,21.396971107732206,2.139697110773221,0.5698945867420927,0.7214843171038257,0.8113664973290652,0.9777847750791544,1.0
random,28,20270955,10,16,1.0,0.5,0.5,4,1.5105124887138497,0.17540457668959458,0.17540457668959458,0.17540457668959458,0.0,0.4981371725207113,0.24814064264692892,0.5499047528682715,0.2481406426469289,2.7755575615628914e-17,9.22946972117673,16.28477177399631,20.019378334983898,2.0019378334983897,0.532879846512444,0.7078345532515306,0.7848130472678226,0.9777847750791544,1.0
random,29,20270956,10,16,1.0,0.5,0.5,4,1.7094839413933351,0.17540457668959458,0.17540457668959458,0.17540457668959458,0.0,0.5531780619363835,0.3060059682076934,0.6073059901832312,0.3060059682076933,5.551115123125783e-17,10.143313777005606,16.94727040598568,18.576029263683388,1.857602926368339,0.5586384847197691,0.7220891183551749,0.7559922861486859,0.9777847750791544,1.0
random,30,20270957,10,16,1.0,0.5,0.5,4,1.7210221967729473,0.17540457668959458,0.17540457668959458,0.17540457668959458,0.0,0.5562654055661889,0.3094312014297166,0.6104926316582093,0.30943120142971664,5.551115123125783e-17,10.727953312401484,17.90989223519155,21.147220319908495,2.1147220319908495,0.5745123359087981,0.7423135826280449,0.806617362235475,0.9777847750791544,1.0
random,31,20270958,10,16,1.0,0.5,0.5,4,1.793530641226735,0.17540457668959458,0.17540457668959458,0.17540457668959458,0.0,0.5753973835601442,0.33108214900785976,0.6301558432546857,0.33108214900785965,1.1102230246251565e-16,11.388263249638761,18.00787078390402,22.457147139483325,2.2457147139483324,0.5919290710239724,0.7443412779019232,0.8312242659900652,0.9777847750791544,1.0
random,32,20270959,10,16,1.0,0.5,0.5,4,1.5536879643632833,0.17540457668959458,0.17540457668959458,0.17540457668959458,0.0,0.5103646858428387,0.26047211255545943,0.5627491757047589,0.26047211255545943,0.0,9.845933454966287,15.786662888142097,18.659554607567237,1.865955460756724,0.5503885227459479,0.6969250716400349,0.7576900034888104,0.9777847750791544,1.0
random,33,20270960,10,16,1.0,0.5,0.5,4,1.5272984385811565,0.17540457668959458,0.17540457668959458,0.17540457668959492,3.3306690738754696e-16,0.5029093397160745,0.2529178039736581,0.5549236901665082,0.25291780397365793,1.6653345369377348e-16,11.729583893942262,17.48574935761428,22.629708679031296,2.2629708679031295,0.6007340154802057,0.7334711654122028,0.8344117333765124,0.9777847750791544,1.0
random,34,20270961,10,16,1.0,0.5,0.5,4,2.14711517382897,0.17540457668959458,0.17540457668959458,0.17540457668959458,0.0,0.6618197251497767,0.438005348597326,0.7169789844991232,0.438005348597326,0.0,14.38866874596329,19.347472867330595,20.531281966172074,2.0531281966172075,0.6653516344795495,0.7715304019832623,0.7947837052640676,0.9777847750791544,1.0
random,35,20270962,10,16,1.0,0.5,0.5,4,1.807721646423665,0.17540457668959458,0.17540457668959458,0.17540457668959458,0.0,0.579086947375523,0.3353416926207018,0.6339307949351398,0.3353416926207018,0.0,12.707267362967722,19.48031920424733,25.852598033891724,2.5852598033891723,0.6252691543670075,0.7741746658752455,0.891852466434933,0.9777847750791544,1.0
random,36,20270963,10,16,1.0,0.5,0.5,4,1.5427458116363748,0.17540457668959458,0.17540457668959458,0.17540457668959492,3.3306690738754696e-16,0.5072804130719683,0.2573334174864667,0.5595140700774057,0.2573334174864666,1.1102230246251565e-16,9.00163478910486,15.844486808437118,21.06799956064279,2.106799956064279,0.5262615194805457,0.6982002653092043,0.8051050878828065,0.9777847750791544,1.0
random,37,20270964,10,16,1.0,0.5,0.5,4,1.4449860174518954,0.17540457668959458,0.17540457668959458,0.17540457668959458,0.0,0.47928863609590566,0.2297175966906735,0.5300085778415009,0.2297175966906736,1.1102230246251565e-16,9.836145326031495,16.408297193431647,19.68892543910419,1.9688925439104188,0.5501148760964519,0.7105140620654683,0.7783087770272552,0.9777847750791544,1.0
random,38,20270965,10,16,1.0,0.5,0.5,4,1.4193845531301668,0.17540457668959458,0.17540457668959458,0.17540457668959492,3.3306690738754696e-16,0.4718308326967488,0.22262433468330736,0.522105017343621,0.2226243346833073,5.551115123125783e-17,8.965096702463633,16.129311844501057,21.459494713748704,2.1459494713748706,0.5251923725089683,0.7044478373717171,0.8125510704651363,0.9777847750791544,1.0
random,39,20270966,10,16,1.0,0.5,0.5,4,1.517921607015528,0.17540457668959458,0.17540457668959458,0.17540457668959458,0.0,0.5002464074109172,0.2502464681275294,0.5521239955622408,0.2502464681275294,0.0,9.21136416749224,16.99392030674497,22.778611063120717,2.2778611063120717,0.5323569117558626,0.7230822646181528,0.8371524267023231,0.9777847750791544,1.0
random,40,20270967,10,16,1.0,0.5,0.5,4,2.0718901251801682,0.17540457668959458,0.17540457668959458,0.17540457668959458,0.0,0.6444081155103065,0.41526181933554457,0.69977222696828,0.4152618193355445,5.551115123125783e-17,13.49709052179239,19.264517502649245,23.146897365726716,2.3146897365726717,0.6444081155103065,0.7698745955870824,0.8438928627802474,0.9777847750791544,1.0
random,41,20270968,10,16,1.0,0.5,0.5,4,1.8092755234541995,0.17540457668959458,0.17540457668959458,0.17540457668959492,3.3306690738754696e-16,0.5794898461013425,0.3358084817345576,0.6343426767568152,0.3358084817345575,5.551115123125783e-17,12.33218645133083,17.108459231971796,20.72681334924026,2.072681334924026,0.6159719871407314,0.7255149575722764,0.7985593317773297,0.9777847750791544,1.0
random,42,20270969,10,16,1.0,0.5,0.5,4,1.2108619764338244,0.17540457668959458,0.17540457668959458,0.17540457668959492,3.3306690738754696e-16,0.4092180868742451,0.16745944262501722,0.455107333731964,0.1674594426250172,2.7755575615628914e-17,8.661746807011383,15.841967469017654,23.30970956853684,2.330970956853684,0.5162305037835271,0.6981447547268762,0.8468555772501534,0.9777847750791544,1.0
random,43,20270970,10,16,1.0,0.5,0.5,4,1.5587934215957284,0.17540457668959458,0.17540457668959458,0.17540457668959458,0.0,0.5118003527734586,0.26193960109903663,0.5642539391943531,0.26193960109903663,0.0,8.9601070379011,16.860005673001144,20.486330578550536,2.048633057855054,0.5250462001595306,0.7202276315643089,0.7939131749444428,0.9777847750791544,1.0
random,44,20270971,10,16,1.0,0.5,0.5,4,1.5785882103286415,0.17540457668959458,0.17540457668959458,0.17540457668959492,3.3306690738754696e-16,0.5173460779856857,0.2676469644071712,0.5700598688192169,0.2676469644071713,1.1102230246251565e-16,9.39338191263998,17.26829829532187,20.520847477431165,2.0520847477431166,0.537590902806534,0.7288962097889619,0.7945817155490237,0.9777847750791544,1.0
random,45,20270972,10,16,1.0,0.5,0.5,4,1.273507783023451,0.17540457668959458,0.17540457668959458,0.17540457668959458,0.0,0.4283684209447351,0.18349950406268575,0.4757148358963841,0.18349950406268575,0.0,8.252044817367334,16.85837327168734,24.990871491135763,2.4990871491135764,0.5038737222624736,0.7201927641682272,0.8768627506055837,0.9777847750791544,1.0
random,46,20270973,10,16,1.0,0.5,0.5,4,1.7421014553420064,0.17540457668959458,0.17540457668959458,0.17540457668959458,0.0,0.5618754180382588,0.3157039853956681,0.6162735442832874,0.31570398539566813,5.551115123125783e-17,13.249293120860294,19.17303310088302,26.35616915781192,2.635616915781192,0.6384652651504977,0.7680444087369951,0.9004965722201334,0.9777847750791544,1.0
random,47,20270974,10,16,1.0,0.5,0.5,4,2.056525859063559,0.17540457668959458,0.17540457668959458,0.17540457668959458,0.0,0.6407863465925734,0.4106071419794576,0.6961738362277843,0.41060714197945763,5.551115123125783e-17,15.426244074469217,19.939875898981164,27.373047225560654,2.7373047225560656,0.6889235330208137,0.783253143214089,0.9177037243341576,0.9777847750791544,1.0
random,48,20270975,10,16,1.0,0.5,0.5,4,1.6581051252174561,0.17540457668959458,0.17540457668959458,0.17540457668959492,3.3306690738754696e-16,0.5392892410869328,0.2908328855521199,0.592925335105146,0.29083288555211984,5.551115123125783e-17,10.507570163920288,17.901715673827866,23.37172329710561,2.337172329710561,0.5685806428790008,0.7421441157941071,0.8479813267789649,0.9777847750791544,1.0
random,49,20270976,10,16,1.0,0.5,0.5,4,1.7501514515262762,0.17540457668959458,0.17540457668959458,0.17540457668959458,0.0,0.5640074775135014,0.31810443469114286,0.6184672960746438,0.3181044346911428,5.551115123125783e-17,11.639766551684634,17.533040110750118,19.475953907499107,1.9475953907499108,0.5984295850355107,0.7344623434896457,0.7740879195682842,0.9777847750791544,1.0
aligned,0,20270927,11,16,1.0,0.5,0.5,4,5.5,0.17540457668959458,0.17540457668959458,0.17540457668959458,0.0,0.9885372118015526,0.9772058191163877,0.9940404735298909,0.9772058191163878,1.1102230246251565e-16,31.761733886684848,46.62012406769445,54.081483856702576,4.916498532427507,0.9885372118015526,1.0,1.0,0.9885372118015526,1.0
alternating,0,20270927,11,16,1.0,0.5,0.5,4,0.5,0.17540457668959458,0.17540457668959458,0.17540457668959458,0.0,0.17540457668959458,0.030766765523655867,0.1974126513658474,0.0307667655236558,6.591949208711867e-17,36.0,61.000000000000014,121.0,11.0,1.0,1.0,1.0,0.9885372118015526,1.0
orthogonal,0,20270927,11,16,1.0,0.5,0.5,4,1.6583123951777,0.17540457668959458,0.17540457668959458,0.17540457668959458,0.0,0.5393457310136065,0.2908938175626016,0.5929839727286257,0.2908938175626016,0.0,9.454806594438402,11.0,11.171804803167497,1.0156186184697724,0.5393457310136065,0.5817511673905043,0.5862766402093015,0.9885372118015526,1.0
clustered,0,20270927,11,16,1.0,0.5,0.5,4,3.2015621187164243,0.17540457668959458,0.17540457668959458,0.17540457668959458,0.0,0.8498882450335515,0.7223100290462101,0.8905745798719953,0.7223100290462099,2.220446049250313e-16,23.476956929087724,33.54590776830825,42.853310289622065,3.8957554808747332,0.8498882450335513,1.0,1.0,0.9885372118015526,1.0
random,0,20270927,11,16,1.0,0.5,0.5,4,1.9506633864693357,0.17540457668959458,0.17540457668959458,0.17540457668959492,3.3306690738754696e-16,0.6152319150398086,0.37851030928355023,0.6706042457003376,0.3785103092835502,5.551115123125783e-17,13.584054279923851,20.542240284293513,25.21051926563752,2.291865387785229,0.6464807908136414,0.7949957799620426,0.880707746630787,0.9885372118015526,1.0
random,1,20270928,11,16,1.0,0.5,0.5,4,2.1614744445358722,0.17540457668959458,0.17540457668959458,0.17540457668959458,0.0,0.6650825408383486,0.44233478612799365,0.7201859793696979,0.4423347861279936,5.551115123125783e-17,14.611420577364875,22.0202105723298,27.561853682782054,2.5056230620710958,0.6704820287459653,0.8230982052345873,0.9208632307001221,0.9885372118015526,1.0
random,2,20270929,11,16,1.0,0.5,0.5,4,1.7637232368402287,0.17540457668959458,0.17540457668959458,0.17540457668959458,0.0,0.5675889839439686,0.32215725469454665,0.6221483549672278,0.3221572546945466,5.551115123125783e-17,13.453164869156721,21.426964335337225,29.85523458561054,2.7141122350555036,0.6433586628626596,0.8119349651228583,0.958409621273295,0.9885372118015526,1.0
random,3,20270930,11,16,1.0,0.5,0.5,4,1.8087208010535116,0.17540457668959458,0.17540457668959458,0.17540457668959458,0.0,0.5793460392075725,0.33564183314550217,0.6341956712596142,0.3356418331455021,5.551115123125783e-17,12.72602017835621,20.973884477487793,28.223027545545882,2.5657297768678076,0.625730356365103,0.8033047901258353,0.9318429432374807,0.9885372118015526,1.0
random,4,20270931,11,16,1.0,0.5,0.5,4,1.4605062910720257,0.17540457668959458,0.17540457668959458,0.17540457668959458,0.0,0.4837843272849529,0.23404727532655442,0.5347645375291428,0.23404727532655445,2.7755575615628914e-17,10.111963212568458,17.854497584743683,24.065958570982538,2.1878144155438672,0.5577745074355117,0.7411647190284282,0.8604834132366737,0.9885372118015526,1.0
random,5,20270932,11,16,1.0,0.5,0.5,4,1.2459070230809526,0.17540457668959458,0.17540457668959458,0.17540457668959458,0.0,0.41996591171231684,0.1763713670003575,0.4666849282197656,0.17637136700035747,2.7755575615628914e-17,8.906332303475223,18.82322839172031,28.923194951219354,2.6293813592017594,0.5234682776031266,0.7610058175377379,0.9433308842920141,0.9885372118015526,1.0
random,6,20270933,11,16,1.0,0.5,0.5,4,1.9483846465903605,0.17540457668959458,0.17540457668959458,0.17540457668959458,0.0,0.6146703916473046,0.37781969036785085,0.6700389444009702,0.3778196903678509,5.551115123125783e-17,13.360218783516915,21.06106664452951,26.213870915588558,2.3830791741444144,0.6411323721800419,0.804972607689435,0.8980623697312426,0.9885372118015526,1.0
random,7,20270934,11,16,1.0,0.5,0.5,4,1.5969882100908175,0.17540457668959458,0.17540457668959458,0.17540457668959458,0.0,0.5224714889600579,0.2729764567761399,0.5754161873053993,0.27297645677613985,5.551115123125783e-17,11.167920335324304,20.428638417090056,27.20994674963606,2.473631522694187,0.5861747063323282,0.7927945056230891,0.9149656012972371,0.9885372118015526,1.0
random,8,20270935,11,16,1.0,0.5,0.5,4,0.8907036986098372,0.17540457668959458,0.17540457668959458,0.17540457668959492,3.3306690738754696e-16,0.30726287063321783,0.09441047166976556,0.34393449658145614,0.09441047166976566,9.71445146547012e-17,8.713883697424546,17.606284998605382,26.480511381772356,2.4073192165247597,0.5177818232799104,0.7359948656714608,0.9026182385867739,0.9885372118015526,1.0
random,9,20270936,11,16,1.0,0.5,0.5,4,1.2501446932356228,0.17540457668959458,0.17540457668959458,0.17540457668959458,0.0,0.42125957924227814,0.17745963310338123,0.468076423501415,0.17745963310338106,1.6653345369377348e-16,8.705510490033879,18.396218250057267,29.063380060478668,2.6421254600435153,0.5175329941275231,0.7523244867884541,0.9456141917535091,0.9885372118015526,1.0
random,10,20270937,11,16,1.0,0.5,0.5,4,1.7302370572751498,0.17540457668959458,0.17540457668959458,0.17540457668959458,0.0,0.558722660089185,0.312171010897135,0.6130262640281732,0.31217101089713495,5.551115123125783e-17,11.570788690348065,19.271859741132833,23.537375186730614,2.139761380611874,0.5966537878533146,0.7700212918226463,0.8509811416315032,0.9885372118015526,1.0
random,11,20270938,11,16,1.0,0.5,0.5,4,1.6391662615631315,0.17540457668959458,0.17540457668959458,0.17540457668959458,0.0,0.5341119659128548,0.2852755921312946,0.5875462064450985,0.28527559213129466,5.551115123125783e-17,13.353349097848366,19.525946147704648,25.59256083798853,2.326596439817139,0.640967519184102,0.7750807743415911,0.8873558014980748,0.9885372118015526,1.0
random,12,20270939,11,16,1.0,0.5,0.5,4,1.7277199371365315,0.17540457668959458,0.17540457668959458,0.17540457668959458,0.0,0.5580521818625871,0.311422237681594,0.6123351800522319,0.31142223768159377,2.220446049250313e-16,13.551665619062955,22.220191197780707,28.460407705263083,2.587309791387553,0.6457096240235999,0.8268273172028855,0.9357535415778441,0.9885372118015526,1.0
random,13,20270940,11,16,1.0,0.5,0.5,4,1.5486163973894644,0.17540457668959458,0.17540457668959458,0.17540457668959458,0.0,0.508936397856312,0.2590162570629582,0.5612514435583023,0.2590162570629582,0.0,12.081697350877485,19.266944426372987,25.36531426748134,2.305937660680122,0.6096841391427383,0.7699230880571942,0.8834074238432916,0.9885372118015526,1.0
random,14,20270941,11,16,1.0,0.5,0.5,4,1.6068327564168612,0.17540457668959458,0.17540457668959458,0.17540457668959458,0.0,0.5252019794108066,0.2758371191770293,0.5782658883288647,0.27583711917702936,5.551115123125783e-17,10.53814709831844,19.128788666163416,22.983755793220546,2.0894323448382313,0.5694073241781826,0.7671577123665092,0.8409136848351225,0.9885372118015526,1.0
random,15,20270942,11,16,1.0,0.5,0.5,4,1.6091200894038793,0.17540457668959458,0.17540457668959458,0.17540457668959458,0.0,0.5258352183336452,0.27650267683999236,0.5789263933386619,0.27650267683999213,2.220446049250313e-16,11.28943644848355,19.92820804983932,27.609463109847773,2.509951191804343,0.5893551086609053,0.7830239487883098,0.9216582217583223,0.9885372118015526,1.0
random,16,20270943,11,16,1.0,0.5,0.5,4,1.4867903116889563,0.17540457668959458,0.17540457668959458,0.17540457668959458,0.0,0.491353710753026,0.24142846907076831,0.5427575237625799,0.2414284690707684,8.326672684688674e-17,9.861477789791486,18.183219497752688,25.19225519446837,2.2902050176789426,0.5508228162261026,0.7479564497699881,0.8803886690435707,0.9885372118015526,1.0
random,17,20270944,11,16,1.0,0.5,0.5,4,1.7980911063149332,0.17540457668959458,0.17540457668959458,0.17540457668959458,0.0,0.5765850436262941,0.3324503125335355,0.6313716027121297,0.3324503125335355,0.0,12.113944454483935,19.977962276617653,25.414402010602615,2.3104001827820557,0.6104972470025549,0.7840008169671365,0.8842618094117483,0.9885372118015526,1.0
random,18,20270945,11,16,1.0,0.5,0.5,4,1.617040706413703,0.17540457668959458,0.17540457668959458,0.17540457668959458,0.0,0.5280245709537615,0.27880994753090393,0.5812089058164891,0.27880994753090393,0.0,11.152850751864598,18.944318032179865,22.165127767156964,2.0150116151960877,0.5857790914695975,0.7634496649430423,0.8258022092571515,0.9885372118015526,1.0
random,19,20270946,11,16,1.0,0.5,0.5,4,1.653917572135674,0.17540457668959458,0.17540457668959458,0.17540457668959492,3.3306690738754696e-16,0.5381471595766315,0.2896023653603965,0.591739578229509,0.28960236536039663,1.1102230246251565e-16,11.322263793711514,20.511315588515497,25.9851994030174,2.3622908548197636,0.5902113480255191,0.7943971533770522,0.8941367552662618,0.9885372118015526,1.0
random,20,20270947,11,16,1.0,0.5,0.5,4,1.2265736634688242,0.17540457668959458,0.17540457668959458,0.17540457668959458,0.0,0.41404747782100204,0.1714353138899332,0.46031330111955837,0.17143531388993322,2.7755575615628914e-17,11.001847300065785,19.369774557597545,28.91396899168385,2.6285426356076225,0.5818000139293488,0.7719749426371809,0.9431804198165871,0.9885372118015526,1.0
random,21,20270948,11,16,1.0,0.5,0.5,4,1.9818554008649094,0.17540457668959458,0.17540457668959458,0.17540457668959492,3.3306690738754696e-16,0.6228698610092258,0.3879668637536523,0.678279114819613,0.38796686375365225,5.551115123125783e-17,13.246290559047146,21.42322219141778,24.84729456136212,2.258844960123829,0.6383929163833351,0.8118640612347191,0.8743402573750324,0.9885372118015526,1.0
random,22,20270949,11,16,1.0,0.5,0.5,4,1.3246292526777108,0.17540457668959458,0.17540457668959458,0.17540457668959458,0.0,0.44378328156593333,0.19694360099742847,0.4922303949755238,0.19694360099742855,8.326672684688674e-17,10.170318098341587,18.456261674908156,26.90209350002388,2.4456448636385346,0.559381615923038,0.7535512427135498,0.9097749187632627,0.9885372118015526,1.0
random,23,20270950,11,16,1.0,0.5,0.5,4,1.8989877566550688,0.17540457668959458,0.17540457668959458,0.17540457668959458,0.0,0.6023804404532249,0.3628621950406212,0.6576305159694056,0.3628621950406212,0.0,13.201771022653345,22.8056210496038,27.949704520854166,2.5408822291685604,0.6373192242126154,0.837648610966741,0.9273197967522232,0.9885372118015526,1.0
random,24,20270951,11,16,1.0,0.5,0.5,4,1.6128700148935773,0.17540457668959458,0.17540457668959458,0.17540457668959458,0.0,0.5268724078104743,0.27759453411200674,0.5800079315022908,0.2775945341120067,5.551115123125783e-17,12.027078852608154,20.57377032765707,27.61506829412164,2.510460754011058,0.6083044591261149,0.7956056608701156,0.9217517730522593,0.9885372118015526,1.0
random,25,20270952,11,16,1.0,0.5,0.5,4,1.2962669367924033,0.17540457668959458,0.17540457668959458,0.17540457668959458,0.0,0.43525504939858317,0.18944695802696307,0.4831013711695116,0.18944695802696307,0.0,9.39628808074298,17.26730590902581,25.966082760589796,2.360552978235436,0.5376740575599139,0.728875265136796,0.8938077980544302,0.9885372118015526,1.0
random,26,20270953,11,16,1.0,0.5,0.5,4,1.344184364940985,0.17540457668959458,0.17540457668959458,0.17540457668959492,3.3306690738754696e-16,0.4496280504934691,0.2021653837905576,0.49847498700773296,0.20216538379055757,2.7755575615628914e-17,9.150050960947624,19.024280099934604,24.77831506952843,2.252574097229857,0.5305822014023629,0.7650591905800755,0.8731257697579713,0.9885372118015526,1.0
random,27,20270954,11,16,1.0,0.5,0.5,4,1.6297832563829557,0.17540457668959458,0.17540457668959458,0.17540457668959458,0.0,0.5315355376857055,0.28253002782283204,0.584865654324692,0.2825300278228321,5.551115123125783e-17,12.609083054118747,19.30258453906174,24.703619783184045,2.245783616653095,0.6228488595111772,0.7706348632873142,0.871808739033264,0.9885372118015526,1.0
random,28,20270955,11,16,1.0,0.5,0.5,4,1.4236567150969694,0.17540457668959458,0.17540457668959458,0.17540457668959458,0.0,0.4730789397767891,0.22380368326033084,0.5234289297183372,0.22380368326033084,0.0,9.22946972117673,17.762029490624183,22.070858046618092,2.0064416406016448,0.532879846512444,0.7392429888489271,0.8240442430028816,0.9885372118015526,1.0
random,29,20270956,11,16,1.0,0.5,0.5,4,1.7528249855548248,0.17540457668959458,0.17540457668959458,0.17540457668959458,0.0,0.5647142989708807,0.31890223946217316,0.6191941707374509,0.3189022394621732,5.551115123125783e-17,10.945849666621127,19.442178182200465,22.076473525160296,2.006952138650936,0.580317490818706,0.7734164062139486,0.8241490669398366,0.9885372118015526,1.0
random,30,20270957,11,16,1.0,0.5,0.5,4,1.9163100423199453,0.17540457668959458,0.17540457668959458,0.17540457668959458,0.0,0.6067157837938978,0.3681040423046437,0.662015405818412,0.3681040423046436,1.1102230246251565e-16,13.292256099109924,21.232091866824938,25.32194210903971,2.3019947371854284,0.6394995908377891,0.8082343670268691,0.8826518313992289,0.9885372118015526,1.0
random,31,20270958,11,16,1.0,0.5,0.5,4,1.7216288718347668,0.17540457668959458,0.17540457668959458,0.17540457668959492,3.3306690738754696e-16,0.5564274127006226,0.3096114656047089,0.6106597470589035,0.3096114656047091,1.6653345369377348e-16,11.388263249638761,19.91641615822392,24.893391549982155,2.2630355954529233,0.5919290710239724,0.7827922495858185,0.8751509246449194,0.9885372118015526,1.0
random,32,20270959,11,16,1.0,0.5,0.5,4,1.5092862019275628,0.17540457668959458,0.17540457668959458,0.17540457668959458,0.0,0.4977876375513206,0.24779253209892493,0.5495368448467635,0.24779253209892493,0.0,9.845933454966287,18.06171476722642,22.693918494678808,2.0630834995162552,0.5503885227459479,0.7454532468226346,0.8355946799368341,0.9885372118015526,1.0
random,33,20270960,11,16,1.0,0.5,0.5,4,1.5743319449216542,0.17540457668959458,0.17540457668959458,0.17540457668959492,3.3306690738754696e-16,0.5161564122535194,0.26641744191042505,0.5688152862237104,0.266417441910425,5.551115123125783e-17,12.903065780952993,19.751370737381336,24.980902958187666,2.2709911780170606,0.6300679323841901,0.7795420400772556,0.8766878486004932,0.9885372118015526,1.0
random,34,20270961,11,16,1.0,0.5,0.5,4,2.4559750336904655,0.17540457668959458,0.17540457668959458,0.17540457668959458,0.0,0.7276731158177729,0.529508163483946,0.7805483459044775,0.529508163483946,0.0,17.51139609363957,22.831929648786776,24.767534477955774,2.251594043450525,0.734008867524686,0.8381316280613857,0.8729358085691798,0.9885372118015526,1.0
random,35,20270962,11,16,1.0,0.5,0.5,4,1.9300462690534783,0.17540457668959458,0.17540457668959458,0.17540457668959458,0.0,0.6101340214978344,0.3722635241891198,0.6654667755343564,0.3722635241891199,1.1102230246251565e-16,14.678523007452636,21.925420667114683,28.634193317303616,2.603108483391238,0.6720198476264545,0.8213247084269631,0.9386061536941436,0.9885372118015526,1.0
random,36,20270963,11,16,1.0,0.5,0.5,4,1.6095086481954273,0.17540457668959458,0.17540457668959458,0.17540457668959492,3.3306690738754696e-16,0.5259427450919094,0.2766157711148132,0.5790385357240506,0.2766157711148131,1.1102230246251565e-16,10.372638101718916,18.699620706785993,27.23417866876498,2.47583442443318,0.5649181572027269,0.7585030294382381,0.9153729236389081,0.9885372118015526,1.0
random,37,20270964,11,16,1.0,0.5,0.5,4,1.4036133006282012,0.17540457668959458,0.17540457668959458,0.17540457668959458,0.0,0.4672108338256664,0.21828596324407448,0.517200249140322,0.21828596324407443,5.551115123125783e-17,9.836145326031495,18.678479560056026,25.91396127493717,2.3558146613579245,0.5501148760964519,0.7580741394894318,0.892910281234957,0.9885372118015526,1.0
random,38,20270965,11,16,1.0,0.5,0.5,4,1.155418626728014,0.17540457668959458,0.17540457668959458,0.17540457668959492,3.3306690738754696e-16,0.3920379857467086,0.15369378226833652,0.4365396097438745,0.1536937822683365,2.7755575615628914e-17,8.965096702463633,18.14534355581089,24.7267505363576,2.2478864123961455,0.5251923725089683,0.7471770409533565,0.8722167941022726,0.9885372118015526,1.0
random,39,20270966,11,16,1.0,0.5,0.5,4,1.5129075566406578,0.17540457668959458,0.17540457668959458,0.17540457668959458,0.0,0.4988194956986811,0.24882088928908655,0.5506228249191767,0.2488208892890864,1.3877787807814457e-16,9.79102693203856,19.11184180054498,25.084740248584595,2.2804309316895086,0.548851737588422,0.7668178110885091,0.8785080087569009,0.9885372118015526,1.0
random,40,20270967,11,16,1.0,0.5,0.5,4,2.1616047270132186,0.17540457668959458,0.17540457668959458,0.17540457668959458,0.0,0.6651120551255032,0.4423740458732704,0.7202149631041015,0.4423740458732703,1.1102230246251565e-16,14.378308487875952,21.248283161877048,25.4801184332901,2.316374403026373,0.6651120551255032,0.8085424823852586,0.8854043309991307,0.9885372118015526,1.0
random,41,20270968,11,16,1.0,0.5,0.5,4,2.069253038122195,0.17540457668959458,0.17540457668959458,0.17540457668959492,3.3306690738754696e-16,0.6437880599210875,0.4144630660969577,0.6991566356263132,0.4144630660969577,0.0,15.077206994478077,20.189067638587606,23.831770650423174,2.166524604583925,0.6810850845164143,0.7881321654250977,0.8562864588530602,0.9885372118015526,1.0
random,42,20270969,11,16,1.0,0.5,0.5,4,1.4480741617888726,0.17540457668959458,0.17540457668959458,0.17540457668959492,3.3306690738754696e-16,0.48018470138744773,0.23057734744655234,0.5309570295819346,0.23057734744655245,1.1102230246251565e-16,11.346902695305253,18.76700772338578,27.061409864486702,2.460128169498791,0.5908531921266021,0.7598684927051844,0.9124648223576678,0.9885372118015526,1.0
random,43,20270970,11,16,1.0,0.5,0.5,4,1.5136336782997644,0.17540457668959458,0.17540457668959458,0.17540457668959458,0.0,0.49902626517853016,0.2490272133380327,0.5508403970745919,0.24902721333803265,5.551115123125783e-17,9.337934122829996,18.826173819394153,22.629774117539945,2.0572521925036313,0.536001893310514,0.7610653556751147,0.8344129398131646,0.9885372118015526,1.0
random,44,20270971,11,16,1.0,0.5,0.5,4,1.7195737346251652,0.17540457668959458,0.17540457668959458,0.17540457668959492,3.3306690738754696e-16,0.5558784758469635,0.3090008799099432,0.6100934602138874,0.3090008799099432,0.0,11.158630689476066,19.795661117165594,23.04847934093948,2.095316303721771,0.5859308610989701,0.7804155713320855,0.8420968825257051,0.9885372118015526,1.0
random,45,20270972,11,16,1.0,0.5,0.5,4,1.4460906396720852,0.17540457668959458,0.17540457668959458,0.17540457668959458,0.0,0.4796092440794338,0.2300250270064459,0.5303479585467596,0.23002502700644575,1.3877787807814457e-16,9.960299615186196,19.304467438504737,27.5273749266756,2.5024886296977815,0.5535758329314905,0.7706724487352099,0.9202870692619731,0.9885372118015526,1.0
random,46,20270973,11,16,1.0,0.5,0.5,4,1.6085168114005859,0.17540457668959458,0.17540457668959458,0.17540457668959458,0.0,0.5256682464110791,0.276327105284899,0.5787522458652137,0.276327105284899,0.0,13.249293120860294,20.529177404303525,30.342251301212862,2.758386481928442,0.6384652651504977,0.7947429695138803,0.9661950792900252,0.9885372118015526,1.0
random,47,20270974,11,16,1.0,0.5,0.5,4,2.230736792324161,0.17540457668959458,0.17540457668959458,0.17540457668959458,0.0,0.6805460314369056,0.4631429009045217,0.7353074131876685,0.4631429009045217,0.0,16.97239649749636,22.48122792944357,30.12800860627295,2.738909873297541,0.7226242062185494,0.8316698073087982,0.9627779476514228,0.9885372118015526,1.0
random,48,20270975,11,16,1.0,0.5,0.5,4,1.6151819457636212,0.17540457668959458,0.17540457668959458,0.17540457668959492,3.3306690738754696e-16,0.527511267031439,0.27826813684511414,0.5806739149341063,0.2782681368451142,5.551115123125783e-17,11.447975133786022,19.692146139672197,26.344340160439298,2.3949400145853907,0.593478867915141,0.7783724320252224,0.9002944721543428,0.9885372118015526,1.0
random,49,20270976,11,16,1.0,0.5,0.5,4,1.841815878899333,0.17540457668959458,0.17540457668959458,0.17540457668959458,0.0,0.5878771056820863,0.34559949138514684,0.6429015068813713,0.34559949138514673,1.1102230246251565e-16,12.456111031156137,20.165751235986317,23.43001205538799,2.1300010959443627,0.619059163111414,0.7876769260845239,0.8490380952139618,0.9885372118015526,1.0
aligned,0,20270927,12,16,1.0,0.5,0.5,4,6.0,0.17540457668959458,0.17540457668959458,0.17540457668959458,0.0,0.9944299892208389,0.9888910034617578,0.9973002039367398,0.988891003461758,1.1102230246251565e-16,32.141532807581676,51.453173477021835,62.7754358094176,5.231286317451467,0.9944299892208389,1.0,1.0,0.9944299892208389,1.0
alternating,0,20270927,12,16,1.0,0.5,0.5,4,0.0,0.17540457668959458,0.17540457668959458,0.17540457668959458,0.0,0.0,0.0,0.0,-9.352160776109506e-17,9.352160776109506e-17,36.0,72.00000000000001,144.0,12.0,1.0,1.0,1.0,0.9944299892208389,1.0
orthogonal,0,20270927,12,16,1.0,0.5,0.5,4,1.7320508075688772,0.17540457668959458,0.17540457668959458,0.17540457668959458,0.0,0.5592054373922233,0.31271072120902776,0.6135237692287672,0.31271072120902776,0.0,10.1639127768758,12.0,12.187433315826206,1.0156194429855172,0.5592054373922233,0.6076192774129787,0.6123462281775047,0.9944299892208389,1.0
clustered,0,20270927,12,16,1.0,0.5,0.5,4,3.4641016151377544,0.17540457668959458,0.17540457668959458,0.17540457668959458,0.0,0.8814022009568447,0.7768698398515701,0.9167354833364496,0.7768698398515701,0.0,25.250292860790076,38.366334607208245,47.529607828303654,3.960800652358638,0.8814022009568446,1.0,1.0,0.9944299892208389,1.0
random,0,20270927,12,16,1.0,0.5,0.5,4,2.168396291604723,0.17540457668959458,0.17540457668959458,0.17540457668959492,3.3306690738754696e-16,0.6666483930065825,0.4444200798982589,0.7217230463781128,0.4444200798982589,0.0,15.593261825917253,23.578253523368303,28.43402263001116,2.3695018858342634,0.6926429313484475,0.8517197881996081,0.9353196817943468,0.9944299892208389,1.0
random,1,20270928,12,16,1.0,0.5,0.5,4,2.2438527146518634,0.17540457668959458,0.17540457668959458,0.17540457668959458,0.0,0.6834229279119554,0.4670668983957497,0.7381062471194504,0.4670668983957498,5.551115123125783e-17,15.18089049811338,24.583037969243264,30.288703822717547,2.524058651893129,0.6834229279119554,0.869678426235144,0.9653421406573992,0.9944299892208389,1.0
random,2,20270929,12,16,1.0,0.5,0.5,4,1.7642570281693428,0.17540457668959458,0.17540457668959458,0.17540457668959458,0.0,0.5677295135400193,0.322316800544387,0.6222926859005335,0.3223168005443868,2.220446049250313e-16,13.453164869156721,23.955501122912935,32.572481410367615,2.714373450863968,0.6433586628626596,0.8585064274950638,1.0,0.9944299892208389,1.0
random,3,20270930,12,16,1.0,0.5,0.5,4,1.7493145902834675,0.17540457668959458,0.17540457668959458,0.17540457668959458,0.0,0.5637861002604732,0.3178547668469123,0.6182395971985675,0.3178547668469121,1.6653345369377348e-16,12.72602017835621,23.012929329291627,31.11654026223558,2.5930450218529653,0.625730356365103,0.8414472061197771,0.9784453475568267,0.9944299892208389,1.0
random,4,20270931,12,16,1.0,0.5,0.5,4,1.6223940802445873,0.17540457668959458,0.17540457668959458,0.17540457668959458,0.0,0.5295012799757765,0.2803716054959856,0.5827474748639894,0.2803716054959855,1.1102230246251565e-16,12.142671151876517,20.56410307146983,26.675453120762956,2.2229544267302463,0.6112206771376808,0.795418718288804,0.9059345513908761,0.9944299892208389,1.0
random,5,20270932,12,16,1.0,0.5,0.5,4,1.1786883049013126,0.17540457668959458,0.17540457668959458,0.17540457668959458,0.0,0.39927446366032265,0.15942009733123833,0.44436956793235693,0.15942009733123835,2.7755575615628914e-17,9.45006339969105,20.203039855430305,31.698563588297077,2.641546965691423,0.5392104272007143,0.7884048389609861,0.9875536812537492,0.9944299892208389,1.0
random,6,20270933,12,16,1.0,0.5,0.5,4,2.187580168349567,0.17540457668959458,0.17540457668959458,0.17540457668959458,0.0,0.6709643965231992,0.45019322140174084,0.7259529459952496,0.4501932214017408,5.551115123125783e-17,15.750732525092044,24.265962725878204,29.05824722210385,2.4215206018419875,0.6961315209249808,0.8640516103757159,0.9455306863401598,0.9944299892208389,1.0
random,7,20270934,12,16,1.0,0.5,0.5,4,1.8699076456535773,0.17540457668959458,0.17540457668959458,0.17540457668959458,0.0,0.5950406282523576,0.3540733492709604,0.650187902531171,0.3540733492709605,1.1102230246251565e-16,13.509236230200306,24.053373946781495,29.853339480664914,2.4877782900554095,0.6446979940237518,0.8602584008735045,0.9583792025600909,0.9944299892208389,1.0
random,8,20270935,12,16,1.0,0.5,0.5,4,1.0555074249301557,0.17540457668959458,0.17540457668959458,0.17540457668959492,3.3306690738754696e-16,0.3605550348613067,0.1299999331638381,0.4023297123048679,0.12999993316383826,1.6653345369377348e-16,9.431510310712438,20.007877712979404,29.20537133020787,2.4337809441839893,0.5386808575247799,0.7845875873484217,0.9479213109471729,0.9944299892208389,1.0
random,9,20270936,12,16,1.0,0.5,0.5,4,1.5096471860687501,0.17540457668959458,0.17540457668959458,0.17540457668959458,0.0,0.4978905435606449,0.24789499336711443,0.5496451642479341,0.24789499336711426,1.6653345369377348e-16,10.893531700359787,21.485120352987384,32.305535947523865,2.692127995626989,0.5789289555286398,0.8130360755513184,0.9969638155988925,0.9944299892208389,1.0
random,10,20270937,12,16,1.0,0.5,0.5,4,1.8888255809129986,0.17540457668959458,0.17540457668959458,0.17540457668959458,0.0,0.5998242956178723,0.35978918561347667,0.6550412521026012,0.3597891856134766,5.551115123125783e-17,13.243131181458734,23.019994463239016,29.431842289371634,2.452653524114303,0.6383167801796821,0.8415763613637988,0.9515895074276072,0.9944299892208389,1.0
random,11,20270938,12,16,1.0,0.5,0.5,4,1.6502796644190947,0.17540457668959458,0.17540457668959458,0.17540457668959458,0.0,0.5371537565928991,0.2885341582218635,0.5907077921010777,0.2885341582218636,1.1102230246251565e-16,13.515806774974646,22.07963537636279,27.949914565336336,2.3291595471113613,0.6448547572195497,0.8242080832364914,0.927323281190501,0.9944299892208389,1.0
random,12,20270939,12,16,1.0,0.5,0.5,4,1.8395662989813195,0.17540457668959458,0.17540457668959458,0.17540457668959458,0.0,0.5873003560466779,0.3449217082125546,0.6423139093325507,0.34492170821255463,5.551115123125783e-17,14.65869213353943,24.97413806864841,31.242203948091245,2.6035169956742705,0.671565740457378,0.8765691359576343,0.9804190753515349,0.9944299892208389,1.0
random,13,20270940,12,16,1.0,0.5,0.5,4,1.6430874227628713,0.17540457668959458,0.17540457668959458,0.17540457668959458,0.0,0.5351864185137831,0.28642450256161023,0.5886633634669476,0.2864245025616101,1.1102230246251565e-16,13.52041807038935,22.231967472829954,27.777155511730903,2.3147629593109085,0.6449647529543525,0.8270463894885844,0.9244529358185575,0.9944299892208389,1.0
random,14,20270941,12,16,1.0,0.5,0.5,4,1.8459393159992705,0.17540457668959458,0.17540457668959458,0.17540457668959458,0.0,0.5889330864151344,0.3468421802744562,0.6439769824240575,0.34684218027445624,5.551115123125783e-17,12.98248208364585,22.594854372451287,26.68189232518837,2.223491027099031,0.6320039415878632,0.8337689047442098,0.9060438868490331,0.9944299892208389,1.0
random,15,20270942,12,16,1.0,0.5,0.5,4,1.7012369695463685,0.17540457668959458,0.17540457668959458,0.17540457668959458,0.0,0.5509642276099025,0.30356158010577644,0.6050186822016643,0.3035615801057765,5.551115123125783e-17,13.284729037581936,23.05061247498479,32.62286679561376,2.718572232967813,0.6393184991415358,0.8421358496077185,1.0,0.9944299892208389,1.0
random,16,20270943,12,16,1.0,0.5,0.5,4,1.5641516640085698,0.17540457668959458,0.17540457668959458,0.17540457668959458,0.0,0.5133047623744186,0.2634817790762583,0.565829990902349,0.2634817790762583,0.0,10.423061711154373,21.28237004278227,28.39921317146743,2.366601097622286,0.5662895864358464,0.809190761745313,0.9347469886032571,0.9944299892208389,1.0
random,17,20270944,12,16,1.0,0.5,0.5,4,2.013584430472275,0.17540457668959458,0.17540457668959458,0.17540457668959458,0.0,0.6305465596057626,0.3975889638306635,0.6859653635835083,0.3975889638306634,1.1102230246251565e-16,13.727038610174684,22.898154371521372,27.831316516600793,2.3192763763833995,0.6498742788058437,0.8393462613683781,0.9253537645035587,0.9944299892208389,1.0
random,18,20270945,12,16,1.0,0.5,0.5,4,1.6988348125071584,0.17540457668959458,0.17540457668959458,0.17540457668959458,0.0,0.5503182682545606,0.30285019637469857,0.6043509290476703,0.3028501963746984,1.6653345369377348e-16,11.826522443262766,22.264919681281125,28.043156321853164,2.3369296934877637,0.6032112755677891,0.8276590863616536,0.928868782497121,0.9944299892208389,1.0
random,19,20270946,12,16,1.0,0.5,0.5,4,1.8161465215225352,0.17540457668959458,0.17540457668959458,0.17540457668959492,3.3306690738754696e-16,0.5812687964874518,0.33787341376997065,0.6361604833351464,0.3378734137699706,5.551115123125783e-17,14.269209127529326,24.485705302721666,32.670838275759415,2.7225698563132847,0.6625838901110598,0.8679550413069647,1.0,0.9944299892208389,1.0
random,20,20270947,12,16,1.0,0.5,0.5,4,1.1814680742586137,0.17540457668959458,0.17540457668959458,0.17540457668959458,0.0,0.40013643024136647,0.16010916280630394,0.4453013617699155,0.16010916280630388,5.551115123125783e-17,11.001847300065785,21.16635626579261,31.61908775257816,2.6349239793815133,0.5818000139293488,0.8069822304238212,0.9863148883371229,0.9944299892208389,1.0
random,21,20270948,12,16,1.0,0.5,0.5,4,2.000302749747451,0.17540457668959458,0.17540457668959458,0.17540457668959492,3.3306690738754696e-16,0.6273445255907554,0.39356115378868994,0.6827627431682219,0.39356115378868994,0.0,14.549473460880433,23.338124843701383,27.2706912972943,2.2725576081078582,0.6690592189511794,0.8473715919406126,0.9159863344023513,0.9944299892208389,1.0
random,22,20270949,12,16,1.0,0.5,0.5,4,1.3263680259718318,0.17540457668959458,0.17540457668959458,0.17540457668959458,0.0,0.4443041493160175,0.19740617709943,0.4927872908368707,0.19740617709943006,5.551115123125783e-17,10.170318098341587,21.608686275772506,33.426070404847394,2.785505867070616,0.559381615923038,0.8153707033741973,1.0,0.9944299892208389,1.0
random,23,20270950,12,16,1.0,0.5,0.5,4,1.9521194079373336,0.17540457668959458,0.17540457668959458,0.17540457668959458,0.0,0.6155904541094773,0.3789516071907125,0.6709651213328687,0.3789516071907125,0.0,14.678809855739765,24.9790928305596,31.32601769476568,2.6105014745638067,0.6720264139138239,0.8766560854243017,0.9817332841483732,0.9944299892208389,1.0
random,24,20270951,12,16,1.0,0.5,0.5,4,1.64503808026063,0.17540457668959458,0.17540457668959458,0.17540457668959458,0.0,0.5357204336478291,0.28699638302781805,0.5892184452366231,0.286996383027818,5.551115123125783e-17,12.027078852608154,22.723345661148265,30.243363247064813,2.5202802705887346,0.6083044591261149,0.8361362615444516,0.9646193371839457,0.9944299892208389,1.0
random,25,20270952,12,16,1.0,0.5,0.5,4,1.2888924733550902,0.17540457668959458,0.17540457668959458,0.17540457668959492,3.3306690738754696e-16,0.43302781694616965,0.1875130902491654,0.48071388978687146,0.18751309024916538,2.7755575615628914e-17,10.27876435712257,19.86816676919739,28.456954782020315,2.371412898501693,0.5623560552252473,0.7818434807381766,0.9356967752940567,0.9944299892208389,1.0
random,26,20270953,12,16,1.0,0.5,0.5,4,1.2279452859401265,0.17540457668959458,0.17540457668959458,0.17540457668959492,3.3306690738754696e-16,0.41446824831450235,0.17178392886089197,0.4607665948518589,0.1717839288608921,1.3877787807814457e-16,9.150050960947624,20.958383195961247,27.103119692576378,2.258593307714698,0.5305822014023629,0.8030078838623373,0.9131677439228114,0.9944299892208389,1.0
random,27,20270954,12,16,1.0,0.5,0.5,4,1.7545469589584373,0.17540457668959458,0.17540457668959458,0.17540457668959458,0.0,0.5651692138396931,0.31941624027217674,0.6196618865570043,0.3194162402721767,5.551115123125783e-17,13.367813010371735,21.97187915857211,27.113195401524006,2.2594329501270005,0.6413145627959679,0.8221944138620071,0.9133374652973311,0.9944299892208389,1.0
random,28,20270955,12,16,1.0,0.5,0.5,4,1.651620019578807,0.17540457668959458,0.17540457668959458,0.17540457668959458,0.0,0.537519899904766,0.28892764279362965,0.5910881250082207,0.28892764279362965,0.0,10.81847088635113,20.602189957469626,24.078544126891316,2.0065453439076095,0.576930981214272,0.7961549771842701,0.8607083834278985,0.9944299892208389,1.0
random,29,20270956,12,16,1.0,0.5,0.5,4,1.8803400288946162,0.17540457668959458,0.17540457668959458,0.17540457668959458,0.0,0.5976826444766812,0.35722454350863886,0.6528696400049627,0.35722454350863886,0.0,12.25290027256594,22.281254591724668,25.929985732741656,2.160832144395138,0.6139886885527903,0.82796264142561,0.8931863137503869,0.9944299892208389,1.0
random,30,20270957,12,16,1.0,0.5,0.5,4,2.0974552418827797,0.17540457668959458,0.17540457668959458,0.17540457668959458,0.0,0.6503852996613014,0.42300103801552086,0.7056965020129122,0.4230010380155209,5.551115123125783e-17,14.582407891718702,23.900370720001533,28.06536269074195,2.3387802242284956,0.669816037710966,0.8575179892403058,0.9292364786438472,0.9944299892208389,1.0
random,31,20270958,12,16,1.0,0.5,0.5,4,1.8835336771450593,0.17540457668959458,0.17540457668959458,0.17540457668959492,3.3306690738754696e-16,0.5984894549322729,0.35818962766512913,0.6536879734264314,0.3581896276651292,5.551115123125783e-17,14.151004151807483,23.09885044838012,28.82366678550567,2.4019722321254724,0.6598337871486587,0.8430165571394813,0.9417064285230512,0.9944299892208389,1.0
random,32,20270959,12,16,1.0,0.5,0.5,4,1.6745274842924542,0.17540457668959458,0.17540457668959458,0.17540457668959458,0.0,0.5437535195635798,0.2956678900377803,0.5975556650070408,0.29566789003778027,5.551115123125783e-17,11.78744657252834,21.381621449916842,25.786639952110214,2.148886662675851,0.6022139194834345,0.8110754179884644,0.890714042243363,0.9944299892208389,1.0
random,33,20270960,12,16,1.0,0.5,0.5,4,1.4063921132907726,0.17540457668959458,0.17540457668959458,0.17540457668959492,3.3306690738754696e-16,0.46802627134275115,0.21904859066699853,0.5180664236199441,0.21904859066699855,2.7755575615628914e-17,12.903065780952993,22.182900090364846,31.422405927024187,2.6185338272520156,0.6300679323841901,0.8261332130564294,0.9832424906125079,0.9944299892208389,1.0
random,34,20270961,12,16,1.0,0.5,0.5,4,2.4230038346724134,0.17540457668959458,0.17540457668959458,0.17540457668959458,0.0,0.7210767285779105,0.5199516484966216,0.774296899722279,0.5199516484966213,2.220446049250313e-16,17.51139609363957,24.4606714019344,28.17631310089126,2.3480260917409383,0.734008867524686,0.8675112342641508,0.9310714357643212,0.9944299892208389,1.0
random,35,20270962,12,16,1.0,0.5,0.5,4,1.9481024513734388,0.17540457668959458,0.17540457668959458,0.17540457668959458,0.0,0.6146008201577257,0.37773416813854904,0.6699688947744602,0.3777341681385491,5.551115123125783e-17,14.678523007452636,24.509341228915034,32.1990377706433,2.683253147553608,0.6720198476264545,0.8683738565441157,0.9953191674918761,0.9944299892208389,1.0
random,36,20270963,12,16,1.0,0.5,0.5,4,1.9221756299934327,0.17540457668959458,0.17540457668959458,0.17540457668959492,3.3306690738754696e-16,0.6081775499611302,0.36987993227672294,0.663491984164152,0.36987993227672294,0.0,13.141972055937266,22.516757713768175,30.226332066792807,2.5188610055660674,0.635874179978602,0.83232674169011,0.9643476921417787,0.9944299892208389,1.0
random,37,20270964,12,16,1.0,0.5,0.5,4,1.4767911612085092,0.17540457668959458,0.17540457668959458,0.17540457668959458,0.0,0.48848069213049705,0.23861338658428943,0.5397259006369846,0.23861338658428943,0.0,10.850245759819877,20.572818987928,28.795455765048693,2.3996213137540576,0.5777776104751893,0.7955872660885139,0.9412454704645636,0.9944299892208389,1.0
random,38,20270965,12,16,1.0,0.5,0.5,4,1.4528590636193142,0.17540457668959458,0.17540457668959458,0.17540457668959492,3.3306690738754696e-16,0.4815715976937603,0.23191120370532092,0.5324245074452898,0.23191120370532103,1.1102230246251565e-16,13.228396896396333,22.700965041525528,33.34071191557325,2.778392659631104,0.6379615862771699,0.8357243975099236,1.0,0.9944299892208389,1.0
random,39,20270966,12,16,1.0,0.5,0.5,4,1.5043831695681482,0.17540457668959458,0.17540457668959458,0.17540457668959458,0.0,0.4963888696514934,0.24640190991388733,0.5480641464312803,0.24640190991388722,1.1102230246251565e-16,10.739084413417045,21.632615543855252,28.25649230059292,2.3547076917160767,0.5748103096555851,0.8158220456087147,0.9323952344008037,0.9944299892208389,1.0
random,40,20270967,12,16,1.0,0.5,0.5,4,2.0951253345867564,0.17540457668959458,0.17540457668959458,0.17540457668959458,0.0,0.6498431107572068,0.42229606859860336,0.705159854698018,0.42229606859860336,0.0,14.378308487875952,23.53748118631222,28.304829459235677,2.3587357882696396,0.6651120551255032,0.8509830578082794,0.9331923977183757,0.9944299892208389,1.0
random,41,20270968,12,16,1.0,0.5,0.5,4,2.3339588267940528,0.17540457668959458,0.17540457668959458,0.17540457668959492,3.3306690738754696e-16,0.7027439944116394,0.4938491216816262,0.7567813166583408,0.4938491216816261,1.1102230246251565e-16,17.662049262758316,23.23839340886958,26.550686430607108,2.212557202550592,0.7371594999283018,0.8455591056556369,0.9038134452986414,0.9944299892208389,1.0
random,42,20270969,12,16,1.0,0.5,0.5,4,1.4672474087203404,0.17540457668959458,0.17540457668959458,0.17540457668959492,3.3306690738754696e-16,0.4857309785336933,0.2359345835072992,0.5368218902150961,0.23593458350729923,2.7755575615628914e-17,12.005731968436773,20.910322509207,29.56645736730613,2.4638714472755106,0.607764379025913,0.8020866472300827,0.9537632102283434,0.9944299892208389,1.0
random,43,20270970,12,16,1.0,0.5,0.5,4,1.5861662363854379,0.17540457668959458,0.17540457668959458,0.17540457668959458,0.0,0.5194604338726193,0.2698391423591299,0.5722706021502915,0.2698391423591298,1.1102230246251565e-16,10.116433116429029,21.889681732628386,28.770284389713524,2.3975236991427935,0.5578977734575745,0.8206550464447475,0.9408339884736375,0.9944299892208389,1.0
random,44,20270971,12,16,1.0,0.5,0.5,4,1.7635173250006786,0.17540457668959458,0.17540457668959458,0.17540457668959492,3.3306690738754696e-16,0.567534767395346,0.3220957122024895,0.6220926697329172,0.32209571220248956,5.551115123125783e-17,11.991601310742244,21.942725445334744,25.175079282613485,2.0979232735511237,0.607406606632469,0.8216487623836424,0.8800884963045567,0.9944299892208389,1.0
random,45,20270972,12,16,1.0,0.5,0.5,4,1.5206008679129863,0.17540457668959458,0.17540457668959458,0.17540457668959458,0.0,0.5010080313429187,0.251009047470107,0.5529249774603109,0.2510090474701068,1.6653345369377348e-16,10.751506898233474,21.93898498182501,30.92205447660509,2.576837873050424,0.5751426707904029,0.8215787282803867,0.9753827964401577,0.9944299892208389,1.0
random,46,20270973,12,16,1.0,0.5,0.5,4,1.6235968345626155,0.17540457668959458,0.17540457668959458,0.17540457668959458,0.0,0.5298327190068174,0.2807227101301571,0.5830926896013402,0.28072271013015715,5.551115123125783e-17,14.500842395994523,22.722805730339914,33.41303265087606,2.7844193875730054,0.6679401304705771,0.8361263277429746,1.0,0.9944299892208389,1.0
random,47,20270974,12,16,1.0,0.5,0.5,4,2.3132278153143764,0.17540457668959458,0.17540457668959458,0.17540457668959458,0.0,0.6983673060608007,0.48771689417462005,0.7525698624288644,0.48771689417461994,1.1102230246251565e-16,17.85860583602966,24.42889704054342,32.94977747888027,2.745814789906689,0.7412499837008543,0.866947603519342,1.0,0.9944299892208389,1.0
random,48,20270975,12,16,1.0,0.5,0.5,4,1.4632374458197313,0.17540457668959458,0.17540457668959458,0.17540457668959492,3.3306690738754696e-16,0.48457345086024045,0.23481142927860188,0.5355986827758283,0.23481142927860188,0.0,11.447975133786022,20.956703246688136,28.757595162041042,2.39646626350342,0.593478867915141,0.8029757000929054,0.9406264866432037,0.9944299892208389,1.0
random,49,20270976,12,16,1.0,0.5,0.5,4,1.833833841909447,0.17540457668959458,0.17540457668959458,0.17540457668959458,0.0,0.5858285918984782,0.3431951390857538,0.6408138235921346,0.3431951390857538,0.0,12.938457960636814,22.54632451334168,26.251553835657518,2.187629486304793,0.630931456112779,0.8328730273710622,0.8987076284828697,0.9944299892208389,1.0
aligned,0,20270927,13,16,1.0,0.5,0.5,4,6.5,0.17540457668959458,0.17540457668959458,0.17540457668959458,0.0,0.997453723622799,0.9949139307689872,0.9988459499152185,0.9949139307689876,4.440892098500626e-16,32.33729362951789,56.28622288634922,70.95506022628064,5.458081555867741,0.9974537236227992,1.0,1.0,0.997453723622799,1.0
alternating,0,20270927,13,16,1.0,0.5,0.5,4,0.5,0.17540457668959458,0.17540457668959458,0.17540457668959458,0.0,0.17540457668959458,0.030766765523655867,0.1974126513658474,0.030766765523655783,8.326672684688674e-17,49.0,85.00000000000001,169.0,13.0,1.0,1.0,1.0,0.997453723622799,1.0
orthogonal,0,20270927,13,16,1.0,0.5,0.5,4,1.8027756377319946,0.17540457668959458,0.17540457668959458,0.17540457668959458,0.0,0.5778030713803035,0.3338563892965121,0.6326178442791042,0.33385638929651223,1.1102230246251565e-16,10.851202055666773,13.0,13.20306107107514,1.0156200823903954,0.5778030713803035,0.6324301952053888,0.6373503621778821,0.997453723622799,1.0
clustered,0,20270927,13,16,1.0,0.5,0.5,4,3.5,0.17540457668959458,0.17540457668959458,0.17540457668959458,0.0,0.8852879944798262,0.7837348331701128,0.9198816862723658,0.7837348331701126,2.220446049250313e-16,25.473423020938505,39.366334607208245,51.49091505594271,3.9608396196879005,0.8852879944798261,1.0,1.0,0.997453723622799,1.0
random,0,20270927,13,16,1.0,0.5,0.5,4,2.359746148827513,0.17540457668959458,0.17540457668959458,0.17540457668959492,3.3306690738754696e-16,0.7081309361668324,0.5014494227565145,0.7619492996731518,0.5014494227565144,1.1102230246251565e-16,17.887403127175574,26.33491079107409,31.197133335117122,2.3997794873167018,0.741847381771291,0.9001333375647027,0.9797116342739718,0.997453723622799,1.0
random,1,20270928,13,16,1.0,0.5,0.5,4,2.291624265087931,0.17540457668959458,0.17540457668959458,0.17540457668959458,0.0,0.6937627889498236,0.48130680733143744,0.7481271059921193,0.4813068073314375,5.551115123125783e-17,15.643724621015863,27.23705956919553,34.24919654506411,2.6345535803895466,0.6937627889498235,0.9154213375923058,1.0,0.997453723622799,1.0
random,2,20270929,13,16,1.0,0.5,0.5,4,1.6859994162692367,0.17540457668959458,0.17540457668959458,0.17540457668959458,0.0,0.5468581883801096,0.2990538781983754,0.6007713929730505,0.29905387819837526,1.6653345369377348e-16,13.453164869156721,25.852849362652854,36.00381531441946,2.769524254955343,0.6433586628626596,0.8918568015433511,1.0,0.997453723622799,1.0
random,3,20270930,13,16,1.0,0.5,0.5,4,1.8713546484551227,0.17540457668959458,0.17540457668959458,0.17540457668959458,0.0,0.5954076765963928,0.3545103013499147,0.650560650876953,0.3545103013499146,5.551115123125783e-17,14.57429120853326,25.427873425854767,33.76557040402106,2.5973515695400815,0.6696295993207155,0.8844961387470686,1.0,0.997453723622799,1.0
random,4,20270931,13,16,1.0,0.5,0.5,4,1.6156549135930767,0.17540457668959458,0.17540457668959458,0.17540457668959458,0.0,0.5276419068403168,0.2784059818540855,0.5808100832517806,0.2784059818540855,0.0,12.614499663914213,23.041539905626884,30.050299692579085,2.311561514813776,0.6229826268507689,0.8419701037331325,0.9615355035344085,0.997453723622799,1.0
random,5,20270932,13,16,1.0,0.5,0.5,4,1.2379838194983934,0.17540457668959458,0.17540457668959458,0.17540457668959458,0.0,0.41754365987868813,0.1743427079048896,0.4640783114383753,0.1743427079048896,0.0,10.155612747962252,22.389737183447842,34.435039044581345,2.648849157275488,0.558977062289326,0.829975779200465,1.0,0.997453723622799,1.0
random,6,20270933,13,16,1.0,0.5,0.5,4,2.215596846582582,0.17540457668959458,0.17540457668959458,0.17540457668959458,0.0,0.6772048235683019,0.45860637306417495,0.7320511188089587,0.45860637306417507,1.1102230246251565e-16,15.750732525092044,26.704564490304985,31.772673636471808,2.444051818190139,0.6961315209249808,0.9064287473842387,0.9887074389489393,0.997453723622799,1.0
random,7,20270934,13,16,1.0,0.5,0.5,4,1.8248204036432216,0.17540457668959458,0.17540457668959458,0.17540457668959458,0.0,0.5835084532554365,0.340482115020552,0.6384471788826387,0.34048211502055203,5.551115123125783e-17,13.509236230200306,26.351076272280274,32.563517003488734,2.504885923345287,0.6446979940237518,0.9004095651231272,1.0,0.997453723622799,1.0
random,8,20270935,13,16,1.0,0.5,0.5,4,1.2123043092605457,0.17540457668959458,0.17540457668959458,0.17540457668959492,3.3306690738754696e-16,0.40966215424490043,0.1678230806205726,0.4555862792449692,0.1678230806205727,8.326672684688674e-17,12.724040007089043,23.669273223962087,34.92377928230624,2.686444560177403,0.625681672587367,0.8533621619201238,1.0,0.997453723622799,1.0
random,9,20270936,13,16,1.0,0.5,0.5,4,1.3818427248848193,0.17540457668959458,0.17540457668959458,0.17540457668959458,0.0,0.4608014324346685,0.21233796013384235,0.5103850394700338,0.21233796013384218,1.6653345369377348e-16,10.893531700359787,23.68431461060254,36.4066679920177,2.8005129224629,0.5789289555286398,0.8536332668147986,1.0,0.997453723622799,1.0
random,10,20270937,13,16,1.0,0.5,0.5,4,1.9370695985949988,0.17540457668959458,0.17540457668959458,0.17540457668959458,0.0,0.6118750511653281,0.3743910782385729,0.667222651831741,0.37439107823857287,5.551115123125783e-17,14.919830914989294,25.956158694339848,34.88856098818262,2.683735460629432,0.6775211726684764,0.8936369779969693,1.0,0.997453723622799,1.0
random,11,20270938,13,16,1.0,0.5,0.5,4,1.5263457867826673,0.17540457668959458,0.17540457668959458,0.17540457668959458,0.0,0.5026391262522938,0.25264609123966936,0.5546397076413387,0.25264609123966936,0.0,13.515806774974646,24.360724266754957,33.52358532969272,2.578737333053286,0.6448547572195497,0.8657370798930143,1.0,0.997453723622799,1.0
random,12,20270939,13,16,1.0,0.5,0.5,4,1.9642752137761408,0.17540457668959458,0.17540457668959458,0.17540457668959458,0.0,0.6185761137959891,0.3826364085589484,0.6739679394408449,0.38263640855894854,1.1102230246251565e-16,15.83746507905466,27.342087498892354,33.84658490569715,2.603583454284396,0.6980455390419472,0.9171846024687197,1.0,0.997453723622799,1.0
random,13,20270940,13,16,1.0,0.5,0.5,4,1.8334918009419408,0.17540457668959458,0.17540457668959458,0.17540457668959458,0.0,0.5857406815405788,0.34309214601162175,0.640724192518243,0.34309214601162175,0.0,15.780861863275074,25.825911965147302,30.708014807575765,2.362154985198136,0.6967970125571631,0.8913920449870896,0.9720011786421022,0.997453723622799,1.0
random,14,20270941,13,16,1.0,0.5,0.5,4,1.9208943612950682,0.17540457668959458,0.17540457668959458,0.17540457668959458,0.0,0.6078585144394703,0.36949197357655966,0.6631697977159445,0.3694919735765596,5.551115123125783e-17,12.98248208364585,25.04027072614289,28.90587560795439,2.2235288929195685,0.6320039415878632,0.8777289661849507,0.943048406544381,0.997453723622799,1.0
random,15,20270942,13,16,1.0,0.5,0.5,4,1.9175665534862876,0.17540457668959458,0.17540457668959458,0.17540457668959458,0.0,0.6070291858762508,0.3684844325055838,0.6623320643970692,0.3684844325055838,0.0,16.13916264912972,26.29547819506405,37.265829116185685,2.866602239706591,0.7046629215262562,0.8994591774838596,1.0,0.997453723622799,1.0
random,16,20270943,13,16,1.0,0.5,0.5,4,1.622511311727342,0.17540457668959458,0.17540457668959458,0.17540457668959458,0.0,0.5295335905008332,0.2804058234687041,0.5827811300728092,0.280405823468704,5.551115123125783e-17,10.423061711154373,24.159674188209177,32.57243876415103,2.505572212627002,0.5662895864358464,0.8621571961519272,1.0,0.997453723622799,1.0
random,17,20270944,13,16,1.0,0.5,0.5,4,2.2072018440339223,0.17540457668959458,0.17540457668959458,0.17540457668959458,0.0,0.6753427500856561,0.456087830093257,0.7302337089350344,0.45608783009325715,1.6653345369377348e-16,16.332533909189184,25.860372408485507,31.25195786256144,2.403996758658572,0.7088718087152163,0.8919865549694644,0.9805721083697013,0.997453723622799,1.0
random,18,20270945,13,16,1.0,0.5,0.5,4,1.6588436258930157,0.17540457668959458,0.17540457668959458,0.17540457668959458,0.0,0.5394904971583241,0.2910499965241357,0.5931342373312809,0.2910499965241356,1.1102230246251565e-16,13.911715199567487,25.387277488820306,36.30813673874726,2.792933595288251,0.6542312126282056,0.883789801809526,1.0,0.997453723622799,1.0
random,19,20270946,13,16,1.0,0.5,0.5,4,1.9477781462627035,0.17540457668959458,0.17540457668959458,0.17540457668959492,3.3306690738754696e-16,0.6145208579428535,0.3776358848468207,0.6698883802727844,0.37763588484682076,5.551115123125783e-17,16.41143978299189,26.99768458441891,36.31545596295043,2.7934966125346485,0.7105820992038213,0.9113898349720799,1.0,0.997453723622799,1.0
random,20,20270947,13,16,1.0,0.5,0.5,4,1.2890728215258704,0.17540457668959458,0.17540457668959458,0.17540457668959458,0.0,0.43308233363191073,0.18756030770406162,0.4807723453112531,0.1875603077040616,2.7755575615628914e-17,11.869286489006482,24.496577530922664,34.52671731534326,2.6559013319494817,0.6043008806384109,0.86814771613243,1.0,0.997453723622799,1.0
random,21,20270948,13,16,1.0,0.5,0.5,4,2.133207338886764,0.17540457668959458,0.17540457668959458,0.17540457668959492,3.3306690738754696e-16,0.6586408782075933,0.43380780644606975,0.7138491571909034,0.43380780644606987,1.1102230246251565e-16,15.396762470437299,26.707179513815255,30.511804813965625,2.3470619087665865,0.6882649059420136,0.9064731269595031,0.9688908836472944,0.997453723622799,1.0
random,22,20270949,13,16,1.0,0.5,0.5,4,1.3146939818565466,0.17540457668959458,0.17540457668959458,0.17540457668959458,0.0,0.44080270518873665,0.1943070249017083,0.4890421720875413,0.19430702490170834,5.551115123125783e-17,10.832871031289443,23.58580248268637,37.007074490312235,2.8466980377163256,0.5773148213649867,0.8518561232227376,1.0,0.997453723622799,1.0
random,23,20270950,13,16,1.0,0.5,0.5,4,2.021754934258025,0.17540457668959458,0.17540457668959458,0.17540457668959458,0.0,0.6325081802702573,0.40006659810879236,0.6879249201001056,0.4000665981087924,5.551115123125783e-17,16.585282479420663,27.65628701500649,35.785920570166645,2.7527631207820495,0.7143357034251706,0.9224394277380131,1.0,0.997453723622799,1.0
random,24,20270951,13,16,1.0,0.5,0.5,4,1.6474239386616414,0.17540457668959458,0.17540457668959458,0.17540457668959458,0.0,0.5363731451807809,0.2876961508711231,0.5898967631899645,0.28769615087112305,5.551115123125783e-17,12.802848955507494,24.79725120192652,33.00106297697796,2.5385433059213818,0.6276163253524254,0.8734593369819037,1.0,0.997453723622799,1.0
random,25,20270952,13,16,1.0,0.5,0.5,4,1.38096942161938,0.17540457668959458,0.17540457668959458,0.17540457668959492,3.3306690738754696e-16,0.46054355723120155,0.212100368107169,0.5101105785182034,0.21210036810716903,2.7755575615628914e-17,11.289617948744434,22.017337738894533,30.905175829783047,2.377321217675619,0.5893598461726729,0.8230445113526409,0.9751165562240709,0.997453723622799,1.0
random,26,20270953,13,16,1.0,0.5,0.5,4,1.5165179642076514,0.17540457668959458,0.17540457668959458,0.17540457668959492,3.3306690738754696e-16,0.499847163214157,0.24984718657324012,0.5517040424299675,0.24984718657324012,0.0,10.78878673300104,24.71341920044494,29.505483390109315,2.2696525684699473,0.5761389343717123,0.8719816361758453,0.9527792446971208,0.997453723622799,1.0
random,27,20270954,13,16,1.0,0.5,0.5,4,1.6088473811281623,0.17540457668959458,0.17540457668959458,0.17540457668959458,0.0,0.5257597434882098,0.2764233078727881,0.5788476762301555,0.2764233078727881,0.0,13.367813010371735,24.089084161882937,31.71318120009802,2.439475476930617,0.6413145627959679,0.8608967441501126,0.9877813573826079,0.997453723622799,1.0
random,28,20270955,13,16,1.0,0.5,0.5,4,1.8420096340620382,0.17540457668959458,0.17540457668959458,0.17540457668959458,0.0,0.5879267593938308,0.3456578744113314,0.64295208790382,0.3456578744113313,1.1102230246251565e-16,13.261387009686537,23.427686804281738,27.231919455396273,2.0947630350304824,0.6387565926434589,0.8489959638708436,0.9153349554361285,0.997453723622799,1.0
random,29,20270956,13,16,1.0,0.5,0.5,4,2.053637702552723,0.17540457668959458,0.17540457668959458,0.17540457668959458,0.0,0.6401030561722982,0.4097319225211164,0.6954942290014432,0.40973192252111645,5.551115123125783e-17,14.100476367205477,25.99130940741971,31.538629177431147,2.4260483982639345,0.6586547275786168,0.8942418700725622,0.9850591905259073,0.997453723622799,1.0
random,30,20270957,13,16,1.0,0.5,0.5,4,2.0862815426618897,0.17540457668959458,0.17540457668959458,0.17540457668959458,0.0,0.6477804315007814,0.4196194874353385,0.7031168999429158,0.4196194874353386,1.1102230246251565e-16,14.582407891718702,25.967960108002256,30.477515231882386,2.3444242486063374,0.669816037710966,0.8938401086159395,0.9683463042129998,0.997453723622799,1.0
random,31,20270958,13,16,1.0,0.5,0.5,4,2.0349041038758062,0.17540457668959458,0.17540457668959458,0.17540457668959492,3.3306690738754696e-16,0.6356520077371685,0.40405347494029326,0.6910615691487976,0.40405347494029353,2.7755575615628914e-16,15.893976350017889,26.949453793762913,31.959972119906695,2.4584593938389765,0.6992898137392909,0.9105753817577662,0.9916173497653961,0.997453723622799,1.0
random,32,20270959,13,16,1.0,0.5,0.5,4,1.5487074886692072,0.17540457668959458,0.17540457668959458,0.17540457668959458,0.0,0.5089620704648695,0.2590423891718868,0.5612783705533806,0.2590423891718868,0.0,11.78744657252834,23.365285274256813,31.646927430369374,2.4343790331053365,0.6022139194834345,0.8478645253968281,0.9867490034422773,0.997453723622799,1.0
random,33,20270960,13,16,1.0,0.5,0.5,4,1.603157434832832,0.17540457668959458,0.17540457668959458,0.17540457668959492,3.3306690738754696e-16,0.5241835509625505,0.2747683950997088,0.5772033072862861,0.27476839509970885,5.551115123125783e-17,13.428706984497829,25.777615952190434,34.78644314474617,2.6758802419035517,0.6427735830585484,0.8905581765162196,1.0,0.997453723622799,1.0
random,34,20270961,13,16,1.0,0.5,0.5,4,2.341054796005776,0.17540457668959458,0.17540457668959458,0.17540457668959458,0.0,0.7042326614819417,0.4959436414979392,0.7582112049210679,0.4959436414979391,5.551115123125783e-17,17.51139609363957,26.236738137108468,31.50053331843235,2.4231179475717193,0.734008867524686,0.8984539890111101,0.9844640788156352,0.997453723622799,1.0
random,35,20270962,13,16,1.0,0.5,0.5,4,2.052961681819954,0.17540457668959458,0.17540457668959458,0.17540457668959458,0.0,0.6399430077414754,0.40952705315720606,0.6953350100577849,0.40952705315720617,1.1102230246251565e-16,15.601053757689664,26.55764384481988,34.93945886042083,2.687650681570833,0.6928159661012354,0.9039318564108335,1.0,0.997453723622799,1.0
random,36,20270963,13,16,1.0,0.5,0.5,4,1.8532141086557246,0.17540457668959458,0.17540457668959458,0.17540457668959492,3.3306690738754696e-16,0.5907923455589837,0.34903559557108566,0.6458694090733743,0.34903559557108566,0.0,13.141972055937266,24.717340321724972,35.28564657243591,2.7142805055719927,0.635874179978602,0.8720508093264503,1.0,0.997453723622799,1.0
random,37,20270964,13,16,1.0,0.5,0.5,4,1.5230119271630094,0.17540457668959458,0.17540457668959458,0.17540457668959458,0.0,0.5016929094352124,0.2516957753775682,0.5536450817548926,0.25169577537756826,5.551115123125783e-17,11.048587140809444,23.223990656439703,31.20849520944025,2.40065347764925,0.5830345529460184,0.8452970336220607,0.9798900216121121,0.997453723622799,1.0
random,38,20270965,13,16,1.0,0.5,0.5,4,1.3856033768823035,0.17540457668959458,0.17540457668959458,0.17540457668959492,3.3306690738754696e-16,0.46191122881812,0.21336198330826564,0.5115659875231686,0.21336198330826572,8.326672684688674e-17,13.455424850476795,25.43384594121384,37.130460060271055,2.856189235405466,0.6434126991253684,0.8846000081608143,1.0,0.997453723622799,1.0
random,39,20270966,13,16,1.0,0.5,0.5,4,1.7699114411196006,0.17540457668959458,0.17540457668959458,0.17540457668959458,0.0,0.5692165763716003,0.3240075108162059,0.6238194863719311,0.3240075108162057,1.6653345369377348e-16,13.550906982236551,25.00263279902304,32.39312088440486,2.4917785295696047,0.645691550010795,0.8770690627320117,0.9983143567183256,0.997453723622799,1.0
random,40,20270967,13,16,1.0,0.5,0.5,4,2.429687147788612,0.17540457668959458,0.17540457668959458,0.17540457668959458,0.0,0.7224221952893343,0.521893828246661,0.7755742418687159,0.5218938282466611,1.1102230246251565e-16,16.962908494407344,27.463372623221296,31.38541541312469,2.4142627240865147,0.7224221952893343,0.9192165936205892,0.9826635827576711,0.997453723622799,1.0
random,41,20270968,13,16,1.0,0.5,0.5,4,2.366863354896568,0.17540457668959458,0.17540457668959458,0.17540457668959492,3.3306690738754696e-16,0.70960654039162,0.5035414421665638,0.7633618908748305,0.5035414421665637,1.1102230246251565e-16,17.941251059042028,26.069486200213206,29.30183294813822,2.253987149856786,0.7429631649917704,0.8955857129522232,0.9494854520890263,0.997453723622799,1.0
random,42,20270969,13,16,1.0,0.5,0.5,4,1.5432683213583163,0.17540457668959458,0.17540457668959458,0.17540457668959492,3.3306690738754696e-16,0.507427919581948,0.25748309357126387,0.5596688642328616,0.25748309357126387,0.0,12.336426522892458,23.219060306802454,32.21982139501377,2.478447799616444,0.6160778702644996,0.8452073024643221,0.9956403417271014,0.997453723622799,1.0
random,43,20270970,13,16,1.0,0.5,0.5,4,1.5812794034770898,0.17540457668959458,0.17540457668959458,0.17540457668959458,0.0,0.5180975053597124,0.26842502505995725,0.570845727914306,0.2684250250599572,5.551115123125783e-17,11.437920053068968,24.175535615021197,31.522617364543656,2.424816720349512,0.593218176012076,0.8624401635337658,0.9848091069577076,0.997453723622799,1.0
random,44,20270971,13,16,1.0,0.5,0.5,4,1.9025184353907791,0.17540457668959458,0.17540457668959458,0.17540457668959492,3.3306690738754696e-16,0.6032663164711835,0.3639302485887101,0.6585271959845296,0.36393024858871004,5.551115123125783e-17,13.91553762215729,24.775252779265685,29.163238757237377,2.243326058249029,0.654321085673177,0.8730718143709432,0.9472373138524027,0.997453723622799,1.0
random,45,20270972,13,16,1.0,0.5,0.5,4,1.6355173750223264,0.17540457668959458,0.17540457668959458,0.17540457668959458,0.0,0.533110934801158,0.28420726880456454,0.5865050079424265,0.28420726880456443,1.1102230246251565e-16,12.072784223791487,24.46703979139833,33.70076121707668,2.592366247467437,0.6094592040744683,0.8676241561413043,1.0,0.997453723622799,1.0
random,46,20270973,13,16,1.0,0.5,0.5,4,1.757969693868558,0.17540457668959458,0.17540457668959458,0.17540457668959458,0.0,0.5660726583655109,0.32043825454899644,0.620590508046398,0.3204382545489964,5.551115123125783e-17,16.27714553398775,26.406454095990906,36.682012392499594,2.8216932609615073,0.7076687926131994,0.9013551916323189,1.0,0.997453723622799,1.0
random,47,20270974,13,16,1.0,0.5,0.5,4,2.2134385325673644,0.17540457668959458,0.17540457668959458,0.17540457668959458,0.0,0.6767267335041861,0.4579590718392457,0.7315846771037386,0.45795907183924567,5.551115123125783e-17,17.85860583602966,26.06682951497429,37.1000613813607,2.8538508754892846,0.7412499837008543,0.8955400781831745,1.0,0.997453723622799,1.0
random,48,20270975,13,16,1.0,0.5,0.5,4,1.6144249487685465,0.17540457668959458,0.17540457668959458,0.17540457668959492,3.3306690738754696e-16,0.5273021350588096,0.2780475416375791,0.5804559199667576,0.27804754163757905,5.551115123125783e-17,13.769802803582563,23.8590445042158,32.36247168489517,2.4894208988380897,0.6508857765881845,0.8567762997887357,0.9978419604802766,0.997453723622799,1.0
random,49,20270976,13,16,1.0,0.5,0.5,4,1.873605143525791,0.17540457668959458,0.17540457668959458,0.17540457668959458,0.0,0.5959781604749942,0.3551899677631579,0.6511398778112498,0.35518996776315787,5.551115123125783e-17,13.327822524640544,25.239913956425223,29.629158532714982,2.2791660409780756,0.6403545818970259,0.8812210361393923,0.954773990659187,0.997453723622799,1.0
aligned,0,20270927,14,16,1.0,0.5,0.5,4,7.0,0.17540457668959458,0.17540457668959458,0.17540457668959458,0.0,0.9989056556461261,0.997812508881817,0.9995347418419289,0.9978125088818174,3.3306690738754696e-16,32.4315049664425,61.119272295676595,78.54981213086751,5.610700866490537,0.9989056556461261,1.0,1.0,0.9989056556461261,1.0
alternating,0,20270927,14,16,1.0,0.5,0.5,4,0.0,0.17540457668959458,0.17540457668959458,0.17540457668959458,0.0,0.0,0.0,0.0,-1.0522165704825172e-16,1.0522165704825172e-16,49.0,98.00000000000003,196.00000000000003,14.000000000000002,1.0,1.0,1.0,0.9989056556461261,1.0
orthogonal,0,20270927,14,16,1.0,0.5,0.5,4,1.8708286933869707,0.17540457668959458,0.17540457668959458,0.17540457668959458,0.0,0.5952742843195126,0.3543514735721079,0.6504251938767018,0.35435147357210794,5.551115123125783e-17,11.517345666370263,14.0,14.218688236841157,1.015620588345797,0.5952742843195126,0.6563038300445778,0.661409893361791,0.9989056556461261,1.0
clustered,0,20270927,14,16,1.0,0.5,0.5,4,3.605551275463989,0.17540457668959458,0.17540457668959458,0.17540457668959458,0.0,0.8961519540768775,0.803088324795806,0.928576542270148,0.8030883247958058,2.220446049250313e-16,26.102461897671024,42.185491265878106,55.45796806591458,3.9612834332796125,0.8961519540768774,1.0,1.0,0.9989056556461261,1.0
random,0,20270927,14,16,1.0,0.5,0.5,4,2.323532526325628,0.17540457668959458,0.17540457668959458,0.17540457668959492,3.3306690738754696e-16,0.7005479403165857,0.49076741668181056,0.7546695786238176,0.49076741668181056,0.0,17.887403127175574,28.818358408668082,35.96262822097015,2.568759158640725,0.741847381771291,0.9416197087657879,1.0,0.9989056556461261,1.0
random,1,20270928,14,16,1.0,0.5,0.5,4,2.186441060315733,0.17540457668959458,0.17540457668959458,0.17540457668959458,0.0,0.6707090944662555,0.44985068939974443,0.7257030148777959,0.4498506893997444,5.551115123125783e-17,15.643724621015863,29.312083027621163,37.63698041240247,2.688355743743034,0.6937627889498235,0.9496515074071925,1.0,0.9989056556461261,1.0
random,2,20270929,14,16,1.0,0.5,0.5,4,1.7731230410951444,0.17540457668959458,0.17540457668959458,0.17540457668959458,0.0,0.5700599319912966,0.32496832606192166,0.6246849815500588,0.32496832606192155,1.1102230246251565e-16,14.84095148887376,28.740857781858615,38.789852615704035,2.770703758264574,0.6757278110349836,0.9403527169754891,1.0,0.9989056556461261,1.0
random,3,20270930,14,16,1.0,0.5,0.5,4,1.8353630677481412,0.17540457668959458,0.17540457668959458,0.17540457668959458,0.0,0.5862214996085858,0.3436556466033392,0.6412143819326794,0.3436556466033391,1.1102230246251565e-16,15.245544099294044,27.760946498719026,36.37905111481406,2.598503651058147,0.6848766900570753,0.9241831699619094,1.0,0.9989056556461261,1.0
random,4,20270931,14,16,1.0,0.5,0.5,4,1.4660747970874306,0.17540457668959458,0.17540457668959458,0.17540457668959458,0.0,0.4853926229231963,0.2356059983882602,0.5364643802212987,0.23560599838826024,2.7755575615628914e-17,12.614499663914213,24.983711882676683,33.95302563004452,2.4252161164317516,0.6229826268507689,0.8767371358650713,1.0,0.9989056556461261,1.0
random,5,20270932,14,16,1.0,0.5,0.5,4,1.2796514427799566,0.17540457668959458,0.17540457668959458,0.17540457668959458,0.0,0.43023117341517503,0.1850988625781984,0.47771409149670396,0.1850988625781985,8.326672684688674e-17,10.993541487512042,25.147690728411952,38.09817162469044,2.7212979731921743,0.5815803583520217,0.879609631656262,1.0,0.9989056556461261,1.0
random,6,20270933,14,16,1.0,0.5,0.5,4,2.4391665370408715,0.17540457668959458,0.17540457668959458,0.17540457668959492,3.3306690738754696e-16,0.7243232610878777,0.5246441865529778,0.7773771077418883,0.5246441865529778,0.0,17.946773282217947,29.97776702549434,34.22548520293179,2.4446775144951283,0.7430774962816539,0.9603743691895194,1.0,0.9989056556461261,1.0
random,7,20270934,14,16,1.0,0.5,0.5,4,1.9192864372612763,0.17540457668959458,0.17540457668959458,0.17540457668959458,0.0,0.6074579281592322,0.36900513448350686,0.6627651902901579,0.3690051344835068,5.551115123125783e-17,15.419756895621996,29.74020933936503,35.10549637572553,2.5075354554089664,0.6887786617189717,0.9565615753147751,1.0,0.9989056556461261,1.0
random,8,20270935,14,16,1.0,0.5,0.5,4,1.3602302196118108,0.17540457668959458,0.17540457668959458,0.17540457668959492,3.3306690738754696e-16,0.4544022293946829,0.20648138607885802,0.503568422136528,0.2064813860788581,8.326672684688674e-17,14.862744706655292,26.810073051965244,38.93452530087179,2.781037521490842,0.6762237657962198,0.9082176122834765,1.0,0.9989056556461261,1.0
random,9,20270936,14,16,1.0,0.5,0.5,4,1.4073811312447173,0.17540457668959458,0.17540457668959458,0.17540457668959458,0.0,0.4683163507972092,0.21932020442401468,0.5183745030688647,0.21932020442401454,1.3877787807814457e-16,11.829960651735485,27.384661294106685,40.02989231628644,2.8592780225918886,0.6032989520345786,0.9178983892460619,1.0,0.9989056556461261,1.0
random,10,20270937,14,16,1.0,0.5,0.5,4,2.0178720633886225,0.17540457668959458,0.17540457668959458,0.17540457668959458,0.0,0.6315767360690285,0.3988891735436073,0.6869946865139878,0.3988891735436074,1.1102230246251565e-16,15.782337238379357,28.174345999159172,37.57236258145491,2.6837401843896362,0.6968295840652003,0.9310389342763716,1.0,0.9989056556461261,1.0
random,11,20270938,14,16,1.0,0.5,0.5,4,1.8620443364836592,0.17540457668959458,0.17540457668959458,0.17540457668959458,0.0,0.5930426787760241,0.3516996188498425,0.6481579028920439,0.35169961884984263,1.1102230246251565e-16,17.77557875984652,29.0437330783886,37.530031977788,2.6807165698419997,0.7395248905557373,0.9452945178908158,1.0,0.9989056556461261,1.0
random,12,20270939,14,16,1.0,0.5,0.5,4,2.1801482165035244,0.17540457668959458,0.17540457668959458,0.17540457668959458,0.0,0.6692964940161453,0.4479577969023041,0.7243194994159803,0.4479577969023039,1.6653345369377348e-16,18.867007049189336,30.72592625353472,36.8955406724851,2.635395762320364,0.7618902690122579,0.972284612929591,1.0,0.9989056556461261,1.0
random,13,20270940,14,16,1.0,0.5,0.5,4,2.0201080717208315,0.17540457668959458,0.17540457668959458,0.17540457668959458,0.0,0.6321132939102352,0.39956721633804737,0.6875305979503961,0.39956721633804737,0.0,17.420374119056248,28.969161882084062,33.08150867750201,2.3629649055358577,0.7320987405093433,0.9440801931207485,1.0,0.9989056556461261,1.0
random,14,20270941,14,16,1.0,0.5,0.5,4,2.0452052323231342,0.17540457668959458,0.17540457668959458,0.17540457668959458,0.0,0.638103595644232,0.40717619877409755,0.6935042278497745,0.4071761987740976,5.551115123125783e-17,14.005741474299587,27.468563048158522,31.13723898446577,2.224088498890412,0.6564383930916272,0.9193034529329535,0.978770724372718,0.9989056556461261,1.0
random,15,20270942,14,16,1.0,0.5,0.5,4,2.011625278886895,0.17540457668959458,0.17540457668959458,0.17540457668959458,0.0,0.6300752690559925,0.3969948446759814,0.6854942939270858,0.39699484467598134,5.551115123125783e-17,17.69156660330175,28.813084961948626,40.19706172360087,2.871218694542919,0.7377752241908953,0.9415335517321983,1.0,0.9989056556461261,1.0
random,16,20270943,14,16,1.0,0.5,0.5,4,1.743731230037316,0.17540457668959458,0.17540457668959458,0.17540457668959458,0.0,0.5623075306503696,0.3161897590261164,0.6167183060790598,0.31618975902611646,5.551115123125783e-17,13.376147763720338,28.07090121895323,39.36913149896846,2.81208082135489,0.641514459584628,0.9293281636974314,1.0,0.9989056556461261,1.0
random,17,20270944,14,16,1.0,0.5,0.5,4,2.1693937996628803,0.17540457668959458,0.17540457668959458,0.17540457668959458,0.0,0.6668736736349141,0.44472049658732593,0.72194407859769,0.444720496587326,5.551115123125783e-17,16.888735743076392,28.159617238645858,34.0434574544642,2.4316755324617287,0.7208410175608886,0.9307955418980662,1.0,0.9989056556461261,1.0
random,18,20270945,14,16,1.0,0.5,0.5,4,1.5405589045352441,0.17540457668959458,0.17540457668959458,0.17540457668959458,0.0,0.5066627948719341,0.25670718770743955,0.5588658576326682,0.2567071877074396,5.551115123125783e-17,13.911715199567487,27.140109859004838,39.13517000725503,2.795369286232502,0.6542312126282056,0.9137906742346754,1.0,0.9989056556461261,1.0
random,19,20270946,14,16,1.0,0.5,0.5,4,1.763794491860862,0.17540457668959458,0.17540457668959458,0.17540457668959492,3.3306690738754696e-16,0.5676077444991888,0.32217855161545644,0.6221676234565114,0.32217855161545633,1.1102230246251565e-16,16.41143978299189,29.416429378149875,41.823430339015765,2.987387881358269,0.7105820992038213,0.9513403098895364,1.0,0.9989056556461261,1.0
random,20,20270947,14,16,1.0,0.5,0.5,4,1.4357912758331992,0.17540457668959458,0.17540457668959458,0.17540457668959458,0.0,0.47661616057001105,0.22716296451649856,0.5271783623088298,0.2271629645164985,5.551115123125783e-17,13.74513237921719,27.521908548868268,37.64338357306795,2.6888131123619963,0.6503024411787068,0.9201956895609379,1.0,0.9989056556461261,1.0
random,21,20270948,14,16,1.0,0.5,0.5,4,2.2892090233368694,0.17540457668959458,0.17540457668959458,0.17540457668959492,3.3306690738754696e-16,0.6932452452536085,0.48058897006673584,0.747626977474692,0.48058897006673595,1.1102230246251565e-16,16.86870890730444,29.23002718713009,33.43966465201074,2.3885474751436244,0.7204135004550101,0.9483213551937538,1.0,0.9989056556461261,1.0
random,22,20270949,14,16,1.0,0.5,0.5,4,1.4573370510575232,0.17540457668959458,0.17540457668959458,0.17540457668959458,0.0,0.48286787498799216,0.23316138469541922,0.53379554979105,0.23316138469541933,1.1102230246251565e-16,12.070383781175961,26.92809684915414,39.88813897042755,2.8491527836019674,0.6093986113997795,0.9102145031563834,1.0,0.9989056556461261,1.0
random,23,20270950,14,16,1.0,0.5,0.5,4,1.7931952094885226,0.17540457668959458,0.17540457668959458,0.17540457668959458,0.0,0.5753099550840938,0.330981544418862,0.6300663233394914,0.3309815444188619,1.1102230246251565e-16,16.585282479420663,29.783470961263788,41.963432888821934,2.997388063487281,0.7143357034251706,0.9572570540590528,1.0,0.9989056556461261,1.0
random,24,20270951,14,16,1.0,0.5,0.5,4,1.6131798603040464,0.17540457668959458,0.17540457668959458,0.17540457668959458,0.0,0.5269580542476756,0.27768479093649623,0.5800972227776242,0.2776847909364962,5.551115123125783e-17,12.802848955507494,27.859385112631127,36.823780865170676,2.6302700617979053,0.6276163253524254,0.9258202684071843,1.0,0.9989056556461261,1.0
random,25,20270952,14,16,1.0,0.5,0.5,4,1.4305443976273946,0.17540457668959458,0.17540457668959458,0.17540457668959492,3.3306690738754696e-16,0.475088129355372,0.22570873065438665,0.5255591361691989,0.22570873065438665,0.0,11.650036499316183,25.652729217985176,37.68488479279466,2.691777485199619,0.5986935287077134,0.8883982805541587,1.0,0.9989056556461261,1.0
random,26,20270953,14,16,1.0,0.5,0.5,4,1.4798056641609714,0.17540457668959458,0.17540457668959458,0.17540457668959492,3.3306690738754696e-16,0.4893476910029342,0.23946116268990314,0.5406410441397334,0.239461162689903,1.3877787807814457e-16,11.448772429006777,26.999646093722866,33.35202228472277,2.3822873060516265,0.5934995339989304,0.9114229427588832,1.0,0.9989056556461261,1.0
random,27,20270954,14,16,1.0,0.5,0.5,4,1.701237632098345,0.17540457668959458,0.17540457668959458,0.17540457668959458,0.0,0.5509644057058557,0.30356177635480674,0.6050188662842393,0.30356177635480674,0.0,15.580390870623486,27.7049462079804,36.99811727567436,2.642722662548169,0.6923570124461665,0.9232505531146091,1.0,0.9989056556461261,1.0
random,28,20270955,14,16,1.0,0.5,0.5,4,1.8753995450724934,0.17540457668959458,0.17540457668959458,0.17540457668959492,3.3306690738754696e-16,0.5964326971268027,0.35573196220195236,0.6516012792334238,0.35573196220195236,0.0,14.717038211439952,25.72611237602846,30.125031718691176,2.1517879799065125,0.6729009316786957,0.8896680658023469,0.9627303814057533,0.9989056556461261,1.0
random,29,20270956,14,16,1.0,0.5,0.5,4,1.9655608985137436,0.17540457668959458,0.17540457668959458,0.17540457668959458,0.0,0.618891098248661,0.3830261914914337,0.6742844939084798,0.3830261914914337,0.0,14.60155949088694,28.970357959222028,38.8264164889514,2.773315463496529,0.6702557400991284,0.9440996824847268,1.0,0.9989056556461261,1.0
random,30,20270957,14,16,1.0,0.5,0.5,4,2.199347022707819,0.17540457668959458,0.17540457668959458,0.17540457668959458,0.0,0.673594426524131,0.453729451444373,0.728525600037941,0.45372945144437293,5.551115123125783e-17,15.44132973436085,28.881110943246426,32.974943497774596,2.3553531069838995,0.6892603073661907,0.942644348868413,1.0,0.9989056556461261,1.0
random,31,20270958,14,16,1.0,0.5,0.5,4,2.0172056351087866,0.17540457668959458,0.17540457668959458,0.17540457668959492,3.3306690738754696e-16,0.6314167280410231,0.3986870844500313,0.6868348444676025,0.3986870844500314,1.1102230246251565e-16,17.001756284276983,30.000667877946583,35.97264530655966,2.5694746647542615,0.7232489537418583,0.9607411275436568,1.0,0.9989056556461261,1.0
random,32,20270959,14,16,1.0,0.5,0.5,4,1.4189509370701616,0.17540457668959458,0.17540457668959458,0.17540457668959458,0.0,0.471704071749052,0.2225047313046348,0.5219705305079865,0.22250473130463477,2.7755575615628914e-17,11.78744657252834,25.232195610252788,34.095145712457,2.4353675508897856,0.6022139194834345,0.881086287481349,1.0,0.9989056556461261,1.0
random,33,20270960,14,16,1.0,0.5,0.5,4,1.5450334382469801,0.17540457668959458,0.17540457668959458,0.17540457668959492,3.3306690738754696e-16,0.5079260512256911,0.2579888735137234,0.5601915515411096,0.25798887351372335,5.551115123125783e-17,13.428706984497829,27.797537667102308,37.589105153960986,2.684936082425785,0.6427735830585484,0.9247920434015037,1.0,0.9989056556461261,1.0
random,34,20270961,14,16,1.0,0.5,0.5,4,2.6222410142744415,0.17540457668959458,0.17540457668959458,0.17540457668959458,0.0,0.7593642819762438,0.5766341127412964,0.8101829465674624,0.5766341127412965,1.1102230246251565e-16,19.68996416071232,29.815579893206593,34.05579991630866,2.43255713687919,0.7783293072355837,0.9577729143832141,1.0,0.9989056556461261,1.0
random,35,20270962,14,16,1.0,0.5,0.5,4,2.341671067649139,0.17540457668959458,0.17540457668959458,0.17540457668959492,3.3306690738754696e-16,0.70436172269656,0.4961254364000658,0.7583351082637027,0.4961254364000658,0.0,18.72620056733593,30.68357445969576,38.50823024618739,2.7505878747276706,0.7590419105715942,0.9716142963280724,1.0,0.9989056556461261,1.0
random,36,20270963,14,16,1.0,0.5,0.5,4,1.9329423542130262,0.17540457668959458,0.17540457668959458,0.17540457668959492,3.3306690738754696e-16,0.6108524898396112,0.3731407643432523,0.6661915371794587,0.3731407643432523,0.0,14.806616356633201,27.55619624713917,38.943286442799526,2.781663317342823,0.6749456968106853,0.9207687161603487,1.0,0.9989056556461261,1.0
random,37,20270964,14,16,1.0,0.5,0.5,4,1.6958096335701276,0.17540457668959458,0.17540457668959458,0.17540457668959458,0.0,0.5495040558225203,0.3019547073653995,0.6035090182055018,0.30195470736539953,5.551115123125783e-17,12.265498680871076,25.81853385731091,34.9619330121706,2.4972809294407567,0.6143042584461471,0.8912647066682575,1.0,0.9989056556461261,1.0
random,38,20270965,14,16,1.0,0.5,0.5,4,1.2983406104424713,0.17540457668959458,0.17540457668959458,0.17540457668959492,3.3306690738754696e-16,0.4358806133475434,0.18999190909223063,0.48377169694696676,0.18999190909223074,1.1102230246251565e-16,13.455424850476795,28.314286643929044,42.691672378731965,3.0494051699094262,0.6434126991253684,0.9333482834094387,1.0,0.9989056556461261,1.0
random,39,20270966,14,16,1.0,0.5,0.5,4,1.9698666215615959,0.17540457668959458,0.17540457668959458,0.17540457668959458,0.0,0.6199448567453553,0.3843316254050191,0.6753431702141985,0.384331625405019,1.1102230246251565e-16,14.939023794729598,28.627302240008806,35.245103578855606,2.5175073984896863,0.6779568144393574,0.938493204873205,1.0,0.9989056556461261,1.0
random,40,20270967,14,16,1.0,0.5,0.5,4,2.6636837251049434,0.17540457668959458,0.17540457668959458,0.17540457668959458,0.0,0.7668570955058852,0.5880698049277223,0.8170878414883864,0.5880698049277225,2.220446049250313e-16,19.41538089414355,30.577605250351134,34.26907536047443,2.4477910971767454,0.7728832198479811,0.9699350550487708,1.0,0.9989056556461261,1.0
random,41,20270968,14,16,1.0,0.5,0.5,4,2.445694747794336,0.17540457668959458,0.17540457668959458,0.17540457668959492,3.3306690738754696e-16,0.7256274985526989,0.526535266655847,0.7786126514914504,0.5265352666558472,1.1102230246251565e-16,18.44671132996891,28.962350477469695,32.12914300198292,2.2949387858559227,0.7533562518302477,0.9439691976723884,0.9942383060504244,0.9989056556461261,1.0
random,42,20270969,14,16,1.0,0.5,0.5,4,1.6756116651308726,0.17540457668959458,0.17540457668959458,0.17540457668959492,3.3306690738754696e-16,0.5440474225901571,0.29598759802699304,0.5978602375199156,0.29598759802699304,0.0,14.24848263965805,26.184872396129872,34.69921509830817,2.4785153641648696,0.6621025029723422,0.8975655013861532,1.0,0.9989056556461261,1.0
random,43,20270970,14,16,1.0,0.5,0.5,4,1.6277334585321002,0.17540457668959458,0.17540457668959458,0.17540457668959458,0.0,0.530971691312613,0.2819309369753768,0.5842786975457979,0.2819309369753767,1.1102230246251565e-16,12.51384247558765,26.339678821409443,33.98339075379216,2.427385053842297,0.6204921089315887,0.9002148200661377,1.0,0.9989056556461261,1.0
random,44,20270971,14,16,1.0,0.5,0.5,4,1.9986922401549034,0.17540457668959458,0.17540457668959458,0.17540457668959492,3.3306690738754696e-16,0.6269551356541414,0.39307274212310284,0.6823729490831285,0.39307274212310284,0.0,15.374019769821242,27.923553338256344,32.06866444383395,2.290618888845282,0.6877563968543949,0.9268858711542813,0.9933021089277114,0.9989056556461261,1.0
random,45,20270972,14,16,1.0,0.5,0.5,4,1.7901346365429631,0.17540457668959458,0.17540457668959458,0.17540457668959458,0.0,0.5745117677336622,0.3300637712644574,0.629248896862348,0.33006377126445724,1.6653345369377348e-16,15.150813136755204,28.5737775034469,40.535501776381906,2.895392984027279,0.6827455714036323,0.9376154395985935,1.0,0.9989056556461261,1.0
random,46,20270973,14,16,1.0,0.5,0.5,4,2.0150286913921263,0.17540457668959458,0.17540457668959458,0.17540457668959492,3.3306690738754696e-16,0.6308937594538695,0.3980269357178369,0.6863123326385716,0.3980269357178369,0.0,18.497791492321003,30.889748443126155,39.66325243001126,2.833089459286519,0.7543985773778451,0.9748731442779498,1.0,0.9989056556461261,1.0
random,47,20270974,14,16,1.0,0.5,0.5,4,2.132533892443726,0.17540457668959458,0.17540457668959458,0.17540457668959458,0.0,0.6584864873193526,0.43360445398217984,0.7136970131352065,0.43360445398217995,1.1102230246251565e-16,18.744226546516444,29.271759886389084,43.0946658076439,3.078190414831707,0.7594071523754284,0.9489980889808411,1.0,0.9989056556461261,1.0
random,48,20270975,14,16,1.0,0.5,0.5,4,1.5417140105170242,0.17540457668959458,0.17540457668959458,0.17540457668959492,3.3306690738754696e-16,0.5069890650732888,0.25703791210388743,0.5592083060847219,0.2570379121038875,5.551115123125783e-17,14.166705780614736,25.55770653077745,35.63878551335127,2.545627536667948,0.6601997538584771,0.8867513541883305,1.0,0.9989056556461261,1.0
random,49,20270976,14,16,1.0,0.5,0.5,4,1.9594237616858117,0.17540457668959458,0.17540457668959458,0.17540457668959458,0.0,0.6173861601760474,0.3811656707769241,0.6727716401813801,0.381165670776924,1.1102230246251565e-16,14.262734003725765,28.516427515475215,36.265640581560916,2.5904028986829224,0.6624335384164242,0.936674030247959,1.0,0.9989056556461261,1.0
aligned,0,20270927,15,16,1.0,0.5,0.5,4,7.5,0.17540457668959458,0.17540457668959458,0.17540457668959458,0.0,0.999557989159741,0.9991161736930649,0.9998231654295984,0.9991161736930652,2.220446049250313e-16,32.47387746771325,65.95232170500398,85.55996348649464,5.70399756576631,0.9995579891597411,1.0,1.0,0.999557989159741,1.0
alternating,0,20270927,15,16,1.0,0.5,0.5,4,0.5,0.17540457668959458,0.17540457668959458,0.17540457668959458,0.0,0.17540457668959458,0.030766765523655867,0.1974126513658474,0.030766765523655756,1.1102230246251565e-16,64.0,113.00000000000003,225.00000000000006,15.000000000000004,1.0,1.0,1.0,0.999557989159741,1.0
orthogonal,0,20270927,15,16,1.0,0.5,0.5,4,1.9364916731037085,0.17540457668959458,0.17540457668959458,0.17540457668959458,0.0,0.611731959599471,0.37421599039540887,0.6670783919344341,0.37421599039540887,0.0,12.162994192798156,15.0,15.234314934543429,1.0156209956362285,0.611731959599471,0.6793390043673615,0.6846244193020188,0.999557989159741,1.0
clustered,0,20270927,15,16,1.0,0.5,0.5,4,3.774917217635375,0.17540457668959458,0.17540457668959458,0.17540457668959458,0.0,0.91190598129512,0.8315725187218158,0.9409013314899692,0.8315725187218156,2.220446049250313e-16,27.0282723766474,46.334685970711,59.451621481232294,3.9634414320821527,0.9119059812951199,1.0,1.0,0.999557989159741,1.0
random,0,20270927,15,16,1.0,0.5,0.5,4,2.338048332955402,0.17540457668959458,0.17540457668959458,0.17540457668959492,3.3306690738754696e-16,0.7036025205633961,0.4950565069431643,0.7576061051159202,0.4950565069431643,0.0,18.078010284878633,31.348921086008644,38.65107373652142,2.5767382491014277,0.7457894498912545,0.9820921059008769,1.0,0.999557989159741,1.0
random,1,20270928,15,16,1.0,0.5,0.5,4,2.2362662721844777,0.17540457668959458,0.17540457668959458,0.17540457668959458,0.0,0.681760885212162,0.4647979046052708,0.7364898639028046,0.4647979046052708,0.0,18.894543334574617,33.08030910142659,45.489875832174896,3.03265838881166,0.7624460534696288,1.0,1.0,0.999557989159741,1.0
random,2,20270929,15,16,1.0,0.5,0.5,4,1.9602209576145309,0.17540457668959458,0.17540457668959458,0.17540457668959458,0.0,0.617581844333989,0.3814073344509714,0.6729684128286895,0.38140733445097125,1.6653345369377348e-16,17.61451663826655,33.33819880342092,43.772917961304415,2.9181945307536274,0.7361668990263567,1.0,1.0,0.999557989159741,1.0
random,3,20270930,15,16,1.0,0.5,0.5,4,2.042605570596665,0.17540457668959458,0.17540457668959458,0.17540457668959458,0.0,0.6374858341379455,0.40638818872655214,0.6928889927818798,0.40638818872655186,2.7755575615628914e-16,17.833983295881893,31.389748893117506,39.27242694842515,2.618161796561677,0.740738808499456,0.9827314200945153,1.0,0.999557989159741,1.0
random,4,20270931,15,16,1.0,0.5,0.5,4,1.433220827596281,0.17540457668959458,0.17540457668959458,0.17540457668959458,0.0,0.475867850350566,0.22645021099726867,0.5263854829671879,0.22645021099726867,0.0,13.494125693287838,27.58280511097866,36.938102858612595,2.462540190574173,0.6443373349047276,0.9212131660664524,1.0,0.999557989159741,1.0
random,5,20270932,15,16,1.0,0.5,0.5,4,1.2431406250322037,0.17540457668959458,0.17540457668959458,0.17540457668959458,0.0,0.4191206923131433,0.17566215472504854,0.46577555291640405,0.17566215472504862,8.326672684688674e-17,11.70507126755119,28.050824755060212,40.91237390221251,2.727491593480834,0.6001059765794945,0.928995773932314,1.0,0.999557989159741,1.0
random,6,20270933,15,16,1.0,0.5,0.5,4,2.4276056970294255,0.17540457668959458,0.17540457668959458,0.17540457668959492,3.3306690738754696e-16,0.7220036195963022,0.5212892267101619,0.7751769816743126,0.521289226710162,1.1102230246251565e-16,17.946773282217947,32.68553792660883,36.79740999718935,2.45316066647929,0.7430774962816539,1.0,1.0,0.999557989159741,1.0
random,7,20270934,15,16,1.0,0.5,0.5,4,1.8868921589299394,0.17540457668959458,0.17540457668959458,0.17540457668959458,0.0,0.5993369020563913,0.3592047221665524,0.6545472168710473,0.3592047221665524,0.0,15.419756895621996,32.30980604810591,39.07893885214407,2.605262590142938,0.6887786617189717,0.9970297020635207,1.0,0.999557989159741,1.0
random,8,20270935,15,16,1.0,0.5,0.5,4,1.3724144868772679,0.17540457668959458,0.17540457668959458,0.17540457668959492,3.3306690738754696e-16,0.45801427439094344,0.20977707554586242,0.5074175692569918,0.20977707554586253,1.1102230246251565e-16,15.202623692366448,29.593701892999366,41.71705536586256,2.781137024390837,0.6839119522916776,0.9542025398828502,1.0,0.999557989159741,1.0
random,9,20270936,15,16,1.0,0.5,0.5,4,1.5317644915012483,0.17540457668959458,0.17540457668959458,0.17540457668959458,0.0,0.5041751074132617,0.2541925389351739,0.5562536291586659,0.25419253893517374,1.6653345369377348e-16,14.058427785048085,30.75210636456356,43.01627142588611,2.8677514283924075,0.6576719176715873,0.9726987436390839,1.0,0.999557989159741,1.0
random,10,20270937,15,16,1.0,0.5,0.5,4,2.218450181183734,0.17540457668959458,0.17540457668959458,0.17540457668959458,0.0,0.6778361883343188,0.45946189821559813,0.7326669087825024,0.45946189821559824,1.1102230246251565e-16,18.677588289830563,32.11121388862287,43.852604129843186,2.9235069419895456,0.7580560529806469,0.993960858581072,1.0,0.999557989159741,1.0
random,11,20270938,15,16,1.0,0.5,0.5,4,1.9303754052724817,0.17540457668959458,0.17540457668959458,0.17540457668959458,0.0,0.6102157133983495,0.3723632168782566,0.6655491947769958,0.37236321687825663,5.551115123125783e-17,19.12550513651441,31.61982475309564,40.692707988370415,2.7128471992246945,0.7670918667647406,0.9863263831397714,1.0,0.999557989159741,1.0
random,12,20270939,15,16,1.0,0.5,0.5,4,2.0619245956283594,0.17540457668959458,0.17540457668959458,0.17540457668959458,0.0,0.6420614997079118,0.41224296940717287,0.6974414996420801,0.4122429694071728,5.551115123125783e-17,18.867007049189336,32.77713834240482,41.59994969824497,2.773329979882998,0.7618902690122579,1.0,1.0,0.999557989159741,1.0
random,13,20270940,15,16,1.0,0.5,0.5,4,2.2262488872778627,0.17540457668959458,0.17540457668959458,0.17540457668959458,0.0,0.6795578775738839,0.46179890897272174,0.7343450130910256,0.4617989089727217,5.551115123125783e-17,18.99972412355752,32.10965030505366,35.5460363384835,2.3697357558989003,0.7645652732917199,0.9939366589386727,1.0,0.999557989159741,1.0
random,14,20270941,15,16,1.0,0.5,0.5,4,1.89329672759797,0.17540457668959458,0.17540457668959458,0.17540457668959458,0.0,0.6009501109471838,0.36114103584743246,0.6561820093721273,0.3611410358474325,5.551115123125783e-17,14.005741474299587,28.584981821884163,33.886260535628814,2.2590840357085877,0.6564383930916272,0.9377992499527154,1.0,0.999557989159741,1.0
random,15,20270942,15,16,1.0,0.5,0.5,4,1.8753492751665715,0.17540457668959458,0.17540457668959458,0.17540457668959458,0.0,0.5964199673448065,0.35571677744758007,0.6515883584203759,0.35571677744757996,1.1102230246251565e-16,17.69156660330175,31.18487947683182,45.07790278698519,3.0051935191323462,0.7377752241908953,0.9795192059103041,1.0,0.999557989159741,1.0
random,16,20270943,15,16,1.0,0.5,0.5,4,1.8509824161715638,0.17540457668959458,0.17540457668959458,0.17540457668959458,0.0,0.5902224901488183,0.34836258787747193,0.6452895451270058,0.348362587877472,5.551115123125783e-17,13.493244783186926,31.12538395520002,42.645544384503125,2.843036292300208,0.6443163030667507,0.9785843806148755,1.0,0.999557989159741,1.0
random,17,20270944,15,16,1.0,0.5,0.5,4,2.2160467888862536,0.17540457668959458,0.17540457668959458,0.17540457668959458,0.0,0.6773044348915411,0.45874129752374987,0.7321482874014527,0.45874129752374987,0.0,16.888735743076392,31.128459289366006,39.22905731508452,2.6152704876723014,0.7208410175608886,0.9786327237879343,1.0,0.999557989159741,1.0
random,18,20270945,15,16,1.0,0.5,0.5,4,1.7132999645088802,0.17540457668959458,0.17540457668959458,0.17540457668959458,0.0,0.5542004262006209,0.3071381124009499,0.6083616462471619,0.3071381124009499,0.0,16.408014649521387,30.169858165320235,42.158321874045065,2.8105547916030043,0.7105079446639108,0.9634463929323531,1.0,0.999557989159741,1.0
random,19,20270946,15,16,1.0,0.5,0.5,4,1.6546677156059035,0.17540457668959458,0.17540457668959458,0.17540457668959492,3.3306690738754696e-16,0.5383518592657188,0.28982272437485634,0.591952141657369,0.2898227243748562,1.6653345369377348e-16,16.41143978299189,31.34976648288339,45.7501591480664,3.0500106098710935,0.7105820992038213,0.9821053480152926,1.0,0.999557989159741,1.0
random,20,20270947,15,16,1.0,0.5,0.5,4,1.616724829855793,0.17540457668959458,0.17540457668959458,0.17540457668959458,0.0,0.5279373611859104,0.2787178573359424,0.5811180181573934,0.2787178573359425,1.1102230246251565e-16,15.110440013784977,31.600627804902196,43.540719920749815,2.902714661383321,0.6818352915942308,0.9860269296899279,1.0,0.999557989159741,1.0
random,21,20270948,15,16,1.0,0.5,0.5,4,2.4820970589676294,0.17540457668959458,0.17540457668959458,0.17540457668959492,3.3306690738754696e-16,0.732825741167684,0.5370335669179653,0.7854121781524701,0.5370335669179654,1.1102230246251565e-16,18.30489718863029,32.647359308807154,36.24389626751781,2.4162597511678543,0.7504548485666647,1.0,1.0,0.999557989159741,1.0
random,22,20270949,15,16,1.0,0.5,0.5,4,1.3888733609638375,0.17540457668959458,0.17540457668959458,0.17540457668959458,0.0,0.4628753329079015,0.21425357381460064,0.5125916028376996,0.21425357381460072,8.326672684688674e-17,13.409949393593763,29.77394116875795,43.84657874631251,2.923105249754167,0.6423245041852214,0.9571038954336673,1.0,0.999557989159741,1.0
random,23,20270950,15,16,1.0,0.5,0.5,4,1.8746297685637376,0.17540457668959458,0.17540457668959458,0.17540457668959458,0.0,0.5962377423785657,0.35549944543668893,0.6514033911382593,0.35549944543668893,0.0,16.585282479420663,33.44992829042322,47.12906164894076,3.1419374432627176,0.7143357034251706,1.0,1.0,0.999557989159741,1.0
random,24,20270951,15,16,1.0,0.5,0.5,4,1.6284082531496016,0.17540457668959458,0.17540457668959458,0.17540457668959458,0.0,0.5311573495462726,0.2821281299770212,0.5844719781422028,0.28212812997702114,5.551115123125783e-17,15.379386006127637,30.915966069458744,43.35129526581053,2.8900863510540353,0.6878764156069921,0.9752867675695891,1.0,0.999557989159741,1.0
random,25,20270952,15,16,1.0,0.5,0.5,4,1.4778946813470153,0.17540457668959458,0.17540457668959458,0.17540457668959492,3.3306690738754696e-16,0.4887981600338006,0.23892364125242896,0.540061025830114,0.2389236412524289,5.551115123125783e-17,14.26866877656504,29.490364970512633,44.81316485286677,2.9875443235244514,0.662571344523204,0.9525351144471246,1.0,0.999557989159741,1.0
random,26,20270953,15,16,1.0,0.5,0.5,4,1.5002054547975572,0.17540457668959458,0.17540457668959458,0.17540457668959492,3.3306690738754696e-16,0.49519547330812613,0.24521855678485907,0.5468071629929674,0.24521855678485902,5.551115123125783e-17,12.47113726436886,30.06979137119838,39.55084189960837,2.636722793307225,0.6194324467011426,0.9618472958130678,1.0,0.999557989159741,1.0
random,27,20270954,15,16,1.0,0.5,0.5,4,1.8048896103901235,0.17540457668959458,0.17540457668959458,0.17540457668959458,0.0,0.5783520815212999,0.33449113020002036,0.633179370894617,0.3344911302000203,5.551115123125783e-17,16.57814260181448,31.468565016912162,39.66682990937634,2.644455327291756,0.714181927976168,0.9839644105562234,1.0,0.999557989159741,1.0
random,28,20270955,15,16,1.0,0.5,0.5,4,2.0018726546815606,0.17540457668959458,0.17540457668959458,0.17540457668959492,3.3306690738754696e-16,0.6277238655341627,0.3940372513611516,0.6831424076093031,0.39403725136115164,5.551115123125783e-17,15.663748315471064,29.1712121875235,33.366301323533676,2.2244200882355782,0.6942066490920825,0.947366795604716,1.0,0.999557989159741,1.0
random,29,20270956,15,16,1.0,0.5,0.5,4,2.1200559850359304,0.17540457668959458,0.17540457668959458,0.17540457668959458,0.0,0.655618109961037,0.42983510610888237,0.7108681353787918,0.4298351061088824,5.551115123125783e-17,15.974433640478415,32.44926969773954,42.62060937947298,2.8413739586315323,0.7010575255924436,0.9991791992451723,1.0,0.999557989159741,1.0
random,30,20270957,15,16,1.0,0.5,0.5,4,2.190592387719706,0.17540457668959458,0.17540457668959458,0.17540457668959458,0.0,0.6716389151414447,0.45109883233237674,0.7266131055545029,0.4510988323323766,1.6653345369377348e-16,16.678759818908212,31.34831708605213,35.74569924827766,2.383046616551844,0.7163459308000025,0.9820826448663986,1.0,0.999557989159741,1.0
random,31,20270958,15,16,1.0,0.5,0.5,4,2.2002134195870826,0.17540457668959458,0.17540457668959458,0.17540457668959492,3.3306690738754696e-16,0.6737875565379831,0.4539896713454257,0.7287143693001745,0.4539896713454258,5.551115123125783e-17,19.53285769548537,33.44056259028798,40.70036881574233,2.7133579210494885,0.7752179388558649,1.0,1.0,0.999557989159741,1.0
random,32,20270959,15,16,1.0,0.5,0.5,4,1.5374683858318445,0.17540457668959458,0.17540457668959458,0.17540457668959458,0.0,0.5057893056805421,0.2558228217408049,0.5579488779899027,0.25582282174080495,5.551115123125783e-17,13.425947272862437,28.521873413290194,36.55079473993595,2.4367196493290635,0.642707531990349,0.9367634661973606,1.0,0.999557989159741,1.0
random,33,20270960,15,16,1.0,0.5,0.5,4,1.6999525132960587,0.17540457668959458,0.17540457668959458,0.17540457668959492,3.3306690738754696e-16,0.5506188897500599,0.30318116174958865,0.6046617130354215,0.30318116174958865,0.0,15.379253269435708,30.79891907743651,40.958594850317354,2.730572990021157,0.6878734471322806,0.9734388124774667,1.0,0.999557989159741,1.0
random,34,20270961,15,16,1.0,0.5,0.5,4,2.6925007458340358,0.17540457668959458,0.17540457668959458,0.17540457668959458,0.0,0.771972322799008,0.5959412671676958,0.821778215303866,0.5959412671676958,0.0,20.354584259410615,32.53073591831298,36.71794426460186,2.4478629509734575,0.7913562543133041,1.0,1.0,0.999557989159741,1.0
random,35,20270962,15,16,1.0,0.5,0.5,4,2.322127876302202,0.17540457668959458,0.17540457668959458,0.17540457668959492,3.3306690738754696e-16,0.7002512912200431,0.49035187085533766,0.7543841013532964,0.49035187085533755,1.1102230246251565e-16,19.52095064538305,33.024793078012095,42.50281906739748,2.833521271159832,0.774981619979054,1.0,1.0,0.999557989159741,1.0
random,36,20270963,15,16,1.0,0.5,0.5,4,1.8974325357272168,0.17540457668959458,0.17540457668959458,0.17540457668959492,3.3306690738754696e-16,0.6019898604540332,0.3623917920894664,0.657235062102774,0.3623917920894664,0.0,14.806616356633201,30.600138639932055,43.31710530558082,2.8878070203720543,0.6749456968106853,0.9702923737338922,1.0,0.999557989159741,1.0
random,37,20270964,15,16,1.0,0.5,0.5,4,1.588391892871385,0.17540457668959458,0.17540457668959458,0.17540457668959458,0.0,0.520080498016188,0.27048372441676616,0.572918632022914,0.27048372441676616,0.0,12.265498680871076,28.144350332046614,39.16229724360278,2.6108198162401854,0.6143042584461471,0.9305431894768261,1.0,0.999557989159741,1.0
random,38,20270965,15,16,1.0,0.5,0.5,4,1.5490996371443315,0.17540457668959458,0.17540457668959458,0.17540457668959492,3.3306690738754696e-16,0.5090725833065554,0.25915489507440975,0.5613942805752301,0.2591548950744098,5.551115123125783e-17,16.867692615344254,32.334638610412014,47.62981955144984,3.1753213034299894,0.7203917986910999,0.9974127753436368,1.0,0.999557989159741,1.0
random,39,20270966,15,16,1.0,0.5,0.5,4,2.0684868857425007,0.17540457668959458,0.17540457668959458,0.17540457668959458,0.0,0.6436077927691259,0.41423099091314614,0.6989776304575204,0.4142309909131461,5.551115123125783e-17,16.311505113540118,31.903314716079088,38.109637425567904,2.54064249503786,0.7084153112166637,0.9907380094136921,1.0,0.999557989159741,1.0
random,40,20270967,15,16,1.0,0.5,0.5,4,2.477135770608117,0.17540457668959458,0.17540457668959458,0.17540457668959458,0.0,0.7318521101895658,0.5356075111889202,0.7844944326288146,0.5356075111889204,1.1102230246251565e-16,19.41538089414355,33.11490844962636,37.316478727485226,2.487765248499015,0.7728832198479811,1.0,1.0,0.999557989159741,1.0
random,41,20270968,15,16,1.0,0.5,0.5,4,2.5646890930554433,0.17540457668959458,0.17540457668959458,0.17540457668959492,3.3306690738754696e-16,0.748690781276842,0.5605378859689281,0.8002781922705853,0.5605378859689278,2.220446049250313e-16,20.830629445059888,32.68150246960799,40.35881631797019,2.6905877545313457,0.8005567386802257,1.0,1.0,0.999557989159741,1.0
random,42,20270969,15,16,1.0,0.5,0.5,4,1.6952107506774405,0.17540457668959458,0.17540457668959458,0.17540457668959492,3.3306690738754696e-16,0.5493427745696494,0.30177748397188064,0.6033422202573502,0.30177748397188064,0.0,14.393489418757994,28.41589052706394,37.545327655639596,2.5030218437093064,0.6654630823825984,0.9350214120500397,1.0,0.999557989159741,1.0
random,43,20270970,15,16,1.0,0.5,0.5,4,1.7226956635943442,0.17540457668959458,0.17540457668959458,0.17540457668959458,0.0,0.5567122113511727,0.30992848626751274,0.6109535009089857,0.30992848626751274,0.0,13.814596864116947,30.03235935768842,38.937979018087184,2.5958652678724787,0.6519436037895592,0.9612484374396515,1.0,0.999557989159741,1.0
random,44,20270971,15,16,1.0,0.5,0.5,4,2.068885396257262,0.17540457668959458,0.17540457668959458,0.17540457668959492,3.3306690738754696e-16,0.6437015647543277,0.41435170446716996,0.6990707479966627,0.41435170446716996,0.0,15.991795854999474,31.111224257016623,34.725216092958476,2.315014406197232,0.7014384031210015,0.978361764312928,1.0,0.999557989159741,1.0
random,45,20270972,15,16,1.0,0.5,0.5,4,1.9227404684432468,0.17540457668959458,0.17540457668959458,0.17540457668959458,0.0,0.6083181465937992,0.370050967475315,0.6636339548513903,0.3700509674753148,2.220446049250313e-16,15.150813136755204,31.584529788670665,44.985854397258976,2.999056959817265,0.6827455714036323,0.9857757463961844,1.0,0.999557989159741,1.0
random,46,20270973,15,16,1.0,0.5,0.5,4,2.154647640298456,0.17540457668959458,0.17540457668959458,0.17540457668959492,3.3306690738754696e-16,0.6635337413304361,0.44027702588396606,0.7186643757723756,0.4402770258839659,1.6653345369377348e-16,19.476572361183706,34.19995903314613,42.51896766276955,2.8345978441846365,0.7741002099476886,1.0,1.0,0.999557989159741,1.0
random,47,20270974,15,16,1.0,0.5,0.5,4,2.1068891082611145,0.17540457668959458,0.17540457668959458,0.17540457668959458,0.0,0.6525754078810633,0.4258546629711361,0.7078627066111758,0.4258546629711364,2.7755575615628914e-16,19.343234076096703,31.00423157489063,46.17588909972423,3.078392606648282,0.771445880984828,0.9766780037995059,1.0,0.999557989159741,1.0
random,48,20270975,15,16,1.0,0.5,0.5,4,1.5219574689701225,0.17540457668959458,0.17540457668959458,0.17540457668959492,3.3306690738754696e-16,0.5013934421806122,0.25139538386172294,0.5533302309606016,0.2513953838617229,5.551115123125783e-17,14.531159247898042,27.638681186625295,38.46567509389563,2.564378339593042,0.66863799575479,0.9221457712596091,1.0,0.999557989159741,1.0
random,49,20270976,15,16,1.0,0.5,0.5,4,1.7287368389088345,0.17540457668959458,0.17540457668959458,0.17540457668959458,0.0,0.558323118364407,0.3117247045001556,0.6126144644472311,0.3117247045001554,2.220446049250313e-16,14.262734003725765,30.944776534713288,44.39799318613978,2.9598662124093185,0.6624335384164242,0.9757410946687917,1.0,0.999557989159741,1.0
aligned,0,20270927,16,16,1.0,0.5,0.5,4,8.0,0.17540457668959458,0.17540457668959458,0.17540457668959458,0.0,0.9998322546167919,0.9996645373720975,0.9999366575163338,0.9996645373720978,3.3306690738754696e-16,32.491700715288985,70.78537111433137,92.04298371674889,5.752686482296806,0.999832254616792,1.0,1.0,0.9998322546167919,1.0
alternating,0,20270927,16,16,1.0,0.5,0.5,4,0.0,0.17540457668959458,0.17540457668959458,0.17540457668959458,0.0,0.0,0.0,0.0,-1.246954770147934e-16,1.246954770147934e-16,64.0,128.00000000000003,255.99999999999991,15.999999999999995,1.0,1.0,1.0,0.9998322546167919,1.0
orthogonal,0,20270927,16,16,1.0,0.5,0.5,4,2.0,0.17540457668959458,0.17540457668959458,0.17540457668959458,0.0,0.6272713450233213,0.3934693402873666,0.6826894921370859,0.3934693402873666,0.0,12.788778202402748,16.0,16.249941254225938,1.0156213283891211,0.6272713450233213,0.7016183067583783,0.7070771756618592,0.9998322546167919,1.0
clustered,0,20270927,16,16,1.0,0.5,0.5,4,4.0,0.17540457668959458,0.17540457668959458,0.17540457668959458,0.0,0.9298734950321937,0.8646647167633872,0.9544997361036416,0.8646647167633872,0.0,28.43111853321037,51.155112809611,63.748549869757895,3.9842843668598684,0.9352719163358592,1.0,1.0,0.9998322546167919,1.0
random,0,20270927,16,16,1.0,0.5,0.5,4,2.3753944463254704,0.17540457668959458,0.17540457668959458,0.17540457668959492,3.3306690738754696e-16,0.7113689162114332,0.506045734951829,0.7650472818109657,0.506045734951829,0.0,18.078010284878633,34.70324909710103,44.93521790069826,2.8084511187936414,0.7457894498912545,1.0,1.0,0.9998322546167919,1.0
random,1,20270928,16,16,1.0,0.5,0.5,4,2.4376416581970313,0.17540457668959458,0.17540457668959458,0.17540457668959458,0.0,0.7240180285739183,0.5242021057000632,0.7770877959706368,0.524202105700063,2.220446049250313e-16,19.842745683242374,37.045634079587145,49.7999428623463,3.1124964288966437,0.7813431408682441,1.0,1.0,0.9998322546167919,1.0
random,2,20270929,16,16,1.0,0.5,0.5,4,1.7055423533715488,0.17540457668959458,0.17540457668959458,0.17540457668959458,0.0,0.5521207168329996,0.3048372859561853,0.606213789132592,0.3048372859561852,1.1102230246251565e-16,17.61451663826655,34.74283117484046,48.16905334324416,3.01056583395276,0.7361668990263567,1.0,1.0,0.9998322546167919,1.0
random,3,20270930,16,16,1.0,0.5,0.5,4,2.0301152659477673,0.17540457668959458,0.17540457668959458,0.17540457668959458,0.0,0.6345089193447252,0.402601568728011,0.6899216443429399,0.4026015687280109,1.1102230246251565e-16,17.833983295881893,34.531633816851645,42.25336248502531,2.640835155314082,0.740738808499456,1.0,1.0,0.9998322546167919,1.0
random,4,20270931,16,16,1.0,0.5,0.5,4,1.4881785816447546,0.17540457668959458,0.17540457668959458,0.17540457668959458,0.0,0.49175195600639254,0.24181998623611303,0.5431775422908551,0.241819986236113,2.7755575615628914e-17,14.75628884559987,30.799011304496258,39.848771016401784,2.4905481885251115,0.6737976542790199,0.9734402699528425,1.0,0.9998322546167919,1.0
random,5,20270932,16,16,1.0,0.5,0.5,4,1.3032672290893548,0.17540457668959458,0.17540457668959458,0.17540457668959458,0.0,0.4373655420860809,0.1912886174042514,0.4853624425612293,0.19128861740425146,5.551115123125783e-17,15.100834037743155,31.94972289467211,45.5195149053985,2.8449696815874064,0.6816185297150343,0.9914583364146758,1.0,0.9998322546167919,1.0
random,6,20270933,16,16,1.0,0.5,0.5,4,2.7046597825634344,0.17540457668959458,0.17540457668959458,0.17540457668959492,3.3306690738754696e-16,0.7741073680912717,0.5992422173331956,0.8237301937720498,0.5992422173331955,1.1102230246251565e-16,20.894625918977425,36.306738764692554,40.426275730186774,2.5266422331366734,0.8017855426195218,1.0,1.0,0.9998322546167919,1.0
random,7,20270934,16,16,1.0,0.5,0.5,4,1.825875042478798,0.17540457668959458,0.17540457668959458,0.17540457668959458,0.0,0.5837803056409897,0.34079944525428735,0.6387245976964258,0.3407994452542873,5.551115123125783e-17,15.497138677652611,34.36818494000598,41.896509678543396,2.6185318549089622,0.6905047660826942,1.0,1.0,0.9998322546167919,1.0
random,8,20270935,16,16,1.0,0.5,0.5,4,1.522426819325035,0.17540457668959458,0.17540457668959458,0.17540457668959492,3.3306690738754696e-16,0.5015267494943739,0.2515290804583925,0.5534703899427829,0.25152908045839273,2.220446049250313e-16,16.442695143103844,34.227134642985,47.46630293022248,2.966643933138905,0.7112584242347018,1.0,1.0,0.9998322546167919,1.0
random,9,20270936,16,16,1.0,0.5,0.5,4,1.5019414330176937,0.17540457668959458,0.17540457668959458,0.17540457668959458,0.0,0.49569154203004057,0.2457101048401195,0.547329720540568,0.2457101048401193,1.942890293094024e-16,15.139991644245693,34.21057395474803,47.195160182999984,2.949697511437499,0.6825017017917364,1.0,1.0,0.9998322546167919,1.0
random,10,20270937,16,16,1.0,0.5,0.5,4,2.28821031879248,0.17540457668959458,0.17540457668959458,0.17540457668959458,0.0,0.6930310779380112,0.48029207498792176,0.7474199717478571,0.4802920749879219,1.6653345369377348e-16,18.677588289830563,36.52102816353085,51.12008293719072,3.19500518357442,0.7580560529806469,1.0,1.0,0.9998322546167919,1.0
random,11,20270938,16,16,1.0,0.5,0.5,4,2.0695199937253403,0.17540457668959458,0.17540457668959458,0.17540457668959492,3.3306690738754696e-16,0.6438508586530259,0.41454392818823876,0.6992189909318947,0.4145439281882389,1.1102230246251565e-16,19.9707727308751,34.75764931965223,43.67598790172429,2.729749243857768,0.7838597335857065,1.0,1.0,0.9998322546167919,1.0
random,12,20270939,16,16,1.0,0.5,0.5,4,2.2286111371893367,0.17540457668959458,0.17540457668959458,0.17540457668959458,0.0,0.6800782403068516,0.4625064129388638,0.7348518811441789,0.46250641293886374,5.551115123125783e-17,20.105502798724697,36.98956906813048,45.71735570914181,2.8573347318213633,0.786499389919388,1.0,1.0,0.9998322546167919,1.0
random,13,20270940,16,16,1.0,0.5,0.5,4,2.324023371820959,0.17540457668959458,0.17540457668959458,0.17540457668959492,3.3306690738754696e-16,0.7006515579661861,0.49091260568044376,0.7547692818343035,0.49091260568044387,1.1102230246251565e-16,19.21503825473158,35.52400464810344,38.763611918895094,2.4227257449309434,0.7688852817627635,1.0,1.0,0.9998322546167919,1.0
random,14,20270941,16,16,1.0,0.5,0.5,4,2.0515417640908504,0.17540457668959458,0.17540457668959458,0.17540457668959458,0.0,0.6396067015486289,0.4090967326659168,0.6950004057918675,0.40909673266591673,5.551115123125783e-17,14.912405109886219,32.32768542439791,37.25930109093171,2.3287063181832317,0.6773525458796452,0.9973055285994147,1.0,0.9998322546167919,1.0
random,15,20270942,16,16,1.0,0.5,0.5,4,2.0693262133638677,0.17540457668959458,0.17540457668959458,0.17540457668959458,0.0,0.6438052743575062,0.4144852312905439,0.6991737287055337,0.41448523129054377,1.1102230246251565e-16,19.887480527061534,34.386059822997034,48.18414650337667,3.0115091564610417,0.782223401741711,1.0,1.0,0.9998322546167919,1.0
random,16,20270943,16,16,1.0,0.5,0.5,4,1.9453029358525662,0.17540457668959458,0.17540457668959458,0.17540457668959458,0.0,0.6139102381008376,0.3768857804450271,0.6692734464607737,0.3768857804450271,0.0,15.372724843054593,33.667698006160954,45.61055935766226,2.8506599598538913,0.6877274319859141,1.0,1.0,0.9998322546167919,1.0
random,17,20270944,16,16,1.0,0.5,0.5,4,2.108257150773843,0.17540457668959458,0.17540457668959458,0.17540457668959458,0.0,0.6528923073038333,0.4262683649365231,0.7081759450171918,0.4262683649365231,0.0,16.888735743076392,34.1682734188129,46.07965648384382,2.8799785302402388,0.7208410175608886,1.0,1.0,0.9998322546167919,1.0
random,18,20270945,16,16,1.0,0.5,0.5,4,1.976472369286548,0.17540457668959458,0.17540457668959458,0.17540457668959458,0.0,0.6215581675884917,0.38633455569596353,0.6769630093735055,0.38633455569596353,0.0,19.791144429878905,35.02977409928048,45.2654714698244,2.829091966864025,0.7803265342911853,1.0,1.0,0.9998322546167919,1.0
random,19,20270946,16,16,1.0,0.5,0.5,4,1.548614639015844,0.17540457668959458,0.17540457668959458,0.17540457668959492,3.3306690738754696e-16,0.5089359022802652,0.2590157526298276,0.5612509237657493,0.2590157526298277,5.551115123125783e-17,16.41143978299189,34.91055126945987,53.832558012122504,3.3645348757576565,0.7105820992038213,1.0,1.0,0.9998322546167919,1.0
random,20,20270947,16,16,1.0,0.5,0.5,4,1.789277543427317,0.17540457668959458,0.17540457668959458,0.17540457668959458,0.0,0.5742880903377902,0.32980681070382584,0.6290197811786629,0.3298068107038256,2.220446049250313e-16,16.930514393123264,34.737724438734915,46.6121091990078,2.9132568249379873,0.7217320600666873,1.0,1.0,0.9998322546167919,1.0
random,21,20270948,16,16,1.0,0.5,0.5,4,2.643114955857165,0.17540457668959458,0.17540457668959458,0.17540457668959492,3.3306690738754696e-16,0.7631584312553479,0.5824107911961235,0.8136844491572355,0.5824107911961237,2.220446049250313e-16,20.76983716920556,35.74700907117378,39.34339613068702,2.4589622581679387,0.799387709531151,1.0,1.0,0.9998322546167919,1.0
random,22,20270949,16,16,1.0,0.5,0.5,4,1.334563158164978,0.17540457668959458,0.17540457668959458,0.17540457668959458,0.0,0.4467560147490073,0.19959093671441522,0.4954077094561431,0.19959093671441525,2.7755575615628914e-17,13.945206560731574,33.04132765063104,47.22400064770555,2.951500040481597,0.6550182443512362,1.0,1.0,0.9998322546167919,1.0
random,23,20270950,16,16,1.0,0.5,0.5,4,1.8981998507280884,0.17540457668959458,0.17540457668959458,0.17540457668959458,0.0,0.6021825925325844,0.3626238747492646,0.657430207632689,0.36262387474926455,5.551115123125783e-17,19.732511681199803,37.40027189868797,55.31109584142892,3.4569434900893077,0.7791697889986976,1.0,1.0,0.9998322546167919,1.0
random,24,20270951,16,16,1.0,0.5,0.5,4,1.6783153560116615,0.17540457668959458,0.17540457668959458,0.17540457668959458,0.0,0.544779902712284,0.29678514239920567,0.598619166899168,0.2967851423992057,5.551115123125783e-17,15.379386006127637,33.42234064708461,46.87805054401512,2.929878159000945,0.6878764156069921,1.0,1.0,0.9998322546167919,1.0
random,25,20270952,16,16,1.0,0.5,0.5,4,1.404576451359964,0.17540457668959458,0.17540457668959458,0.17540457668959492,3.3306690738754696e-16,0.46749353716982367,0.2185502072955533,0.5175005653890858,0.21855020729555324,5.551115123125783e-17,14.26866877656504,31.799742776974316,47.8723400266145,2.9920212516634064,0.662571344523204,0.9891285203307698,1.0,0.9998322546167919,1.0
random,26,20270953,16,16,1.0,0.5,0.5,4,1.477305510785132,0.17540457668959458,0.17540457668959458,0.17540457668959492,3.3306690738754696e-16,0.4886286758438151,0.23875798285688013,0.5398821191320384,0.23875798285688,1.3877787807814457e-16,13.18568260402038,31.884218019003672,42.27607367992349,2.6422546049952182,0.6369307693519314,0.9904414468790214,1.0,0.9998322546167919,1.0
random,27,20270954,16,16,1.0,0.5,0.5,4,2.0446561906007483,0.17540457668959458,0.17540457668959458,0.17540457668959458,0.0,0.6379731787859523,0.40700977685025264,0.6933743598951247,0.40700977685025264,0.0,19.754068425680906,35.7588715153983,46.723902072431265,2.920243879526954,0.7795952740949488,1.0,1.0,0.9998322546167919,1.0
random,28,20270955,16,16,1.0,0.5,0.5,4,2.1995884324326784,0.17540457668959458,0.17540457668959458,0.17540457668959492,3.3306690738754696e-16,0.673648246747461,0.4538019603459282,0.7285782070686484,0.4538019603459281,5.551115123125783e-17,18.265947332873168,33.046188474034594,39.20968786086303,2.4506054913039392,0.7496560002147358,1.0,1.0,0.9998322546167919,1.0
random,29,20270956,16,16,1.0,0.5,0.5,4,2.244456572883738,0.17540457668959458,0.17540457668959458,0.17540457668959458,0.0,0.6835549861242493,0.4672474190553226,0.7382346114001148,0.46724741905532247,1.1102230246251565e-16,17.8775924576482,35.15696673624042,46.241849706195474,2.890115606637217,0.7416439140665423,1.0,1.0,0.9998322546167919,1.0
random,30,20270957,16,16,1.0,0.5,0.5,4,2.181629484928154,0.17540457668959458,0.17540457668959458,0.17540457668959458,0.0,0.669629343358837,0.44840345748718713,0.7246455918861896,0.448403457487187,1.1102230246251565e-16,16.678759818908212,33.90568001656147,39.17933131998436,2.4487082074990223,0.7163459308000025,1.0,1.0,0.9998322546167919,1.0
random,31,20270958,16,16,1.0,0.5,0.5,4,2.428486698826407,0.17540457668959458,0.17540457668959458,0.17540457668959492,3.3306690738754696e-16,0.722180837731688,0.5215451623868426,0.7753451886289073,0.5215451623868428,2.220446049250313e-16,21.462629957362005,36.93447010714101,44.126354471139635,2.757897154446227,0.8126104253694687,1.0,1.0,0.9998322546167919,1.0
random,32,20270959,16,16,1.0,0.5,0.5,4,1.6806108698322675,0.17540457668959458,0.17540457668959458,0.17540457668959458,0.0,0.5454013015929585,0.2974625797792933,0.5992628450861568,0.29746257977929336,5.551115123125783e-17,13.791916796226658,31.916236826919217,38.994539392251866,2.4371587120157416,0.6514082208502412,0.9909386332418845,1.0,0.9998322546167919,1.0
random,33,20270960,16,16,1.0,0.5,0.5,4,1.694342917947375,0.17540457668959458,0.17540457668959458,0.17540457668959492,3.3306690738754696e-16,0.5491090086205143,0.301520703348204,0.603100440579682,0.3015207033482039,1.1102230246251565e-16,15.379253269435708,33.79721271982288,45.64389026816586,2.8527431417603664,0.6878734471322806,1.0,1.0,0.9998322546167919,1.0
random,34,20270961,16,16,1.0,0.5,0.5,4,2.783229563577448,0.17540457668959458,0.17540457668959458,0.17540457668959458,0.0,0.7875724709137821,0.6202703969412402,0.8359609197628117,0.6202703969412403,1.1102230246251565e-16,21.823436617876414,35.11115702791963,40.20798177627237,2.512998861017023,0.8194123243780076,1.0,1.0,0.9998322546167919,1.0
random,35,20270962,16,16,1.0,0.5,0.5,4,2.391610131520857,0.17540457668959458,0.17540457668959458,0.17540457668959492,3.3306690738754696e-16,0.7146996560747946,0.5107955983934297,0.7682273613810446,0.5107955983934296,1.1102230246251565e-16,19.799149780013014,36.71845660992581,47.97656336658271,2.9985352104114193,0.7804843360692147,1.0,1.0,0.9998322546167919,1.0
random,36,20270963,16,16,1.0,0.5,0.5,4,2.0651600988157885,0.17540457668959458,0.17540457668959458,0.17540457668959492,3.3306690738754696e-16,0.6428243970400237,0.41322320542987,0.6981995314412144,0.41322320542987,0.0,16.975802869324934,33.24384758083308,46.58791904945817,2.9117449405911358,0.722696718171824,1.0,1.0,0.9998322546167919,1.0
random,37,20270964,16,16,1.0,0.5,0.5,4,1.6418846399900349,0.17540457668959458,0.17540457668959458,0.17540457668959458,0.0,0.5348569797644437,0.28607198880274254,0.5883208761778318,0.28607198880274254,0.0,14.770320426286567,32.03855667692984,47.29047153856847,2.9556544711605293,0.6741179312737673,0.9928357170224386,1.0,0.9998322546167919,1.0
random,38,20270965,16,16,1.0,0.5,0.5,4,1.6453671195808905,0.17540457668959458,0.17540457668959458,0.17540457668959492,3.3306690738754696e-16,0.5358104797329888,0.2870928701916956,0.5893120332464536,0.2870928701916957,1.1102230246251565e-16,16.867692615344254,35.1403448181795,51.93095309793861,3.2456845686211633,0.7203917986910999,1.0,1.0,0.9998322546167919,1.0
random,39,20270966,16,16,1.0,0.5,0.5,4,2.0881152236956053,0.17540457668959458,0.17540457668959458,0.17540457668959458,0.0,0.648208714894762,0.4201745380655188,0.7035412643568373,0.4201745380655188,0.0,16.311505113540118,34.80506612738827,41.4429245597434,2.5901827849839627,0.7084153112166637,1.0,1.0,0.9998322546167919,1.0
random,40,20270967,16,16,1.0,0.5,0.5,4,2.501783089055775,0.17540457668959458,0.17540457668959458,0.17540457668959458,0.0,0.736665975403479,0.5426767593171591,0.7890259508021225,0.5426767593171593,2.220446049250313e-16,19.41538089414355,35.828926150564705,41.59924734161638,2.599952958851024,0.7728832198479811,1.0,1.0,0.9998322546167919,1.0
random,41,20270968,16,16,1.0,0.5,0.5,4,2.4324911115541763,0.17540457668959458,0.17540457668959458,0.17540457668959492,3.3306690738754696e-16,0.7229854142888535,0.5227079092744252,0.7761086054852204,0.5227079092744251,1.1102230246251565e-16,20.830629445059888,34.861770620645316,43.503022372540734,2.718938898283796,0.8005567386802257,1.0,1.0,0.9998322546167919,1.0
random,42,20270969,16,16,1.0,0.5,0.5,4,1.648501512462894,0.17540457668959458,0.17540457668959458,0.17540457668959492,3.3306690738754696e-16,0.5366677820033419,0.2880123082403865,0.5902029073592576,0.2880123082403865,0.0,15.640499153358377,31.08528751092465,40.052200204599735,2.5032625127874835,0.6936912642698589,0.9779538598952646,1.0,0.9998322546167919,1.0
random,43,20270970,16,16,1.0,0.5,0.5,4,1.653614430033996,0.17540457668959458,0.17540457668959458,0.17540457668959458,0.0,0.5380644241738859,0.2895133245615754,0.5916536600539626,0.28951332456157536,5.551115123125783e-17,13.814596864116947,32.9326262019991,41.913461973584,2.619591373349,0.6519436037895592,1.0,1.0,0.9998322546167919,1.0
random,44,20270971,16,16,1.0,0.5,0.5,4,2.1376777056817895,0.17540457668959458,0.17540457668959458,0.17540457668959492,3.3306690738754696e-16,0.6596646442711772,0.4351574429014188,0.7148577111814851,0.4351574429014188,0.0,16.841200057170546,34.61677564756022,43.26341871613264,2.70396366975829,0.7198258492829678,1.0,1.0,0.9998322546167919,1.0
random,45,20270972,16,16,1.0,0.5,0.5,4,1.722777231703231,0.17540457668959458,0.17540457668959458,0.17540457668959458,0.0,0.5567339832586788,0.3099527281150749,0.6109759561091694,0.30995272811507474,1.6653345369377348e-16,15.150813136755204,33.72241333013305,49.09868500356784,3.06866781272299,0.6827455714036323,1.0,1.0,0.9998322546167919,1.0
random,46,20270973,16,16,1.0,0.5,0.5,4,2.0701059062446685,0.17540457668959458,0.17540457668959458,0.17540457668959492,3.3306690738754696e-16,0.6439886654433521,0.4147214012195097,0.6993558177815129,0.41472140121950957,1.1102230246251565e-16,19.476572361183706,37.104915434629596,49.07484673380503,3.0671779208628145,0.7741002099476886,1.0,1.0,0.9998322546167919,1.0
random,47,20270974,16,16,1.0,0.5,0.5,4,2.1895314088259186,0.17540457668959458,0.17540457668959458,0.17540457668959458,0.0,0.6714014311249746,0.45077988171666405,0.7263807050199751,0.45077988171666417,1.1102230246251565e-16,21.30587824165413,34.038445384965875,49.844186836680706,3.115261677292544,0.8096375486206985,1.0,1.0,0.9998322546167919,1.0
random,48,20270975,16,16,1.0,0.5,0.5,4,1.4944538611997973,0.17540457668959458,0.17540457668959458,0.17540457668959492,3.3306690738754696e-16,0.49355015523388124,0.24359175573138828,0.5450734093981071,0.24359175573138825,2.7755575615628914e-17,15.570928454204328,29.94410547089218,41.08330125727679,2.567706328579799,0.6921467364194719,0.9598350232402235,1.0,0.9998322546167919,1.0
random,49,20270976,16,16,1.0,0.5,0.5,4,2.019233613440302,0.17540457668959458,0.17540457668959458,0.17540457668959458,0.0,0.631903512438558,0.39930204903218686,0.687321085689006,0.39930204903218663,2.220446049250313e-16,18.663880124365015,35.684806352383376,48.494505313839994,3.0309065821149996,0.7577778193824094,1.0,1.0,0.9998322546167919,1.0
