mechanism,k,kappa,hessian_condition_number,beta,sigma,r_over_sigma,step_h_theory,step_h_min,step_h_max,step_h_max_abs_error,endpoint_distance,endpoint_h,endpoint_tv,decomposition_h2,decomposition_abs_error,mean_offdiag_cosine,mean_offdiag_exact_gram,gram_max_abs_cosine_error,gram_normalized_fro_error,chi,chi_cosine,b_plus,lambda_max,spectral_factor,cert_exact_chi_h,cert_cosine_chi_h,cert_b_plus_h,cert_spectral_h,group_gaussian_h,triangle_h
objective,2,1,1,0.12,1.0,0.05,0.0176762885516412,0.0176762885516412,0.0176762885516412,0.0,0.012,0.004242621595310227,0.0047872786411280455,1.7999838001103685e-05,1.109918092764145e-16,-0.9712000000000001,-0.9711957590043624,4.240995637672107e-06,2.9988367743805132e-06,1.0,1.0,2.0,1.9711957590043623,3.9423915180087246,0.0176762885516412,0.0176762885516412,0.02499804700215126,0.03509707779634116,0.035344293392556084,0.0353525771032824
output,2,1,1,0.12,1.0,0.05,0.0176762885516412,0.0176762885516412,0.0176762885516412,0.0,0.012,0.004242621595310227,0.0047872786411280455,1.7999838001103685e-05,1.109918092764145e-16,-0.9712000000000001,-0.9711957590043624,4.240995637672107e-06,2.9988367743805132e-06,1.0,1.0,2.0,1.9711957590043623,3.9423915180087246,0.0176762885516412,0.0176762885516412,0.02499804700215126,0.03509707779634116,0.035344293392556084,0.0353525771032824
objective,4,1,1,0.12,1.0,0.05,0.0176762885516412,0.0176762885516412,0.0176762885516412,0.0,0.024,0.008485128641463573,0.009574384943844327,7.19974080624076e-05,2.221394726151238e-16,-0.3141333333333334,-0.3141310244684453,3.816649788146442e-05,1.6569864526693788e-05,3.999962963704534,4.0,7.999925927409068,3.942356037182855,15.76942414873142,0.035352413436842166,0.0353525771032824,0.04999586254500303,0.07019383972448354,0.07062238177318633,0.0707051542065648
output,4,1,1,0.12,1.0,0.05,0.0176762885516412,0.0176762885516412,0.0176762885516412,0.0,0.024,0.008485128641463573,0.009574384943844327,7.19974080624076e-05,2.221394726151238e-16,-0.3141333333333334,-0.3141310244684453,3.816649788146442e-05,1.6569864526693788e-05,3.999962963704534,4.0,7.999925927409068,3.942356037182855,15.76942414873142,0.035352413436842166,0.0353525771032824,0.04999586254500303,0.07019383972448354,0.07062238177318633,0.0707051542065648
objective,6,1,1,0.12,1.0,0.05,0.0176762885516412,0.0176762885516412,0.0176762885516412,0.0,0.036,0.012727406597913368,0.014361146588348417,0.000161986878708831,2.222614453595284e-16,-0.18272000000000002,-0.18271869968246685,0.00010601395176512707,3.947116268972134e-05,8.9997777863394,9.0,17.9995555726788,5.913445356689602,35.480672140137614,0.05302821099875183,0.053028865654923596,0.07499321518281697,0.10528996993802005,0.10576840449192237,0.10605773130984719
output,6,1,1,0.12,1.0,0.05,0.0176762885516412,0.0176762885516412,0.0176762885516412,0.0,0.036,0.012727406597913368,0.014361146588348417,0.000161986878708831,2.222614453595284e-16,-0.18272000000000002,-0.18271869968246685,0.00010601395176512707,3.947116268972134e-05,8.9997777863394,9.0,17.9995555726788,5.913445356689602,35.480672140137614,0.05302821099875183,0.053028865654923596,0.07499321518281697,0.10528996993802005,0.10576840449192237,0.10605773130984719
objective,8,1,1,0.12,1.0,0.05,0.0176762885516412,0.0176762885516412,0.0176762885516412,0.0,0.047999999999999994,0.01696934094126956,0.019147391292061222,0.00028795853198126996,2.2264091611989834e-16,-0.12639999999999998,-0.1263997984088406,0.00020777625288292967,7.155539166890937e-05,15.999259306985415,16.0,31.99851861397083,7.884428245638635,63.07542596510908,0.07070351759969185,0.0707051542065648,0.09998987349696903,0.14038515263412757,0.14071718691490656,0.1414103084131296
output,8,1,1,0.12,1.0,0.05,0.0176762885516412,0.0176762885516412,0.0176762885516412,0.0,0.047999999999999994,0.01696934094126956,0.019147391292061222,0.00028795853198126996,2.2264091611989834e-16,-0.12639999999999998,-0.1263997984088406,0.00020777625288292967,7.155539166890937e-05,15.999259306985415,16.0,31.99851861397083,7.884428245638635,63.07542596510908,0.07070351759969185,0.0707051542065648,0.09998987349696903,0.14038515263412757,0.14071718691490656,0.1414103084131296
objective,10,1,1,0.12,1.0,0.05,0.0176762885516412,0.0176762885516412,0.0176762885516412,0.0,0.05999999999999999,0.021210817173926897,0.02393294682822522,0.00044989876518597503,2.2280354644577116e-16,-0.09511111111111113,-0.09511221100340275,0.0003434427483574032,0.00011280946408204152,24.998148329135137,25.0,49.99629665827027,9.855269241083251,98.5526924108325,0.08837816963074634,0.088381442758206,0.12498560610951144,0.17547907207535712,0.17540457668959458,0.176762885516412
output,10,1,1,0.12,1.0,0.05,0.0176762885516412,0.0176762885516412,0.0176762885516412,0.0,0.05999999999999999,0.021210817173926897,0.02393294682822522,0.00044989876518597503,2.2280354644577116e-16,-0.09511111111111113,-0.09511221100340275,0.0003434427483574032,0.00011280946408204152,24.998148329135137,25.0,49.99629665827027,9.855269241083251,98.5526924108325,0.08837816963074634,0.088381442758206,0.12498560610951144,0.17547907207535712,0.17540457668959458,0.176762885516412
objective,12,1,1,0.12,1.0,0.05,0.0176762885516412,0.0176762885516412,0.0176762885516412,0.0,0.072,0.025451720832632512,0.028717641044498032,0.000647790093342483,2.2323722731476536e-16,-0.0752,-0.07520263476809058,0.0005129992371942782,0.0001632284960093564,35.99611164946404,36.0,71.99222329892808,11.82593289199254,141.9111947039105,0.10605200352134016,0.10605773130984719,0.14998018169671848,0.2105714126114029,0.2097677719929831,0.21211546261969438
output,12,1,1,0.12,1.0,0.05,0.0176762885516412,0.0176762885516412,0.0176762885516412,0.0,0.072,0.025451720832632512,0.028717641044498032,0.000647790093342483,2.2323722731476536e-16,-0.0752,-0.07520263476809058,0.0005129992371942782,0.0001632284960093564,35.99611164946404,36.0,71.99222329892808,11.82593289199254,141.9111947039105,0.10605200352134016,0.10605773130984719,0.14998018169671848,0.2105714126114029,0.2097677719929831,0.21211546261969438
objective,14,1,1,0.12,1.0,0.05,0.0176762885516412,0.0176762885516412,0.0176762885516412,0.0,0.084,0.02969193749706565,0.03350130188152911,0.0008816111523298766,2.233456475320139e-16,-0.06141538461538457,-0.06141979936269093,0.0007164279727701617,0.00022280874908019011,48.99274209481294,49.0,97.98548418962588,13.796383762226332,193.14937267116866,0.12372485574881564,0.1237340198614884,0.17497336900262989,0.24566185870086268,0.2437456392136235,0.2474680397229768
output,14,1,1,0.12,1.0,0.05,0.0176762885516412,0.0176762885516412,0.0176762885516412,0.0,0.084,0.02969193749706565,0.03350130188152911,0.0008816111523298766,2.233456475320139e-16,-0.06141538461538457,-0.06141979936269093,0.0007164279727701617,0.00022280874908019011,48.99274209481294,49.0,97.98548418962588,13.796383762226332,193.14937267116866,0.12372485574881564,0.1237340198614884,0.17497336900262989,0.24566185870086268,0.2437456392136235,0.2474680397229768
objective,16,1,1,0.12,1.0,0.05,0.0176762885516412,0.0176762885516412,0.0176762885516412,0.0,0.09600000000000002,0.03393135279841637,0.0382837573915229,0.0011513367027308225,2.239961688355052e-16,-0.0513066666666666,-0.05131311188719782,0.0009537076651420229,0.0002915464390786304,63.98755856737596,64.0,127.97511713475193,15.766586433507824,252.26538293612518,0.1413965628480055,0.1414103084131296,0.1999649368525891,0.2807500949329846,0.27727901762189694,0.2828206168262592
output,16,1,1,0.12,1.0,0.05,0.0176762885516412,0.0176762885516412,0.0176762885516412,0.0,0.09600000000000002,0.03393135279841637,0.0382837573915229,0.0011513367027308225,2.239961688355052e-16,-0.0513066666666666,-0.05131311188719782,0.0009537076651420229,0.0002915464390786304,63.98755856737596,64.0,127.97511713475193,15.766586433507824,252.26538293612518,0.1413965628480055,0.1414103084131296,0.1999649368525891,0.2807500949329846,0.27727901762189694,0.2828206168262592
objective,2,2,2,0.12,1.0,0.05,0.0176762885516412,0.0176762885516412,0.0176762885516412,0.0,0.012,0.004242621595310227,0.0047872786411280455,1.7999838001103685e-05,1.109918092764145e-16,-0.9712000000000001,-0.9711957590043624,4.240995637672107e-06,2.9988367743805132e-06,1.0,1.0,2.0,1.9711957590043623,3.9423915180087246,0.0176762885516412,0.0176762885516412,0.02499804700215126,0.03509707779634116,0.035344293392556084,0.0353525771032824
output,2,2,2,0.12,1.0,0.05,0.0176762885516412,0.0176762885516412,0.0176762885516412,0.0,0.02349781349963872,0.008307588289789482,0.009374055640708034,6.901602319253632e-05,1.1100874993535959e-16,-0.889570552147239,-0.8895571079875033,1.3444159735698236e-05,9.506456516467365e-06,1.0,0.9999999999999998,2.0,1.8895571079875033,3.7791142159750066,0.0176762885516412,0.017676288551641196,0.02499804700215126,0.034362605905998905,0.035344293392556084,0.0353525771032824
objective,4,2,2,0.12,1.0,0.05,0.0176762885516412,0.0176762885516412,0.0176762885516412,0.0,0.024,0.008485128641463573,0.009574384943844327,7.19974080624076e-05,2.221394726151238e-16,-0.3141333333333334,-0.3141310244684453,3.816649788146442e-05,1.6569864526693788e-05,3.999962963704534,4.0,7.999925927409068,3.942356037182855,15.76942414873142,0.035352413436842166,0.0353525771032824,0.04999586254500303,0.07019383972448354,0.07062238177318633,0.0707051542065648
output,4,2,2,0.12,1.0,0.05,0.0176762885516412,0.0176762885516412,0.0176762885516412,0.0,0.04699562699927744,0.016614316561833296,0.018746817420866035,0.0002760355148164751,3.3306690738754696e-16,-0.25971370143149275,-0.259712360636791,0.0001209842305207598,5.80146149215329e-05,3.999846728058482,3.999999999999999,7.999693456116964,3.778983810733937,15.115935242935748,0.03535189977702761,0.03535257710328239,0.049995136120326834,0.06872402605726578,0.07062238177318633,0.0707051542065648
objective,6,2,2,0.12,1.0,0.05,0.0176762885516412,0.0176762885516412,0.0176762885516412,0.0,0.036,0.012727406597913368,0.014361146588348417,0.000161986878708831,2.222614453595284e-16,-0.18272000000000002,-0.18271869968246685,0.00010601395176512707,3.947116268972134e-05,8.9997777863394,9.0,17.9995555726788,5.913445356689602,35.480672140137614,0.05302821099875183,0.053028865654923596,0.07499321518281697,0.10528996993802005,0.10576840449192237,0.10605773130984719
output,6,2,2,0.12,1.0,0.05,0.0176762885516412,0.0176762885516412,0.0176762885516412,0.0,0.07049344049891616,0.02491932504568664,0.02811699201565765,0.0006209727607320304,5.551115123125783e-16,-0.13374233128834348,-0.1337525554368691,0.00033602615473049546,0.00014320084417435876,8.999080438127145,8.999999999999998,17.998160876254286,5.6681497449943805,34.00889846996628,0.053026156512220216,0.05302886565492359,0.07499030970010022,0.10308307501274928,0.10576840449192237,0.10605773130984719
objective,8,2,2,0.12,1.0,0.05,0.0176762885516412,0.0176762885516412,0.0176762885516412,0.0,0.047999999999999994,0.01696934094126956,0.019147391292061222,0.00028795853198126996,2.2264091611989834e-16,-0.12639999999999998,-0.1263997984088406,0.00020777625288292967,7.155539166890937e-05,15.999259306985415,16.0,31.99851861397083,7.884428245638635,63.07542596510908,0.07070351759969185,0.0707051542065648,0.09998987349696903,0.14038515263412757,0.14071718691490656,0.1414103084131296
output,8,2,2,0.12,1.0,0.05,0.0176762885516412,0.0176762885516412,0.0176762885516412,0.0,0.09399125399855489,0.03322175446540497,0.037483287171362845,0.001103684969758878,7.771561172376096e-16,-0.07975460122699378,-0.0797795754561624,0.000689514433662386,0.0002627198710278492,15.99693511932848,15.999999999999996,31.99387023865696,7.556924631488339,60.455397051906715,0.07069838191784199,0.07070515420656479,0.09998261054604493,0.13743856795858167,0.14071718691490656,0.1414103084131296
objective,10,2,2,0.12,1.0,0.05,0.0176762885516412,0.0176762885516412,0.0176762885516412,0.0,0.05999999999999999,0.021210817173926897,0.02393294682822522,0.00044989876518597503,2.2280354644577116e-16,-0.09511111111111113,-0.09511221100340275,0.0003434427483574032,0.00011280946408204152,24.998148329135137,25.0,49.99629665827027,9.855269241083251,98.5526924108325,0.08837816963074634,0.088381442758206,0.12498560610951144,0.17547907207535712,0.17540457668959458,0.176762885516412
output,10,2,2,0.12,1.0,0.05,0.0176762885516412,0.0176762885516412,0.0176762885516412,0.0,0.11748906749819361,0.04152074628652013,0.046844412239984035,0.001723972372188576,9.992007221626409e-16,-0.04976141785957731,-0.04980473753239589,0.001225477977326861,0.0004164088323126829,24.992338844575162,24.999999999999993,49.98467768915032,9.445178316810932,94.45178316810932,0.08836789964117442,0.08838144275820599,0.12497108215097341,0.1717893210212141,0.17540457668959458,0.176762885516412
objective,12,2,2,0.12,1.0,0.05,0.0176762885516412,0.0176762885516412,0.0176762885516412,0.0,0.072,0.025451720832632512,0.028717641044498032,0.000647790093342483,2.2323722731476536e-16,-0.0752,-0.07520263476809058,0.0005129992371942782,0.0001632284960093564,35.99611164946404,36.0,71.99222329892808,11.82593289199254,141.9111947039105,0.10605200352134016,0.10605773130984719,0.14998018169671848,0.2105714126114029,0.2097677719929831,0.21211546261969438
output,12,2,2,0.12,1.0,0.05,0.0176762885516412,0.0176762885516412,0.0176762885516412,0.0,0.14098688099783233,0.049815442962705535,0.056199078712761974,0.0024815783575693477,1.220811646218678e-15,-0.030674846625766795,-0.030740215166479325,0.0019141557750137483,0.0006042046894658897,35.98391425827182,35.99999999999999,71.96782851654363,11.332780815260664,135.99336978312797,0.1060340339780416,0.10605773130984718,0.14995476892487603,0.2061341515800202,0.2097677719929831,0.21211546261969438
objective,14,2,2,0.12,1.0,0.05,0.0176762885516412,0.0176762885516412,0.0176762885516412,0.0,0.084,0.02969193749706565,0.03350130188152911,0.0008816111523298766,2.233456475320139e-16,-0.06141538461538457,-0.06141979936269093,0.0007164279727701617,0.00022280874908019011,48.99274209481294,49.0,97.98548418962588,13.796383762226332,193.14937267116866,0.12372485574881564,0.1237340198614884,0.17497336900262989,0.24566185870086268,0.2437456392136235,0.2474680397229768
output,14,2,2,0.12,1.0,0.05,0.0176762885516412,0.0176762885516412,0.0176762885516412,0.0,0.16448469449747102,0.058104988181995006,0.06554600075221773,0.0033761896516283367,1.4424225702747151e-15,-0.017461066540821055,-0.017552224901332132,0.00275523461957905,0.0008260559625733161,48.96997920272931,48.999999999999986,97.93995840545861,13.219602350554412,185.07443290776177,0.12369611003440113,0.12373401986148838,0.17493271642344477,0.2404718785791759,0.2437456392136235,0.2474680397229768
objective,16,2,2,0.12,1.0,0.05,0.0176762885516412,0.0176762885516412,0.0176762885516412,0.0,0.09600000000000002,0.03393135279841637,0.0382837573915229,0.0011513367027308225,2.239961688355052e-16,-0.0513066666666666,-0.05131311188719782,0.0009537076651420229,0.0002915464390786304,63.98755856737596,64.0,127.97511713475193,15.766586433507824,252.26538293612518,0.1413965628480055,0.1414103084131296,0.1999649368525891,0.2807500949329846,0.27727901762189694,0.2828206168262592
output,16,2,2,0.12,1.0,0.05,0.0176762885516412,0.0176762885516412,0.0176762885516412,0.0,0.18798250799710972,0.06638852711248482,0.07488389572235365,0.004407436532163468,1.663599813461758e-15,-0.0077709611451942055,-0.007891663600143945,0.00374833218142967,0.0010819089044702204,63.94854748282395,63.999999999999986,127.89709496564788,15.105513397402481,241.6882143584397,0.14135345388757636,0.14141030841312957,0.19990397157609036,0.2748013228386435,0.27727901762189694,0.2828206168262592
objective,2,4,4,0.12,1.0,0.05,0.0176762885516412,0.0176762885516412,0.0176762885516412,0.0,0.012,0.004242621595310227,0.0047872786411280455,1.7999838001103685e-05,1.109918092764145e-16,-0.9712000000000001,-0.9711957590043624,4.240995637672107e-06,2.9988367743805132e-06,1.0,1.0,2.0,1.9711957590043623,3.9423915180087246,0.0176762885516412,0.0176762885516412,0.02499804700215126,0.03509707779634116,0.035344293392556084,0.0353525771032824
output,2,4,4,0.12,1.0,0.05,0.0176762885516412,0.0176762885516412,0.0176762885516412,0.0,0.0435285750066007,0.015388764095465645,0.01736401812140098,0.00023681406038600358,1.1102230246251565e-16,-0.6210526315789474,-0.6210382967838008,1.4334795146564439e-05,1.0136230855055723e-05,1.0,0.9999999999999999,2.0,1.6210382967838008,3.2420765935676017,0.0176762885516412,0.017676288551641196,0.02499804700215126,0.0318275140005864,0.035344293392556084,0.0353525771032824
objective,4,4,4,0.12,1.0,0.05,0.0176762885516412,0.0176762885516412,0.0176762885516412,0.0,0.024,0.008485128641463573,0.009574384943844327,7.19974080624076e-05,2.221394726151238e-16,-0.3141333333333334,-0.3141310244684453,3.816649788146442e-05,1.6569864526693788e-05,3.999962963704534,4.0,7.999925927409068,3.942356037182855,15.76942414873142,0.035352413436842166,0.0353525771032824,0.04999586254500303,0.07019383972448354,0.07062238177318633,0.0707051542065648
output,4,4,4,0.12,1.0,0.05,0.0176762885516412,0.0176762885516412,0.0176762885516412,0.0,0.0870571500132014,0.030772062154949698,0.03471981345383468,0.0009469198092684206,3.3306690738754696e-16,-0.08070175438596498,-0.08078192714810051,0.0003265294798017182,0.00016974433204357918,3.9993469410403963,3.9999999999999996,7.998693882080793,3.2416927234990864,12.966770893996346,0.03534969107082796,0.03535257710328239,0.049992012538064,0.06365125943146187,0.07062238177318633,0.0707051542065648
objective,6,4,4,0.12,1.0,0.05,0.0176762885516412,0.0176762885516412,0.0176762885516412,0.0,0.036,0.012727406597913368,0.014361146588348417,0.000161986878708831,2.222614453595284e-16,-0.18272000000000002,-0.18271869968246685,0.00010601395176512707,3.947116268972134e-05,8.9997777863394,9.0,17.9995555726788,5.913445356689602,35.480672140137614,0.05302821099875183,0.053028865654923596,0.07499321518281697,0.10528996993802005,0.10576840449192237,0.10605773130984719
output,6,4,4,0.12,1.0,0.05,0.0176762885516412,0.0176762885516412,0.0176762885516412,0.0,0.1305857250198021,0.04614443353523953,0.05205917488827683,0.002129308746288694,5.551115123125783e-16,0.027368421052631504,0.02716175659824543,0.0013055266010885136,0.00047227317065441947,8.996082828878617,8.999999999999998,17.99216565775723,4.861579834219235,29.16947900531541,0.05301732422445236,0.05302886565492359,0.07497781895895214,0.09546747114356036,0.10576840449192237,0.10605773130984719
objective,8,4,4,0.12,1.0,0.05,0.0176762885516412,0.0176762885516412,0.0176762885516412,0.0,0.047999999999999994,0.01696934094126956,0.019147391292061222,0.00028795853198126996,2.2264091611989834e-16,-0.12639999999999998,-0.1263997984088406,0.00020777625288292967,7.155539166890937e-05,15.999259306985415,16.0,31.99851861397083,7.884428245638635,63.07542596510908,0.07070351759969185,0.0707051542065648,0.09998987349696903,0.14038515263412757,0.14071718691490656,0.1414103084131296
output,8,4,4,0.12,1.0,0.05,0.0176762885516412,0.0176762885516412,0.0176762885516412,0.0,0.17411430002640277,0.061500428370596494,0.06937391464794507,0.003782302689767647,7.771561172376096e-16,0.0736842105263157,0.07330821173389641,0.0029352191140066264,0.0008953454471794639,15.986948278488823,15.999999999999996,31.973896556977643,6.480317030324299,51.84253624259439,0.07067631007364897,0.07070515420656479,0.09995139624464057,0.12727239082234523,0.14071718691490656,0.1414103084131296
objective,10,4,4,0.12,1.0,0.05,0.0176762885516412,0.0176762885516412,0.0176762885516412,0.0,0.05999999999999999,0.021210817173926897,0.02393294682822522,0.00044989876518597503,2.2280354644577116e-16,-0.09511111111111113,-0.09511221100340275,0.0003434427483574032,0.00011280946408204152,24.998148329135137,25.0,49.99629665827027,9.855269241083251,98.5526924108325,0.08837816963074634,0.088381442758206,0.12498560610951144,0.17547907207535712,0.17540457668959458,0.176762885516412
output,10,4,4,0.12,1.0,0.05,0.0176762885516412,0.0176762885516412,0.0176762885516412,0.0,0.21764287503300345,0.07683461294141132,0.08665587988539314,0.005903557745857491,9.983333604246525e-16,0.09941520467836248,0.09882596354838236,0.005212658932177705,0.0014386077320527723,24.96738841023432,24.999999999999996,49.934776820468635,8.097522981720639,80.97522981720638,0.08832377875984015,0.088381442758206,0.12490868580220665,0.1590622703882477,0.17540457668959458,0.176762885516412
objective,12,4,4,0.12,1.0,0.05,0.0176762885516412,0.0176762885516412,0.0176762885516412,0.0,0.072,0.025451720832632512,0.028717641044498032,0.000647790093342483,2.2323722731476536e-16,-0.0752,-0.07520263476809058,0.0005129992371942782,0.0001632284960093564,35.99611164946404,36.0,71.99222329892808,11.82593289199254,141.9111947039105,0.10605200352134016,0.10605773130984719,0.14998018169671848,0.2105714126114029,0.2097677719929831,0.21211546261969438
output,12,4,4,0.12,1.0,0.05,0.0176762885516412,0.0176762885516412,0.0176762885516412,0.0,0.2611714500396041,0.0921415750187715,0.10389696419703243,0.008490069846941117,1.2212453270876722e-15,0.11578947368421044,0.11494294519870622,0.008133730608843481,0.00210156404771018,35.931561080762485,35.99999999999999,71.86312216152496,9.712818045148577,116.55381654178292,0.1059568711775034,0.10605773130984718,0.14984564424584418,0.1908333753769575,0.2097677719929831,0.21211546261969438
objective,14,4,4,0.12,1.0,0.05,0.0176762885516412,0.0176762885516412,0.0176762885516412,0.0,0.084,0.02969193749706565,0.03350130188152911,0.0008816111523298766,2.233456475320139e-16,-0.06141538461538457,-0.06141979936269093,0.0007164279727701617,0.00022280874908019011,48.99274209481294,49.0,97.98548418962588,13.796383762226332,193.14937267116866,0.12372485574881564,0.1237340198614884,0.17497336900262989,0.24566185870086268,0.2437456392136235,0.2474680397229768
output,14,4,4,0.12,1.0,0.05,0.0176762885516412,0.0176762885516412,0.0176762885516412,0.0,0.3047000250462048,0.10741592917700647,0.12108911902798125,0.011538181840961115,1.4450246554886803e-15,0.1271255060728744,0.12597775429927274,0.011693163154149921,0.0028836041545754663,48.87234742498235,48.99999999999999,97.74469484996467,11.325824678622931,158.56154550072102,0.12357274162928027,0.12373401986148838,0.17475824715175448,0.222581988292936,0.2437456392136235,0.2474680397229768
objective,16,4,4,0.12,1.0,0.05,0.0176762885516412,0.0176762885516412,0.0176762885516412,0.0,0.09600000000000002,0.03393135279841637,0.0382837573915229,0.0011513367027308225,2.239961688355052e-16,-0.0513066666666666,-0.05131311188719782,0.0009537076651420229,0.0002915464390786304,63.98755856737596,64.0,127.97511713475193,15.766586433507824,252.26538293612518,0.1413965628480055,0.1414103084131296,0.1999649368525891,0.2807500949329846,0.27727901762189694,0.2828206168262592
output,16,4,4,0.12,1.0,0.05,0.0176762885516412,0.0176762885516412,0.0176762885516412,0.0,0.3482286000528055,0.12265232206631296,0.13822436494050372,0.015043592108260229,1.6670692604137116e-15,0.13543859649122802,0.1339459038926858,0.015884545149508766,0.003784008210020859,63.781364678903195,63.99999999999999,127.56272935780638,12.936167851070213,206.9786856171234,0.14116856045909978,0.14141030841312957,0.19964249278194518,0.2543044119296528,0.27727901762189694,0.2828206168262592
objective,2,8,8,0.12,1.0,0.05,0.0176762885516412,0.0176762885516412,0.0176762885516412,0.0,0.012,0.004242621595310227,0.0047872786411280455,1.7999838001103685e-05,1.109918092764145e-16,-0.9712000000000001,-0.9711957590043624,4.240995637672107e-06,2.9988367743805132e-06,1.0,1.0,2.0,1.9711957590043623,3.9423915180087246,0.0176762885516412,0.0176762885516412,0.02499804700215126,0.03509707779634116,0.035344293392556084,0.0353525771032824
output,2,8,8,0.12,1.0,0.05,0.0176762885516412,0.0176762885516412,0.0176762885516412,0.0,0.06951413356361907,0.02457324679700775,0.027726544325932467,0.0006038444581466518,1.0842021724855044e-19,-0.03355704697986585,-0.033697897988312187,0.00014085100844633824,9.959670320936946e-05,1.9326042040233755,1.9328859060402688,2.0,1.0336978979883122,2.0673957959766245,0.02457324679700775,0.02457503766575714,0.02499804700215126,0.025415748064868664,0.035344293392556084,0.0353525771032824
objective,4,8,8,0.12,1.0,0.05,0.0176762885516412,0.0176762885516412,0.0176762885516412,0.0,0.024,0.008485128641463573,0.009574384943844327,7.19974080624076e-05,2.221394726151238e-16,-0.3141333333333334,-0.3141310244684453,3.816649788146442e-05,1.6569864526693788e-05,3.999962963704534,4.0,7.999925927409068,3.942356037182855,15.76942414873142,0.035352413436842166,0.0353525771032824,0.04999586254500303,0.07019383972448354,0.07062238177318633,0.0707051542065648
output,4,8,8,0.12,1.0,0.05,0.0176762885516412,0.0176762885516412,0.0176762885516412,0.0,0.13902826712723815,0.049124239886133694,0.05541961708926224,0.0024131909443904087,0.0,0.31096196868008946,0.31028480669705166,0.0012661022459432014,0.0007484335006713332,7.723417680364619,7.731543624161075,7.9952513667461105,2.0667714165721036,8.267085666288414,0.049124239886133694,0.04915007533151428,0.04998125348205986,0.05082381967609528,0.07062238177318633,0.0707051542065648
objective,6,8,8,0.12,1.0,0.05,0.0176762885516412,0.0176762885516412,0.0176762885516412,0.0,0.036,0.012727406597913368,0.014361146588348417,0.000161986878708831,2.222614453595284e-16,-0.18272000000000002,-0.18271869968246685,0.00010601395176512707,3.947116268972134e-05,8.9997777863394,9.0,17.9995555726788,5.913445356689602,35.480672140137614,0.05302821099875183,0.053028865654923596,0.07499321518281697,0.10528996993802005,0.10576840449192237,0.10605773130984719
output,6,8,8,0.12,1.0,0.05,0.0176762885516412,0.0176762885516412,0.0176762885516412,0.0,0.20854240069085722,0.07363078153136357,0.08304586789950119,0.005421491988919391,8.673617379884035e-19,0.37986577181208064,0.3783828417240102,0.004742222359230608,0.0019412369344324759,17.351485251720305,17.395973154362416,17.9715338440553,3.0985979351983164,18.591587611189897,0.07363078153136357,0.07372511299727143,0.07493481768422072,0.07621655614554906,0.10576840449192237,0.10605773130984719
objective,8,8,8,0.12,1.0,0.05,0.0176762885516412,0.0176762885516412,0.0176762885516412,0.0,0.047999999999999994,0.01696934094126956,0.019147391292061222,0.00028795853198126996,2.2264091611989834e-16,-0.12639999999999998,-0.1263997984088406,0.00020777625288292967,7.155539166890937e-05,15.999259306985415,16.0,31.99851861397083,7.884428245638635,63.07542596510908,0.07070351759969185,0.0707051542065648,0.09998987349696903,0.14038515263412757,0.14071718691490656,0.1414103084131296
output,8,8,8,0.12,1.0,0.05,0.0176762885516412,0.0176762885516412,0.0176762885516412,0.0,0.2780565342544763,0.09807078572756844,0.1105721879795829,0.009617879013222641,1.734723475976807e-18,0.4093959731543624,0.4068218220050549,0.010646010869275746,0.003610316458057908,30.782022032283077,30.9261744966443,31.905232277887386,4.128558340708781,33.02846672567025,0.09807078572756843,0.09830015066302857,0.09984401522593243,0.10158633422684858,0.14071718691490656,0.1414103084131296
objective,10,8,8,0.12,1.0,0.05,0.0176762885516412,0.0176762885516412,0.0176762885516412,0.0,0.05999999999999999,0.021210817173926897,0.02393294682822522,0.00044989876518597503,2.2280354644577116e-16,-0.09511111111111113,-0.09511221100340275,0.0003434427483574032,0.00011280946408204152,24.998148329135137,25.0,49.99629665827027,9.855269241083251,98.5526924108325,0.08837816963074634,0.088381442758206,0.12498560610951144,0.17547907207535712,0.17540457668959458,0.176762885516412
output,10,8,8,0.12,1.0,0.05,0.0176762885516412,0.0176762885516412,0.0176762885516412,0.0,0.3475706678180954,0.12242233353486383,0.1379658291517205,0.014987227748121446,1.734723475976807e-18,0.4258016405667412,0.42185136442391785,0.018866725902465298,0.005748414320230435,47.966622798152606,48.32214765100672,49.76346380810961,5.156038755366749,51.560387553667496,0.12242233353486383,0.12287518832878572,0.12469423738286421,0.12692558361379555,0.17540457668959458,0.176762885516412
objective,12,8,8,0.12,1.0,0.05,0.0176762885516412,0.0176762885516412,0.0176762885516412,0.0,0.072,0.025451720832632512,0.028717641044498032,0.000647790093342483,2.2323722731476536e-16,-0.0752,-0.07520263476809058,0.0005129992371942782,0.0001632284960093564,35.99611164946404,36.0,71.99222329892808,11.82593289199254,141.9111947039105,0.10605200352134016,0.10605773130984719,0.14998018169671848,0.2105714126114029,0.2097677719929831,0.21211546261969438
output,12,8,8,0.12,1.0,0.05,0.0176762885516412,0.0176762885516412,0.0176762885516412,0.0,0.41708480138171455,0.14666372777850262,0.16519452065544726,0.02151024904588672,0.0,0.43624161073825507,0.4306329744812094,0.029360207212190015,0.008348580485834709,68.84355263151964,69.58389261744968,71.50425450948308,6.180432234347624,74.16518681217148,0.14666372777850262,0.14745022599454286,0.14947102889589817,0.15222680417385975,0.2097677719929831,0.21211546261969438
objective,14,8,8,0.12,1.0,0.05,0.0176762885516412,0.0176762885516412,0.0176762885516412,0.0,0.084,0.02969193749706565,0.03350130188152911,0.0008816111523298766,2.233456475320139e-16,-0.06141538461538457,-0.06141979936269093,0.0007164279727701617,0.00022280874908019011,48.99274209481294,49.0,97.98548418962588,13.796383762226332,193.14937267116866,0.12372485574881564,0.1237340198614884,0.17497336900262989,0.24566185870086268,0.2437456392136235,0.2474680397229768
output,14,8,8,0.12,1.0,0.05,0.0176762885516412,0.0176762885516412,0.0176762885516412,0.0,0.4865989349453337,0.1707735469075129,0.19222658310370466,0.029163604323372505,3.469446951953614e-18,0.44346928239545697,0.4359237164638338,0.04207028461338291,0.011402769694136493,93.33811639641776,94.71140939597318,97.07676407240336,7.201140422957333,100.81596592140266,0.1707735469075129,0.17202526366030002,0.1741601251434331,0.17748258283164128,0.2437456392136235,0.2474680397229768
objective,16,8,8,0.12,1.0,0.05,0.0176762885516412,0.0176762885516412,0.0176762885516412,0.0,0.09600000000000002,0.03393135279841637,0.0382837573915229,0.0011513367027308225,2.239961688355052e-16,-0.0513066666666666,-0.05131311188719782,0.0009537076651420229,0.0002915464390786304,63.98755856737596,64.0,127.97511713475193,15.766586433507824,252.26538293612518,0.1413965628480055,0.1414103084131296,0.1999649368525891,0.2807500949329846,0.27727901762189694,0.2828206168262592
output,16,8,8,0.12,1.0,0.05,0.0176762885516412,0.0176762885516412,0.0176762885516412,0.0,0.5561130685089528,0.1947306978093156,0.21903103890685593,0.03792004466930299,0.0,0.44876957494407155,0.43901293313166306,0.05692922464848593,0.014901682250619561,121.36310395159913,123.70469798657722,126.42155673673184,8.217575164216669,131.4812026274667,0.1947306978093156,0.19660030132605713,0.1987474885265692,0.20268561002001143,0.27727901762189694,0.2828206168262592
objective,2,16,16,0.12,1.0,0.05,0.0176762885516412,0.0176762885516412,0.0176762885516412,0.0,0.012,0.004242621595310227,0.0047872786411280455,1.7999838001103685e-05,1.109918092764145e-16,-0.9712000000000001,-0.9711957590043624,4.240995637672107e-06,2.9988367743805132e-06,1.0,1.0,2.0,1.9711957590043623,3.9423915180087246,0.0176762885516412,0.0176762885516412,0.02499804700215126,0.03509707779634116,0.035344293392556084,0.0353525771032824
output,2,16,16,0.12,1.0,0.05,0.0176762885516412,0.0176762885516412,0.0176762885516412,0.0,0.08882798522371264,0.03139769314039194,0.03542559183598426,0.000985815134538215,0.0,0.578082191780822,0.5775506818808318,0.0005315098999901791,0.0003758342545508393,3.1551013637616636,3.156164383561644,3.1551013637616636,1.5775506818808318,3.1551013637616636,0.03139769314039194,0.031402981965505304,0.03139769314039194,0.03139769314039194,0.035344293392556084,0.0353525771032824
objective,4,16,16,0.12,1.0,0.05,0.0176762885516412,0.0176762885516412,0.0176762885516412,0.0,0.024,0.008485128641463573,0.009574384943844327,7.19974080624076e-05,2.221394726151238e-16,-0.3141333333333334,-0.3141310244684453,3.816649788146442e-05,1.6569864526693788e-05,3.999962963704534,4.0,7.999925927409068,3.942356037182855,15.76942414873142,0.035352413436842166,0.0353525771032824,0.04999586254500303,0.07019383972448354,0.07062238177318633,0.0707051542065648
output,4,16,16,0.12,1.0,0.05,0.0176762885516412,0.0176762885516412,0.0176762885516412,0.0,0.1776559704474253,0.06274897115105817,0.07078138339434492,0.003937433380516331,8.673617379884035e-19,0.7187214611872147,0.7168129697399329,0.004775413870918843,0.002137767306036884,12.601755636879195,12.624657534246577,12.601755636879197,3.1504403386322064,12.601761354528826,0.06274897115105818,0.06280596393101061,0.06274897115105818,0.062748985386241,0.07062238177318633,0.0707051542065648
objective,6,16,16,0.12,1.0,0.05,0.0176762885516412,0.0176762885516412,0.0176762885516412,0.0,0.036,0.012727406597913368,0.014361146588348417,0.000161986878708831,2.222614453595284e-16,-0.18272000000000002,-0.18271869968246685,0.00010601395176512707,3.947116268972134e-05,8.9997777863394,9.0,17.9995555726788,5.913445356689602,35.480672140137614,0.05302821099875183,0.053028865654923596,0.07499321518281697,0.10528996993802005,0.10576840449192237,0.10605773130984719
output,6,16,16,0.12,1.0,0.05,0.0176762885516412,0.0176762885516412,0.0176762885516412,0.0,0.2664839556711379,0.09400760945039315,0.10599798671622951,0.008837430634577648,1.734723475976807e-18,0.7468493150684933,0.7428065658701911,0.013219814459413781,0.0051421827477934265,28.28419697610573,28.405479452054795,28.28419697610573,4.714047685817537,28.28428611490522,0.09400760945039316,0.09420894589651592,0.09400760945039316,0.09400775758468266,0.10576840449192237,0.10605773130984719
objective,8,16,16,0.12,1.0,0.05,0.0176762885516412,0.0176762885516412,0.0176762885516412,0.0,0.047999999999999994,0.01696934094126956,0.019147391292061222,0.00028795853198126996,2.2264091611989834e-16,-0.12639999999999998,-0.1263997984088406,0.00020777625288292967,7.155539166890937e-05,15.999259306985415,16.0,31.99851861397083,7.884428245638635,63.07542596510908,0.07070351759969185,0.0707051542065648,0.09998987349696903,0.14038515263412757,0.14071718691490656,0.1414103084131296
output,8,16,16,0.12,1.0,0.05,0.0176762885516412,0.0176762885516412,0.0176762885516412,0.0,0.3553119408948505,0.12512776337041964,0.1410068344236295,0.01565695716608373,3.469446951953614e-18,0.7589041095890412,0.7519659253175297,0.0257785043678469,0.009332425927718832,50.11009181778166,50.49863013698631,50.11009181778166,6.263830343465337,50.11064274772269,0.12512776337041964,0.12561192786202122,0.12512776337041964,0.12512845122030491,0.14071718691490656,0.1414103084131296
objective,10,16,16,0.12,1.0,0.05,0.0176762885516412,0.0176762885516412,0.0176762885516412,0.0,0.05999999999999999,0.021210817173926897,0.02393294682822522,0.00044989876518597503,2.2280354644577116e-16,-0.09511111111111113,-0.09511221100340275,0.0003434427483574032,0.00011280946408204152,24.998148329135137,25.0,49.99629665827027,9.855269241083251,98.5526924108325,0.08837816963074634,0.088381442758206,0.12498560610951144,0.17547907207535712,0.17540457668959458,0.176762885516412
output,10,16,16,0.12,1.0,0.05,0.0176762885516412,0.0176762885516412,0.0176762885516412,0.0,0.4441399261185631,0.15606415516625735,0.17574057992390246,0.024356020527757646,6.938893903907228e-18,0.7656012176560122,0.7550160481483967,0.04232368032829692,0.014683746155208366,77.95144433335571,78.90410958904111,77.95144433335571,7.795362857632748,77.95362857632747,0.15606415516625735,0.15701490982752653,0.15606415516625735,0.15606634165330122,0.17540457668959458,0.176762885516412
objective,12,16,16,0.12,1.0,0.05,0.0176762885516412,0.0176762885516412,0.0176762885516412,0.0,0.072,0.025451720832632512,0.028717641044498032,0.000647790093342483,2.2323722731476536e-16,-0.0752,-0.07520263476809058,0.0005129992371942782,0.0001632284960093564,35.99611164946404,36.0,71.99222329892808,11.82593289199254,141.9111947039105,0.10605200352134016,0.10605773130984719,0.14998018169671848,0.2105714126114029,0.2097677719929831,0.21211546261969438
output,12,16,16,0.12,1.0,0.05,0.0176762885516412,0.0176762885516412,0.0176762885516412,0.0,0.5329679113422757,0.18677225751445953,0.21013348566657708,0.03488387617704758,6.938893903907228e-18,0.7698630136986303,0.7548927773717372,0.06268772219404417,0.021167766544115854,111.64584661306931,113.6219178082192,111.64584661306931,9.304373037469471,111.65247644963365,0.18677225751445953,0.18841789179303184,0.18677225751445953,0.18677780295657503,0.2097677719929831,0.21211546261969438
objective,14,16,16,0.12,1.0,0.05,0.0176762885516412,0.0176762885516412,0.0176762885516412,0.0,0.084,0.02969193749706565,0.03350130188152911,0.0008816111523298766,2.233456475320139e-16,-0.06141538461538457,-0.06141979936269093,0.0007164279727701617,0.00022280874908019011,48.99274209481294,49.0,97.98548418962588,13.796383762226332,193.14937267116866,0.12372485574881564,0.1237340198614884,0.17497336900262989,0.24566185870086268,0.2437456392136235,0.2474680397229768
output,14,16,16,0.12,1.0,0.05,0.0176762885516412,0.0176762885516412,0.0176762885516412,0.0,0.6217958965659883,0.21720847237239238,0.24412179572587878,0.047179520470348346,0.0,0.772813487881981,0.7527365741427223,0.08895367260546938,0.028750911043386222,150.99805649397547,154.65205479452058,150.99805649397547,10.78677609930805,151.0148653903127,0.21720847237239238,0.21982087375853715,0.21720847237239238,0.21722056171042448,0.2437456392136235,0.2474680397229768
objective,16,16,16,0.12,1.0,0.05,0.0176762885516412,0.0176762885516412,0.0176762885516412,0.0,0.09600000000000002,0.03393135279841637,0.0382837573915229,0.0011513367027308225,2.239961688355052e-16,-0.0513066666666666,-0.05131311188719782,0.0009537076651420229,0.0002915464390786304,63.98755856737596,64.0,127.97511713475193,15.766586433507824,252.26538293612518,0.1413965628480055,0.1414103084131296,0.1999649368525891,0.2807500949329846,0.27727901762189694,0.2828206168262592
output,16,16,16,0.12,1.0,0.05,0.0176762885516412,0.0176762885516412,0.0176762885516412,0.0,0.7106238817897009,0.2473303041067764,0.2776440891960239,0.061172279329550494,0.0,0.7749771689497718,0.7490911732801849,0.11983699247934587,0.037394416533760154,195.7818815872444,201.99452054794526,195.78188158724436,12.238706153147492,195.81929845035987,0.24733030410677642,0.2512238557240425,0.2473303041067764,0.24735393724877133,0.27727901762189694,0.2828206168262592
objective,2,32,32,0.12,1.0,0.05,0.0176762885516412,0.0176762885516412,0.0176762885516412,0.0,0.012,0.004242621595310227,0.0047872786411280455,1.7999838001103685e-05,1.109918092764145e-16,-0.9712000000000001,-0.9711957590043624,4.240995637672107e-06,2.9988367743805132e-06,1.0,1.0,2.0,1.9711957590043623,3.9423915180087246,0.0176762885516412,0.0176762885516412,0.02499804700215126,0.03509707779634116,0.035344293392556084,0.0353525771032824
output,2,32,32,0.12,1.0,0.05,0.0176762885516412,0.0176762885516412,0.0176762885516412,0.0,0.09681670501213115,0.03421985011864132,0.038609197226556535,0.0011709981421422764,2.168404344971009e-19,0.874694873881204,0.8738897922104533,0.0008050816707507735,0.0005692787087968673,3.7477795844209068,3.749389747762408,3.7477795844209068,1.8738897922104534,3.7477795844209068,0.03421985011864132,0.034227200288271135,0.03421985011864132,0.03421985011864132,0.035344293392556084,0.0353525771032824
objective,4,32,32,0.12,1.0,0.05,0.0176762885516412,0.0176762885516412,0.0176762885516412,0.0,0.024,0.008485128641463573,0.009574384943844327,7.19974080624076e-05,2.221394726151238e-16,-0.3141333333333334,-0.3141310244684453,3.816649788146442e-05,1.6569864526693788e-05,3.999962963704534,4.0,7.999925927409068,3.942356037182855,15.76942414873142,0.035352413436842166,0.0353525771032824,0.04999586254500303,0.07019383972448354,0.07062238177318633,0.0707051542065648
output,4,32,32,0.12,1.0,0.05,0.0176762885516412,0.0176762885516412,0.0176762885516412,0.0,0.1936334100242623,0.06837961369924223,0.07712804242442228,0.004675771569657594,8.673617379884035e-19,0.9164632492541359,0.9137339192044371,0.007231467307509232,0.0031000022716138587,14.964807030453244,14.99755899104963,14.964807030453244,3.7412045174266266,14.964818069706507,0.06837961369924221,0.06845440057654227,0.06837961369924221,0.06837963892040722,0.07062238177318633,0.0707051542065648
objective,6,32,32,0.12,1.0,0.05,0.0176762885516412,0.0176762885516412,0.0176762885516412,0.0,0.036,0.012727406597913368,0.014361146588348417,0.000161986878708831,2.222614453595284e-16,-0.18272000000000002,-0.18271869968246685,0.00010601395176512707,3.947116268972134e-05,8.9997777863394,9.0,17.9995555726788,5.913445356689602,35.480672140137614,0.05302821099875183,0.053028865654923596,0.07499321518281697,0.10528996993802005,0.10576840449192237,0.10605773130984719
output,6,32,32,0.12,1.0,0.05,0.0176762885516412,0.0176762885516412,0.0176762885516412,0.0,0.29045011503639345,0.10241949718382932,0.11546681738701903,0.010489753403388423,0.0,0.9248169243287222,0.919081868023786,0.020008440104535286,0.00732541764903906,33.57245604071358,33.74450772986167,33.57245604071359,5.595435670780936,33.57261402468561,0.10241949718382932,0.1026816008648134,0.10241949718382934,0.10241973816441059,0.10576840449192237,0.10605773130984719
objective,8,32,32,0.12,1.0,0.05,0.0176762885516412,0.0176762885516412,0.0176762885516412,0.0,0.047999999999999994,0.01696934094126956,0.019147391292061222,0.00028795853198126996,2.2264091611989834e-16,-0.12639999999999998,-0.1263997984088406,0.00020777625288292967,7.155539166890937e-05,15.999259306985415,16.0,31.99851861397083,7.884428245638635,63.07542596510908,0.07070351759969185,0.0707051542065648,0.09998987349696903,0.14038515263412757,0.14071718691490656,0.1414103084131296
output,8,32,32,0.12,1.0,0.05,0.0176762885516412,0.0176762885516412,0.0176762885516412,0.0,0.3872668200485246,0.13628029081490714,0.1535370641473044,0.01857231766459566,3.469446951953614e-18,0.9283970707892593,0.9185839851640974,0.03898564727757359,0.013206250618828259,59.440703169189455,59.99023596419852,59.440703169189455,7.430206724516264,59.44165379613011,0.1362802908149071,0.13690880115308454,0.1362802908149071,0.13628138056646666,0.14071718691490656,0.1414103084131296
objective,10,32,32,0.12,1.0,0.05,0.0176762885516412,0.0176762885516412,0.0176762885516412,0.0,0.05999999999999999,0.021210817173926897,0.02393294682822522,0.00044989876518597503,2.2280354644577116e-16,-0.09511111111111113,-0.09511221100340275,0.0003434427483574032,0.00011280946408204152,24.998148329135137,25.0,49.99629665827027,9.855269241083251,98.5526924108325,0.08837816963074634,0.088381442758206,0.12498560610951144,0.17547907207535712,0.17540457668959458,0.176762885516412
output,10,32,32,0.12,1.0,0.05,0.0176762885516412,0.0176762885516412,0.0176762885516412,0.0,0.4840835250606557,0.1699036551565418,0.19125219670682903,0.028867252035553067,3.469446951953614e-18,0.9303860410451131,0.91544045435038,0.06394064388393428,0.020704990074046522,92.3896408915342,93.73474369406019,92.3896408915342,9.239336276151697,92.39336276151697,0.1699036551565418,0.17113600144135568,0.1699036551565418,0.1699070773635097,0.17540457668959458,0.176762885516412
objective,12,32,32,0.12,1.0,0.05,0.0176762885516412,0.0176762885516412,0.0176762885516412,0.0,0.072,0.025451720832632512,0.028717641044498032,0.000647790093342483,2.2323722731476536e-16,-0.0752,-0.07520263476809058,0.0005129992371942782,0.0001632284960093564,35.99611164946404,36.0,71.99222329892808,11.82593289199254,141.9111947039105,0.10605200352134016,0.10605773130984719,0.14998018169671848,0.2105714126114029,0.2097677719929831,0.21211546261969438
output,12,32,32,0.12,1.0,0.05,0.0176762885516412,0.0176762885516412,0.0176762885516412,0.0,0.5809002300727869,0.20323240121610184,0.22852809103224136,0.04130340890406259,0.0,0.9316517493897475,0.9105421308564783,0.09458252123779542,0.02977521592319429,132.1915612730551,134.97803091944667,132.19156127305513,11.01689786431451,132.20277437177413,0.2032324012161018,0.2053632017296268,0.20323240121610184,0.20324102058874513,0.2097677719929831,0.21211546261969438
objective,14,32,32,0.12,1.0,0.05,0.0176762885516412,0.0176762885516412,0.0176762885516412,0.0,0.084,0.02969193749706565,0.03350130188152911,0.0008816111523298766,2.233456475320139e-16,-0.06141538461538457,-0.06141979936269093,0.0007164279727701617,0.00022280874908019011,48.99274209481294,49.0,97.98548418962588,13.796383762226332,193.14937267116866,0.12372485574881564,0.1237340198614884,0.17497336900262989,0.24566185870086268,0.2437456392136235,0.2474680397229768
output,14,32,32,0.12,1.0,0.05,0.0176762885516412,0.0176762885516412,0.0176762885516412,0.0,0.677716935084918,0.23621076212567482,0.265283646627994,0.05579552414399214,0.0,0.9325280090129561,0.9042504201969565,0.13055662569543292,0.0403614743412837,178.57357647584607,183.72009764035795,178.57357647584607,12.757275466078642,178.601856525101,0.2362107621256748,0.23959040201789794,0.2362107621256748,0.23622946530580463,0.2437456392136235,0.2474680397229768
objective,16,32,32,0.12,1.0,0.05,0.0176762885516412,0.0176762885516412,0.0176762885516412,0.0,0.09600000000000002,0.03393135279841637,0.0382837573915229,0.0011513367027308225,2.239961688355052e-16,-0.0513066666666666,-0.05131311188719782,0.0009537076651420229,0.0002915464390786304,63.98755856737596,64.0,127.97511713475193,15.766586433507824,252.26538293612518,0.1413965628480055,0.1414103084131296,0.1999649368525891,0.2807500949329846,0.27727901762189694,0.2828206168262592
output,16,32,32,0.12,1.0,0.05,0.0176762885516412,0.0176762885516412,0.0176762885516412,0.0,0.7745336400970492,0.26878465441981275,0.30144131345304404,0.07224519045157818,1.3877787807814457e-17,0.9331705994033086,0.8967530580068718,0.17145026964315513,0.0523997851107954,231.2207339216492,239.96094385679407,231.2207339216492,14.455213791972044,231.2834206715527,0.26878465441981275,0.2738176023061691,0.26878465441981275,0.2688210873431721,0.27727901762189694,0.2828206168262592
objective,2,64,64,0.12,1.0,0.05,0.0176762885516412,0.0176762885516412,0.0176762885516412,0.0,0.012,0.004242621595310227,0.0047872786411280455,1.7999838001103685e-05,1.109918092764145e-16,-0.9712000000000001,-0.9711957590043624,4.240995637672107e-06,2.9988367743805132e-06,1.0,1.0,2.0,1.9711957590043623,3.9423915180087246,0.0176762885516412,0.0176762885516412,0.02499804700215126,0.03509707779634116,0.035344293392556084,0.0353525771032824
output,2,64,64,0.12,1.0,0.05,0.0176762885516412,0.0176762885516412,0.0176762885516412,0.0,0.09917482380974907,0.035052820695039705,0.03954882186365438,0.001228700238678604,0.0,0.967129135538954,0.9662275729440357,0.0009015625949182482,0.0006375010245308337,3.9324551458880714,3.9342582710779075,3.9324551458880714,1.9662275729440357,3.9324551458880714,0.035052820695039705,0.035060856054386004,0.035052820695039705,0.035052820695039705,0.035344293392556084,0.0353525771032824
objective,4,64,64,0.12,1.0,0.05,0.0176762885516412,0.0176762885516412,0.0176762885516412,0.0,0.024,0.008485128641463573,0.009574384943844327,7.19974080624076e-05,2.221394726151238e-16,-0.3141333333333334,-0.3141310244684453,3.816649788146442e-05,1.6569864526693788e-05,3.999962963704534,4.0,7.999925927409068,3.942356037182855,15.76942414873142,0.035352413436842166,0.0353525771032824,0.04999586254500303,0.07019383972448354,0.07062238177318633,0.0707051542065648
output,4,64,64,0.12,1.0,0.05,0.0176762885516412,0.0176762885516412,0.0176762885516412,0.0,0.19834964761949814,0.07004106043366154,0.07900053601686619,0.004905750146671828,0.0,0.9780860903593026,0.9750711226813573,0.008097418933248557,0.0034380575843014163,15.700853472176286,15.73703308431163,15.700853472176286,3.925216666011971,15.700866664047885,0.07004106043366154,0.07012171210877201,0.07004106043366154,0.07004108985793721,0.07062238177318633,0.0707051542065648
objective,6,64,64,0.12,1.0,0.05,0.0176762885516412,0.0176762885516412,0.0176762885516412,0.0,0.036,0.012727406597913368,0.014361146588348417,0.000161986878708831,2.222614453595284e-16,-0.18272000000000002,-0.18271869968246685,0.00010601395176512707,3.947116268972134e-05,8.9997777863394,9.0,17.9995555726788,5.913445356689602,35.480672140137614,0.05302821099875183,0.053028865654923596,0.07499321518281697,0.10528996993802005,0.10576840449192237,0.10605773130984719
output,6,64,64,0.12,1.0,0.05,0.0176762885516412,0.0176762885516412,0.0176762885516412,0.0,0.2975244714292472,0.10490046866025371,0.11825874947510351,0.011004108325140871,0.0,0.9802774813233722,0.9739549660392287,0.022400690133217105,0.00808962840938692,35.21864898117686,35.40832443970117,35.21864898117687,5.869805677863647,35.21883406718189,0.10490046866025371,0.10518256816315802,0.10490046866025372,0.10490074430375115,0.10576840449192237,0.10605773130984719
objective,8,64,64,0.12,1.0,0.05,0.0176762885516412,0.0176762885516412,0.0176762885516412,0.0,0.047999999999999994,0.01696934094126956,0.019147391292061222,0.00028795853198126996,2.2264091611989834e-16,-0.12639999999999998,-0.1263997984088406,0.00020777625288292967,7.155539166890937e-05,15.999259306985415,16.0,31.99851861397083,7.884428245638635,63.07542596510908,0.07070351759969185,0.0707051542065648,0.09998987349696903,0.14038515263412757,0.14071718691490656,0.1414103084131296
output,8,64,64,0.12,1.0,0.05,0.0176762885516412,0.0176762885516412,0.0176762885516412,0.0,0.3966992952389963,0.13956745306540574,0.15722848994536287,0.019479073955164235,0.0,0.9812166488794023,0.9704067267994194,0.04363601185025967,0.014559524776505102,62.34277670076749,62.94813233724652,62.34277670076749,7.792985374257336,62.34388299405869,0.13956745306540577,0.14024342421754402,0.13956745306540577,0.13956869139533098,0.14071718691490656,0.1414103084131296
objective,10,64,64,0.12,1.0,0.05,0.0176762885516412,0.0176762885516412,0.0176762885516412,0.0,0.05999999999999999,0.021210817173926897,0.02393294682822522,0.00044989876518597503,2.2280354644577116e-16,-0.09511111111111113,-0.09511221100340275,0.0003434427483574032,0.00011280946408204152,24.998148329135137,25.0,49.99629665827027,9.855269241083251,98.5526924108325,0.08837816963074634,0.088381442758206,0.12498560610951144,0.17547907207535712,0.17540457668959458,0.176762885516412
output,10,64,64,0.12,1.0,0.05,0.0176762885516412,0.0176762885516412,0.0176762885516412,0.0,0.49587411904874534,0.17397940234530382,0.19581689442139893,0.030268832440429105,3.469446951953614e-18,0.9817384086327522,0.9652822112648801,0.07154410060375149,0.022805468840314237,96.8753990138392,98.3564567769477,96.87539901383921,9.687971631583085,96.87971631583085,0.17397940234530382,0.17530428027193004,0.17397940234530382,0.17398327904289448,0.17540457668959458,0.176762885516412
objective,12,64,64,0.12,1.0,0.05,0.0176762885516412,0.0176762885516412,0.0176762885516412,0.0,0.072,0.025451720832632512,0.028717641044498032,0.000647790093342483,2.2323722731476536e-16,-0.0752,-0.07520263476809058,0.0005129992371942782,0.0001632284960093564,35.99611164946404,36.0,71.99222329892808,11.82593289199254,141.9111947039105,0.10605200352134016,0.10605773130984719,0.14998018169671848,0.2105714126114029,0.2097677719929831,0.21211546261969438
output,12,64,64,0.12,1.0,0.05,0.0176762885516412,0.0176762885516412,0.0176762885516412,0.0,0.5950489428584944,0.20807500139374274,0.23393387209556704,0.04329520620500604,0.0,0.9820704375667021,0.9588356711105608,0.10578617656730538,0.03277416455089732,138.56630858659403,141.63329775880467,138.56630858659403,11.54827414910854,138.5792897893025,0.20807500139374271,0.21036513632631604,0.20807500139374271,0.20808474763199408,0.2097677719929831,0.21211546261969438
objective,14,64,64,0.12,1.0,0.05,0.0176762885516412,0.0176762885516412,0.0176762885516412,0.0,0.084,0.02969193749706565,0.03350130188152911,0.0008816111523298766,2.233456475320139e-16,-0.06141538461538457,-0.06141979936269093,0.0007164279727701617,0.00022280874908019011,48.99274209481294,49.0,97.98548418962588,13.796383762226332,193.14937267116866,0.12372485574881564,0.1237340198614884,0.17497336900262989,0.24566185870086268,0.2437456392136235,0.2474680397229768
output,14,64,64,0.12,1.0,0.05,0.0176762885516412,0.0176762885516412,0.0176762885516412,0.0,0.6942237666682434,0.24179453651862115,0.2714927337117341,0.05846459789025482,6.938893903907228e-18,0.9823003037517444,0.9511865223641016,0.14594970853785882,0.044401810399759,187.1159470702665,192.77865528281748,187.1159470702665,13.36775994436688,187.1486392211363,0.24179453651862115,0.24542599238070206,0.24179453651862115,0.24181565828389084,0.2437456392136235,0.2474680397229768
objective,16,64,64,0.12,1.0,0.05,0.0176762885516412,0.0176762885516412,0.0176762885516412,0.0,0.09600000000000002,0.03393135279841637,0.0382837573915229,0.0011513367027308225,2.239961688355052e-16,-0.0513066666666666,-0.05131311188719782,0.0009537076651420229,0.0002915464390786304,63.98755856737596,64.0,127.97511713475193,15.766586433507824,252.26538293612518,0.1413965628480055,0.1414103084131296,0.1999649368525891,0.2807500949329846,0.27727901762189694,0.2828206168262592
output,16,64,64,0.12,1.0,0.05,0.0176762885516412,0.0176762885516412,0.0176762885516412,0.0,0.7933985904779923,0.275080188371022,0.3084107800519571,0.07566911003423693,1.3877787807814457e-17,0.9824688722874421,0.9424124526463022,0.19155535599907292,0.05761482473997944,242.17898863511255,251.7925293489861,242.17898863511255,15.140710575721922,242.25136921155075,0.27508018837102194,0.2804868484350881,0.27508018837102194,0.27512129221587733,0.27727901762189694,0.2828206168262592
objective,2,1,1,0.12,1.0,0.1,0.035344293392556084,0.035344293392556084,0.035344293392556084,0.0,0.024,0.008485128641463573,0.009574384943844327,7.199740806218597e-05,5.014435047745458e-19,-0.9712000000000001,-0.971183033673244,1.696632675607379e-05,1.1997004701046536e-05,1.0,1.0,2.0,1.971183033673244,3.942366067346488,0.035344293392556084,0.035344293392556084,0.049984379068246584,0.07017748138551388,0.07062238177318633,0.07068858678511217
output,2,1,1,0.12,1.0,0.1,0.035344293392556084,0.035344293392556084,0.035344293392556084,0.0,0.024,0.008485128641463573,0.009574384943844327,7.199740806218597e-05,5.014435047745458e-19,-0.9712000000000001,-0.971183033673244,1.696632675607379e-05,1.1997004701046536e-05,1.0,1.0,2.0,1.971183033673244,3.942366067346488,0.035344293392556084,0.035344293392556084,0.049984379068246584,0.07017748138551388,0.07062238177318633,0.07068858678511217
objective,4,1,1,0.12,1.0,0.1,0.035344293392556084,0.035344293392556084,0.035344293392556084,0.0,0.048,0.01696934094126956,0.019147391292061222,0.0002879585319810482,8.673617379884035e-19,-0.3141333333333334,-0.3141240970961235,0.00015265756922100415,6.627641221743923e-05,3.99985186087377,4.0,7.99970372174754,3.9422241533297635,15.768896613319054,0.0706872778048075,0.07068858678511217,0.09996690695879344,0.14035243655765134,0.14071718691490656,0.14137717357022433
output,4,1,1,0.12,1.0,0.1,0.035344293392556084,0.035344293392556084,0.035344293392556084,0.0,0.048,0.01696934094126956,0.019147391292061222,0.0002879585319810482,8.673617379884035e-19,-0.3141333333333334,-0.3141240970961235,0.00015265756922100415,6.627641221743923e-05,3.99985186087377,4.0,7.99970372174754,3.9422241533297635,15.768896613319054,0.0706872778048075,0.07068858678511217,0.09996690695879344,0.14035243655765134,0.14071718691490656,0.14137717357022433
objective,6,1,1,0.12,1.0,0.1,0.035344293392556084,0.035344293392556084,0.035344293392556084,0.0,0.072,0.025451720832632512,0.028717641044498032,0.0006477900933422611,1.3010426069826053e-18,-0.18272000000000002,-0.18271479876004548,0.00042398323456482867,0.00015786455069691688,8.99911123102331,9.0,17.99822246204662,5.912981492628726,35.47788895577236,0.106027644563163,0.10603288017766825,0.14994573292769908,0.21052234000017875,0.2097677719929831,0.2120657603553365
output,6,1,1,0.12,1.0,0.1,0.035344293392556084,0.035344293392556084,0.035344293392556084,0.0,0.072,0.025451720832632512,0.028717641044498032,0.0006477900933422611,1.3010426069826053e-18,-0.18272000000000002,-0.18271479876004548,0.00042398323456482867,0.00015786455069691688,8.99911123102331,9.0,17.99822246204662,5.912981492628726,35.47788895577236,0.106027644563163,0.10603288017766825,0.14994573292769908,0.21052234000017875,0.2097677719929831,0.2120657603553365
objective,8,1,1,0.12,1.0,0.1,0.035344293392556084,0.035344293392556084,0.035344293392556084,0.0,0.09599999999999999,0.03393135279841637,0.0382837573915229,0.0011513367027306005,1.951563910473908e-18,-0.12639999999999998,-0.1263991937416645,0.0008308297234753681,0.00028615542416642,15.997037743672827,16.0,31.994075487345654,7.883313280547813,63.0665062443825,0.14136408560732516,0.14137717357022433,0.19991900709835048,0.2806846675907314,0.27727901762189694,0.28275434714044867
output,8,1,1,0.12,1.0,0.1,0.035344293392556084,0.035344293392556084,0.035344293392556084,0.0,0.09599999999999999,0.03393135279841637,0.0382837573915229,0.0011513367027306005,1.951563910473908e-18,-0.12639999999999998,-0.1263991937416645,0.0008308297234753681,0.00028615542416642,15.997037743672827,16.0,31.994075487345654,7.883313280547813,63.0665062443825,0.14136408560732516,0.14137717357022433,0.19991900709835048,0.2806846675907314,0.27727901762189694,0.28275434714044867
objective,10,1,1,0.12,1.0,0.1,0.035344293392556084,0.035344293392556084,0.035344293392556084,0.0,0.11999999999999998,0.04240732214562371,0.04784436530821368,0.0017983809715627099,2.6020852139652106e-18,-0.09511111111111113,-0.09511550938814049,0.0013730267357890957,0.00045107434062785094,24.99259534552929,25.0,49.98519069105858,9.853077888959023,98.53077888959022,0.17669529379659601,0.1767214669627804,0.24988488089464475,0.3508368972967012,0.34278724803499405,0.3534429339255608
output,10,1,1,0.12,1.0,0.1,0.035344293392556084,0.035344293392556084,0.035344293392556084,0.0,0.11999999999999998,0.04240732214562371,0.04784436530821368,0.0017983809715627099,2.6020852139652106e-18,-0.09511111111111113,-0.09511550938814049,0.0013730267357890957,0.00045107434062785094,24.99259534552929,25.0,49.98519069105858,9.853077888959023,98.53077888959022,0.17669529379659601,0.1767214669627804,0.24988488089464475,0.3508368972967012,0.34278724803499405,0.3534429339255608
objective,12,1,1,0.12,1.0,0.1,0.035344293392556084,0.035344293392556084,0.035344293392556084,0.0,0.144,0.050878715279541485,0.05739809214726321,0.002588643668496652,3.903127820947816e-18,-0.0752,-0.0752105338918028,0.0020503473892261592,0.0006525731259437815,35.98445275656779,36.0,71.96890551313558,11.822133880104898,141.86560656125877,0.21201996321578143,0.2120657603553365,0.29984150747360283,0.4209765098698776,0.40586917669210604,0.424131520710673
output,12,1,1,0.12,1.0,0.1,0.035344293392556084,0.035344293392556084,0.035344293392556084,0.0,0.144,0.050878715279541485,0.05739809214726321,0.002588643668496652,3.903127820947816e-18,-0.0752,-0.0752105338918028,0.0020503473892261592,0.0006525731259437815,35.98445275656779,36.0,71.96890551313558,11.822133880104898,141.86560656125877,0.21201996321578143,0.2120657603553365,0.29984150747360283,0.4209765098698776,0.40586917669210604,0.424131520710673
objective,14,1,1,0.12,1.0,0.1,0.035344293392556084,0.035344293392556084,0.035344293392556084,0.0,0.168,0.05934461997737016,0.06694356823017356,0.003521783920258486,4.7704895589362195e-18,-0.06141538461538457,-0.061433030796596046,0.002862508377807327,0.0008906018723081696,48.970984060600664,49.0,97.94196812120131,13.790340053941497,193.06476075518097,0.24733678948055066,0.2474100537478926,0.34978704215721385,0.49110098953941617,0.46614961306229985,0.4948201074957852
output,14,1,1,0.12,1.0,0.1,0.035344293392556084,0.035344293392556084,0.035344293392556084,0.0,0.168,0.05934461997737016,0.06694356823017356,0.003521783920258486,4.7704895589362195e-18,-0.06141538461538457,-0.061433030796596046,0.002862508377807327,0.0008906018723081696,48.970984060600664,49.0,97.94196812120131,13.790340053941497,193.06476075518097,0.24733678948055066,0.2474100537478926,0.34978704215721385,0.49110098953941617,0.46614961306229985,0.4948201074957852
objective,16,1,1,0.12,1.0,0.1,0.035344293392556084,0.035344293392556084,0.035344293392556084,0.0,0.19200000000000003,0.06780412566123853,0.07647942743631586,0.00459739945668503,5.204170427930421e-18,-0.0513066666666666,-0.05133242190011549,0.003809170168707854,0.001165104188039664,63.95026942619466,64.0,127.9005388523893,15.757555495315538,252.1208879250486,0.28264447004212234,0.28275434714044867,0.39971964286332534,0.5612078247027278,0.5233077134213762,0.5655086942808973
output,16,1,1,0.12,1.0,0.1,0.035344293392556084,0.035344293392556084,0.035344293392556084,0.0,0.19200000000000003,0.06780412566123853,0.07647942743631586,0.00459739945668503,5.204170427930421e-18,-0.0513066666666666,-0.05133242190011549,0.003809170168707854,0.001165104188039664,63.95026942619466,64.0,127.9005388523893,15.757555495315538,252.1208879250486,0.28264447004212234,0.28275434714044867,0.39971964286332534,0.5612078247027278,0.5233077134213762,0.5655086942808973
objective,2,2,2,0.12,1.0,0.1,0.035344293392556084,0.035344293392556084,0.035344293392556084,0.0,0.024,0.008485128641463573,0.009574384943844327,7.199740806218597e-05,5.014435047745458e-19,-0.9712000000000001,-0.971183033673244,1.696632675607379e-05,1.1997004701046536e-05,1.0,1.0,2.0,1.971183033673244,3.942366067346488,0.035344293392556084,0.035344293392556084,0.049984379068246584,0.07017748138551388,0.07062238177318633,0.07068858678511217
output,2,2,2,0.12,1.0,0.1,0.035344293392556084,0.035344293392556084,0.035344293392556084,0.0,0.04699562699927744,0.016614316561833296,0.018746817420866035,0.0002760355148166977,1.104802013762729e-16,-0.889570552147239,-0.889516770817763,5.3781329475977024e-05,3.8029142773691305e-05,1.0,0.9999999999999998,2.0,1.889516770817763,3.779033541635526,0.035344293392556084,0.03534429339255608,0.049984379068246584,0.06870837493973815,0.07062238177318633,0.07068858678511217
objective,4,2,2,0.12,1.0,0.1,0.035344293392556084,0.035344293392556084,0.035344293392556084,0.0,0.048,0.01696934094126956,0.019147391292061222,0.0002879585319810482,8.673617379884035e-19,-0.3141333333333334,-0.3141240970961235,0.00015265756922100415,6.627641221743923e-05,3.99985186087377,4.0,7.99970372174754,3.9422241533297635,15.768896613319054,0.0706872778048075,0.07068858678511217,0.09996690695879344,0.14035243655765134,0.14071718691490656,0.14137717357022433
output,4,2,2,0.12,1.0,0.1,0.035344293392556084,0.035344293392556084,0.035344293392556084,0.0,0.09399125399855487,0.03322175446540497,0.037483287171362845,0.0011036849697593231,3.3198270521506146e-16,-0.25971370143149275,-0.25970833889503714,0.0004838206543131829,0.00023201232098560057,3.999387010575992,3.999999999999999,7.998774021151984,3.7785120394972895,15.114048157989158,0.07068317015807112,0.07068858678511215,0.09996109786906938,0.13740726787824115,0.14071718691490656,0.14137717357022433
objective,6,2,2,0.12,1.0,0.1,0.035344293392556084,0.035344293392556084,0.035344293392556084,0.0,0.072,0.025451720832632512,0.028717641044498032,0.0006477900933422611,1.3010426069826053e-18,-0.18272000000000002,-0.18271479876004548,0.00042398323456482867,0.00015786455069691688,8.99911123102331,9.0,17.99822246204662,5.912981492628726,35.47788895577236,0.106027644563163,0.10603288017766825,0.14994573292769908,0.21052234000017875,0.2097677719929831,0.2120657603553365
output,6,2,2,0.12,1.0,0.1,0.035344293392556084,0.035344293392556084,0.035344293392556084,0.0,0.14098688099783233,0.049815442962705535,0.056199078712761974,0.002481578357570015,5.533767888366015e-16,-0.13374233128834348,-0.1337832088755795,0.001343288219130656,0.0005725285750736894,8.996323179362008,8.999999999999998,17.992646358724016,5.666464975420302,33.99878985252181,0.1060112188605238,0.10603288017766824,0.14992250347625521,0.20608720684442064,0.2097677719929831,0.2120657603553365
objective,8,2,2,0.12,1.0,0.1,0.035344293392556084,0.035344293392556084,0.035344293392556084,0.0,0.09599999999999999,0.03393135279841637,0.0382837573915229,0.0011513367027306005,1.951563910473908e-18,-0.12639999999999998,-0.1263991937416645,0.0008308297234753681,0.00028615542416642,15.997037743672827,16.0,31.994075487345654,7.883313280547813,63.0665062443825,0.14136408560732516,0.14137717357022433,0.19991900709835048,0.2806846675907314,0.27727901762189694,0.28275434714044867
output,8,2,2,0.12,1.0,0.1,0.035344293392556084,0.035344293392556084,0.035344293392556084,0.0,0.18798250799710978,0.06638852711248482,0.07488389572235365,0.0044074365321643575,7.73686670285656e-16,-0.07975460122699378,-0.07985440351597019,0.002755106368111937,0.0010499609855820088,15.9877491354118,15.999999999999996,31.9754982708236,7.552856089209234,60.42284871367387,0.14132303843666602,0.1413771735702243,0.1998609576329073,0.274738739904446,0.27727901762189694,0.28275434714044867
objective,10,2,2,0.12,1.0,0.1,0.035344293392556084,0.035344293392556084,0.035344293392556084,0.0,0.11999999999999998,0.04240732214562371,0.04784436530821368,0.0017983809715627099,2.6020852139652106e-18,-0.09511111111111113,-0.09511550938814049,0.0013730267357890957,0.00045107434062785094,24.99259534552929,25.0,49.98519069105858,9.853077888959023,98.53077888959022,0.17669529379659601,0.1767214669627804,0.24988488089464475,0.3508368972967012,0.34278724803499405,0.3534429339255608
output,10,2,2,0.12,1.0,0.1,0.035344293392556084,0.035344293392556084,0.035344293392556084,0.0,0.23497813499638723,0.08293417564927669,0.09352749308347996,0.006878077490624083,9.957312752106873e-16,-0.04976141785957731,-0.04993442502543128,0.0048927697517545665,0.0016633345858883739,24.96938955195808,24.999999999999993,49.93877910391616,9.437167898856693,94.37167898856693,0.1766132433592566,0.17672146696278038,0.2497688440533607,0.3433524451228564,0.34278724803499405,0.3534429339255608
objective,12,2,2,0.12,1.0,0.1,0.035344293392556084,0.035344293392556084,0.035344293392556084,0.0,0.144,0.050878715279541485,0.05739809214726321,0.002588643668496652,3.903127820947816e-18,-0.0752,-0.0752105338918028,0.0020503473892261592,0.0006525731259437815,35.98445275656779,36.0,71.96890551313558,11.822133880104898,141.86560656125877,0.21201996321578143,0.2120657603553365,0.29984150747360283,0.4209765098698776,0.40586917669210604,0.424131520710673
output,12,2,2,0.12,1.0,0.1,0.035344293392556084,0.035344293392556084,0.035344293392556084,0.0,0.28197376199566465,0.09944558881128089,0.11211969373450748,0.009889425134021137,1.2195106036116954e-15,-0.030674846625766795,-0.030935713258085883,0.007634528826364506,0.0024119829376656357,35.935760910851634,35.99999999999999,71.87152182170327,11.318885590486829,135.82662708584195,0.21187646877257352,0.21206576035533647,0.299638575685893,0.4119189404548766,0.40586917669210604,0.424131520710673
objective,14,2,2,0.12,1.0,0.1,0.035344293392556084,0.035344293392556084,0.035344293392556084,0.0,0.168,0.05934461997737016,0.06694356823017356,0.003521783920258486,4.7704895589362195e-18,-0.06141538461538457,-0.061433030796596046,0.002862508377807327,0.0008906018723081696,48.970984060600664,49.0,97.94196812120131,13.790340053941497,193.06476075518097,0.24733678948055066,0.2474100537478926,0.34978704215721385,0.49110098953941617,0.46614961306229985,0.4948201074957852
output,14,2,2,0.12,1.0,0.1,0.035344293392556084,0.035344293392556084,0.035344293392556084,0.0,0.32896938899494205,0.11591600611353275,0.13065040533056682,0.013436520473311123,1.4398204850607499e-15,-0.017461066540821055,-0.01782452726085989,0.010975412184913713,0.003295195884450572,48.88018144537536,48.999999999999986,97.76036289075073,13.197497671995801,184.7649674079412,0.24710737559107548,0.24741005374789254,0.34946260192332124,0.4804288935474067,0.46614961306229985,0.4948201074957852
objective,16,2,2,0.12,1.0,0.1,0.035344293392556084,0.035344293392556084,0.035344293392556084,0.0,0.19200000000000003,0.06780412566123853,0.07647942743631586,0.00459739945668503,5.204170427930421e-18,-0.0513066666666666,-0.05133242190011549,0.003809170168707854,0.001165104188039664,63.95026942619466,64.0,127.9005388523893,15.757555495315538,252.1208879250486,0.28264447004212234,0.28275434714044867,0.39971964286332534,0.5612078247027278,0.5233077134213762,0.5655086942808973
output,16,2,2,0.12,1.0,0.1,0.035344293392556084,0.035344293392556084,0.035344293392556084,0.0,0.37596501599421944,0.1323387140529072,0.14910963667260635,0.017513535237175477,1.6618650899857812e-15,-0.0077709611451942055,-0.008251721742974725,0.014909374131273356,0.004312165442561338,63.794783231636536,63.999999999999986,127.58956646327309,15.07249661784754,241.15994588556063,0.28230065555217165,0.2827543471404486,0.39923341574869675,0.5488730314264642,0.5233077134213762,0.5655086942808973
objective,2,4,4,0.12,1.0,0.1,0.035344293392556084,0.035344293392556084,0.035344293392556084,0.0,0.024,0.008485128641463573,0.009574384943844327,7.199740806218597e-05,5.014435047745458e-19,-0.9712000000000001,-0.971183033673244,1.696632675607379e-05,1.1997004701046536e-05,1.0,1.0,2.0,1.971183033673244,3.942366067346488,0.035344293392556084,0.035344293392556084,0.049984379068246584,0.07017748138551388,0.07062238177318633,0.07068858678511217
output,2,4,4,0.12,1.0,0.1,0.035344293392556084,0.035344293392556084,0.035344293392556084,0.0,0.0870571500132014,0.030772062154949698,0.03471981345383468,0.0009469198092680879,4.336808689942018e-19,-0.6210526315789474,-0.6209952970216939,5.7334557253541085e-05,4.0541654230307255e-05,1.0,0.9999999999999999,2.0,1.6209952970216939,3.2419905940433877,0.035344293392556084,0.03534429339255608,0.049984379068246584,0.06363926847794721,0.07062238177318633,0.07068858678511217
objective,4,4,4,0.12,1.0,0.1,0.035344293392556084,0.035344293392556084,0.035344293392556084,0.0,0.048,0.01696934094126956,0.019147391292061222,0.0002879585319810482,8.673617379884035e-19,-0.3141333333333334,-0.3141240970961235,0.00015265756922100415,6.627641221743923e-05,3.99985186087377,4.0,7.99970372174754,3.9422241533297635,15.768896613319054,0.0706872778048075,0.07068858678511217,0.09996690695879344,0.14035243655765134,0.14071718691490656,0.14137717357022433
output,4,4,4,0.12,1.0,0.1,0.035344293392556084,0.035344293392556084,0.035344293392556084,0.0,0.1741143000264028,0.061500428370596494,0.06937391464794507,0.0037823026897668708,8.673617379884035e-19,-0.08070175438596498,-0.08102219190430382,0.001305358541745405,0.0006786135437907935,3.997389282916509,3.9999999999999996,7.994778565833018,3.2404558748713415,12.961823499485366,0.07066551453216141,0.07068858678511215,0.09993612904345571,0.12724840732902107,0.14071718691490656,0.14137717357022433
objective,6,4,4,0.12,1.0,0.1,0.035344293392556084,0.035344293392556084,0.035344293392556084,0.0,0.072,0.025451720832632512,0.028717641044498032,0.0006477900933422611,1.3010426069826053e-18,-0.18272000000000002,-0.18271479876004548,0.00042398323456482867,0.00015786455069691688,8.99911123102331,9.0,17.99822246204662,5.912981492628726,35.47788895577236,0.106027644563163,0.10603288017766825,0.14994573292769908,0.21052234000017875,0.2097677719929831,0.2120657603553365
output,6,4,4,0.12,1.0,0.1,0.035344293392556084,0.035344293392556084,0.035344293392556084,0.0,0.2611714500396042,0.0921415750187715,0.10389696419703243,0.008490069846939898,1.734723475976807e-18,0.027368421052631504,0.026543393228597053,0.005211988843225268,0.0018859180608489982,8.984354588146568,8.999999999999998,17.96870917629313,4.85685379074691,29.141122744481457,0.10594067741826865,0.10603288017766824,0.1498227428119086,0.19079739623887731,0.2097677719929831,0.2120657603553365
objective,8,4,4,0.12,1.0,0.1,0.035344293392556084,0.035344293392556084,0.035344293392556084,0.0,0.09599999999999999,0.03393135279841637,0.0382837573915229,0.0011513367027306005,1.951563910473908e-18,-0.12639999999999998,-0.1263991937416645,0.0008308297234753681,0.00028615542416642,15.997037743672827,16.0,31.994075487345654,7.883313280547813,63.0665062443825,0.14136408560732516,0.14137717357022433,0.19991900709835048,0.2806846675907314,0.27727901762189694,0.28275434714044867
output,8,4,4,0.12,1.0,0.1,0.035344293392556084,0.035344293392556084,0.035344293392556084,0.0,0.34822860005280554,0.12265232206631296,0.13822436494050372,0.015043592108258563,1.734723475976807e-18,0.0736842105263157,0.07218566160182609,0.01169166347669981,0.003569585430298276,15.947936566423227,15.999999999999996,31.895873132846454,6.4686745923580675,51.74939673886454,0.14114696798850984,0.1413771735702243,0.1996119564171917,0.254256432657307,0.27727901762189694,0.28275434714044867
objective,10,4,4,0.12,1.0,0.1,0.035344293392556084,0.035344293392556084,0.035344293392556084,0.0,0.11999999999999998,0.04240732214562371,0.04784436530821368,0.0017983809715627099,2.6020852139652106e-18,-0.09511111111111113,-0.09511550938814049,0.0013730267357890957,0.00045107434062785094,24.99259534552929,25.0,49.98519069105858,9.853077888959023,98.53077888959022,0.17669529379659601,0.1767214669627804,0.24988488089464475,0.3508368972967012,0.34278724803499405,0.3534429339255608
output,10,4,4,0.12,1.0,0.1,0.035344293392556084,0.035344293392556084,0.035344293392556084,0.0,0.4352857500660069,0.15299000231208051,0.17229262429106962,0.0234059408074504,3.469446951953614e-18,0.09941520467836248,0.09707175616092847,0.020697696851727065,0.005723573578829202,24.87012315099643,24.999999999999996,49.740246301992855,8.074423908521375,80.74423908521375,0.17626182867611045,0.1767214669627804,0.24927186864243828,0.3175960385386571,0.34278724803499405,0.3534429339255608
objective,12,4,4,0.12,1.0,0.1,0.035344293392556084,0.035344293392556084,0.035344293392556084,0.0,0.144,0.050878715279541485,0.05739809214726321,0.002588643668496652,3.903127820947816e-18,-0.0752,-0.0752105338918028,0.0020503473892261592,0.0006525731259437815,35.98445275656779,36.0,71.96890551313558,11.822133880104898,141.86560656125877,0.21201996321578143,0.2120657603553365,0.29984150747360283,0.4209765098698776,0.40586917669210604,0.424131520710673
output,12,4,4,0.12,1.0,0.1,0.035344293392556084,0.035344293392556084,0.035344293392556084,0.0,0.5223429000792082,0.18311262757282365,0.20603970619652245,0.03353023437662361,0.0,0.11578947368421044,0.11243148569106762,0.032165479515121054,0.008340027064929936,35.72797877653939,35.99999999999999,71.45595755307879,9.672633856694073,116.07160628032888,0.21126304128697282,0.21206576035533647,0.2987710582162241,0.3807871645419792,0.40586917669210604,0.424131520710673
objective,14,4,4,0.12,1.0,0.1,0.035344293392556084,0.035344293392556084,0.035344293392556084,0.0,0.168,0.05934461997737016,0.06694356823017356,0.003521783920258486,4.7704895589362195e-18,-0.06141538461538457,-0.061433030796596046,0.002862508377807327,0.0008906018723081696,48.970984060600664,49.0,97.94196812120131,13.790340053941497,193.06476075518097,0.24733678948055066,0.2474100537478926,0.34978704215721385,0.49110098953941617,0.46614961306229985,0.4948201074957852
output,14,4,4,0.12,1.0,0.1,0.035344293392556084,0.035344293392556084,0.035344293392556084,0.0,0.6094000500924096,0.21297905083635657,0.23940536946622393,0.045360076095155355,0.0,0.1271255060728744,0.12258651450099513,0.0460132145240133,0.011409449057077317,48.49380797303432,48.99999999999999,96.98761594606864,11.26186921058939,157.66616894825145,0.24612880765896647,0.24741005374789254,0.34807869788202933,0.44380129089312453,0.46614961306229985,0.4948201074957852
objective,16,4,4,0.12,1.0,0.1,0.035344293392556084,0.035344293392556084,0.035344293392556084,0.0,0.19200000000000003,0.06780412566123853,0.07647942743631586,0.00459739945668503,5.204170427930421e-18,-0.0513066666666666,-0.05133242190011549,0.003809170168707854,0.001165104188039664,63.95026942619466,64.0,127.9005388523893,15.757555495315538,252.1208879250486,0.28264447004212234,0.28275434714044867,0.39971964286332534,0.5612078247027278,0.5233077134213762,0.5655086942808973
output,16,4,4,0.12,1.0,0.1,0.035344293392556084,0.035344293392556084,0.035344293392556084,0.0,0.696457200105611,0.24254912343054325,0.27233148939240426,0.05883007727692491,6.938893903907228e-18,0.13543859649122802,0.1295561791179715,0.06214284451573582,0.014920789823100307,63.13535148049779,63.99999999999999,126.27070296099558,12.840733274476756,205.4517323916281,0.2808378275851142,0.2827543471404486,0.3971646645982654,0.5066105241519551,0.5233077134213762,0.5655086942808973
objective,2,8,8,0.12,1.0,0.1,0.035344293392556084,0.035344293392556084,0.035344293392556084,0.0,0.024,0.008485128641463573,0.009574384943844327,7.199740806218597e-05,5.014435047745458e-19,-0.9712000000000001,-0.971183033673244,1.696632675607379e-05,1.1997004701046536e-05,1.0,1.0,2.0,1.971183033673244,3.942366067346488,0.035344293392556084,0.035344293392556084,0.049984379068246584,0.07017748138551388,0.07062238177318633,0.07068858678511217
output,2,8,8,0.12,1.0,0.1,0.035344293392556084,0.035344293392556084,0.035344293392556084,0.0,0.13902826712723815,0.049124239886133694,0.05541961708926224,0.002413190944390409,4.336808689942018e-19,-0.03355704697986585,-0.03412019882067517,0.0005631518408093228,0.00039820848547395926,1.9317596023586496,1.9328859060402688,2.0,1.0341201988206752,2.0682403976413504,0.049124239886133694,0.04913855863203766,0.049984379068246584,0.05082996515133495,0.07062238177318633,0.07068858678511217
objective,4,8,8,0.12,1.0,0.1,0.035344293392556084,0.035344293392556084,0.035344293392556084,0.0,0.048,0.01696934094126956,0.019147391292061222,0.0002879585319810482,8.673617379884035e-19,-0.3141333333333334,-0.3141240970961235,0.00015265756922100415,6.627641221743923e-05,3.99985186087377,4.0,7.99970372174754,3.9422241533297635,15.768896613319054,0.0706872778048075,0.07068858678511217,0.09996690695879344,0.14035243655765134,0.14071718691490656,0.14137717357022433
output,4,8,8,0.12,1.0,0.1,0.035344293392556084,0.035344293392556084,0.035344293392556084,0.0,0.2780565342544763,0.09807078572756844,0.1105721879795829,0.009617879013222641,1.734723475976807e-18,0.31096196868008946,0.30825942932895023,0.005043517407037373,0.0029863260309485303,7.699113151947403,7.731543624161075,7.98103547364526,2.0657418864280714,8.262967545712286,0.09807078572756844,0.09827711726407531,0.09985019657103354,0.10159850726104491,0.14071718691490656,0.14137717357022433
objective,6,8,8,0.12,1.0,0.1,0.035344293392556084,0.035344293392556084,0.035344293392556084,0.0,0.072,0.025451720832632512,0.028717641044498032,0.0006477900933422611,1.3010426069826053e-18,-0.18272000000000002,-0.18271479876004548,0.00042398323456482867,0.00015786455069691688,8.99911123102331,9.0,17.99822246204662,5.912981492628726,35.47788895577236,0.106027644563163,0.10603288017766825,0.14994573292769908,0.21052234000017875,0.2097677719929831,0.2120657603553365
output,6,8,8,0.12,1.0,0.1,0.035344293392556084,0.035344293392556084,0.035344293392556084,0.0,0.41708480138171444,0.14666372777850262,0.16519452065544704,0.02151024904588672,0.0,0.37986577181208064,0.37396522006279637,0.018862404448501513,0.007716651089190195,17.218956601883892,17.395973154362416,17.886621329496514,3.09239464953748,18.55436789722488,0.14666372777850262,0.14741567589611296,0.1494801276411179,0.1522447710417563,0.2097677719929831,0.2120657603553365
objective,8,8,8,0.12,1.0,0.1,0.035344293392556084,0.035344293392556084,0.035344293392556084,0.0,0.09599999999999999,0.03393135279841637,0.0382837573915229,0.0011513367027306005,1.951563910473908e-18,-0.12639999999999998,-0.1263991937416645,0.0008308297234753681,0.00028615542416642,15.997037743672827,16.0,31.994075487345654,7.883313280547813,63.0665062443825,0.14136408560732516,0.14137717357022433,0.19991900709835048,0.2806846675907314,0.27727901762189694,0.28275434714044867
output,8,8,8,0.12,1.0,0.1,0.035344293392556084,0.035344293392556084,0.035344293392556084,0.0,0.5561130685089526,0.1947306978093156,0.21903103890685593,0.03792004466930299,0.0,0.4093959731543624,0.39919642335326433,0.0420607155806334,0.014274984494348103,30.354999707782802,30.9261744966443,31.623964323025238,4.111663614709187,32.893308917673494,0.19473069780931557,0.19655423452815063,0.19875930034263975,0.20270902533831683,0.27727901762189694,0.28275434714044867
objective,10,8,8,0.12,1.0,0.1,0.035344293392556084,0.035344293392556084,0.035344293392556084,0.0,0.11999999999999998,0.04240732214562371,0.04784436530821368,0.0017983809715627099,2.6020852139652106e-18,-0.09511111111111113,-0.09511550938814049,0.0013730267357890957,0.00045107434062785094,24.99259534552929,25.0,49.98519069105858,9.853077888959023,98.53077888959022,0.17669529379659601,0.1767214669627804,0.24988488089464475,0.3508368972967012,0.34278724803499405,0.3534429339255608
output,10,8,8,0.12,1.0,0.1,0.035344293392556084,0.035344293392556084,0.035344293392556084,0.0,0.6951413356361908,0.24210457267577964,0.27183736193585695,0.058614624110521873,6.938893903907228e-18,0.4258016405667412,0.4102334745129388,0.07384163230166618,0.02257367759491907,46.92101270616449,48.32214765100672,49.06594078734739,5.121215602618153,51.21215602618153,0.24210457267577967,0.24569279316018827,0.24757647138800892,0.2529331971118942,0.34278724803499405,0.3534429339255608
objective,12,8,8,0.12,1.0,0.1,0.035344293392556084,0.035344293392556084,0.035344293392556084,0.0,0.144,0.050878715279541485,0.05739809214726321,0.002588643668496652,3.903127820947816e-18,-0.0752,-0.0752105338918028,0.0020503473892261592,0.0006525731259437815,35.98445275656779,36.0,71.96890551313558,11.822133880104898,141.86560656125877,0.21201996321578143,0.2120657603553365,0.29984150747360283,0.4209765098698776,0.40586917669210604,0.424131520710673
output,12,8,8,0.12,1.0,0.1,0.035344293392556084,0.035344293392556084,0.035344293392556084,0.0,0.8341696027634291,0.28862509869244535,0.32338361857365694,0.08330444759522382,0.0,0.43624161073825507,0.4142819619509525,0.1135350291489674,0.03251250886122787,66.68521897752572,69.58389261744968,70.05377713507401,6.118823410542952,73.42588092651543,0.28862509869244535,0.2948313517922259,0.29582514210643374,0.3028613727150647,0.40586917669210604,0.424131520710673
objective,14,8,8,0.12,1.0,0.1,0.035344293392556084,0.035344293392556084,0.035344293392556084,0.0,0.168,0.05934461997737016,0.06694356823017356,0.003521783920258486,4.7704895589362195e-18,-0.06141538461538457,-0.061433030796596046,0.002862508377807327,0.0008906018723081696,48.970984060600664,49.0,97.94196812120131,13.790340053941497,193.06476075518097,0.24733678948055066,0.2474100537478926,0.34978704215721385,0.49110098953941617,0.46614961306229985,0.4948201074957852
output,14,8,8,0.12,1.0,0.1,0.035344293392556084,0.035344293392556084,0.035344293392556084,0.0,0.9731978698906674,0.3341404127617604,0.37345742152731054,0.1116498154405996,0.0,0.44346928239545697,0.4141521367603975,0.16031606142271837,0.04397513550322564,89.37568889039234,94.71140939597318,94.40034923710996,7.102387707133206,99.4334278998649,0.3341404127617603,0.3439699104242636,0.3434045966396215,0.35244025715973387,0.46614961306229985,0.4948201074957852
objective,16,8,8,0.12,1.0,0.1,0.035344293392556084,0.035344293392556084,0.035344293392556084,0.0,0.19200000000000003,0.06780412566123853,0.07647942743631586,0.00459739945668503,5.204170427930421e-18,-0.0513066666666666,-0.05133242190011549,0.003809170168707854,0.001165104188039664,63.95026942619466,64.0,127.9005388523893,15.757555495315538,252.1208879250486,0.28264447004212234,0.28275434714044867,0.39971964286332534,0.5612078247027278,0.5233077134213762,0.5655086942808973
output,16,8,8,0.12,1.0,0.1,0.035344293392556084,0.035344293392556084,0.035344293392556084,0.0,1.1122261370179056,0.3785084381568435,0.42186643820640235,0.14326863775593301,0.0,0.44876957494407155,0.41119399769768744,0.21323061403834354,0.056830825909622906,114.68655944744498,123.70469798657722,121.89399888299208,8.069956108953345,129.11929774325353,0.37850843815684343,0.39310846905630126,0.39022084591132006,0.40161958336912373,0.5233077134213762,0.5655086942808973
objective,2,16,16,0.12,1.0,0.1,0.035344293392556084,0.035344293392556084,0.035344293392556084,0.0,0.024,0.008485128641463573,0.009574384943844327,7.199740806218597e-05,5.014435047745458e-19,-0.9712000000000001,-0.971183033673244,1.696632675607379e-05,1.1997004701046536e-05,1.0,1.0,2.0,1.971183033673244,3.942366067346488,0.035344293392556084,0.035344293392556084,0.049984379068246584,0.07017748138551388,0.07062238177318633,0.07068858678511217
output,2,16,16,0.12,1.0,0.1,0.035344293392556084,0.035344293392556084,0.035344293392556084,0.0,0.1776559704474253,0.06274897115105817,0.07078138339434492,0.003937433380516331,8.673617379884035e-19,0.578082191780822,0.5759579156263743,0.0021242761544476574,0.0015020900739228203,3.1519158312527487,3.156164383561644,3.1519158312527487,1.5759579156263743,3.1519158312527487,0.06274897115105817,0.06279124742433072,0.06274897115105817,0.06274897115105817,0.07062238177318633,0.07068858678511217
objective,4,16,16,0.12,1.0,0.1,0.035344293392556084,0.035344293392556084,0.035344293392556084,0.0,0.048,0.01696934094126956,0.019147391292061222,0.0002879585319810482,8.673617379884035e-19,-0.3141333333333334,-0.3141240970961235,0.00015265756922100415,6.627641221743923e-05,3.99985186087377,4.0,7.99970372174754,3.9422241533297635,15.768896613319054,0.0706872778048075,0.07068858678511217,0.09996690695879344,0.14035243655765134,0.14071718691490656,0.14137717357022433
output,4,16,16,0.12,1.0,0.1,0.035344293392556084,0.035344293392556084,0.035344293392556084,0.0,0.3553119408948506,0.12512776337041964,0.1410068344236295,0.01565695716608373,3.469446951953614e-18,0.7187214611872147,0.7111163201986268,0.018988195482266046,0.008511184236669354,12.533395842383522,12.624657534246577,12.533395842383522,3.133371663490186,12.533486653960743,0.12512776337041964,0.12558249484866144,0.12512776337041964,0.12512821668048443,0.14071718691490656,0.14137717357022433
objective,6,16,16,0.12,1.0,0.1,0.035344293392556084,0.035344293392556084,0.035344293392556084,0.0,0.072,0.025451720832632512,0.028717641044498032,0.0006477900933422611,1.3010426069826053e-18,-0.18272000000000002,-0.18271479876004548,0.00042398323456482867,0.00015786455069691688,8.99911123102331,9.0,17.99822246204662,5.912981492628726,35.47788895577236,0.106027644563163,0.10603288017766825,0.14994573292769908,0.21052234000017875,0.2097677719929831,0.2120657603553365
output,6,16,16,0.12,1.0,0.1,0.035344293392556084,0.035344293392556084,0.035344293392556084,0.0,0.5329679113422758,0.1867722575144598,0.21013348566657708,0.03488387617704769,0.0,0.7468493150684933,0.7308182171154934,0.052030281006232304,0.020340337141785205,27.924546513464797,28.405479452054795,27.924546513464797,4.654324708702419,27.925948252214518,0.1867722575144598,0.18837374227299214,0.1867722575144598,0.18677694519354524,0.2097677719929831,0.2120657603553365
objective,8,16,16,0.12,1.0,0.1,0.035344293392556084,0.035344293392556084,0.035344293392556084,0.0,0.09599999999999999,0.03393135279841637,0.0382837573915229,0.0011513367027306005,1.951563910473908e-18,-0.12639999999999998,-0.1263991937416645,0.0008308297234753681,0.00028615542416642,15.997037743672827,16.0,31.994075487345654,7.883313280547813,63.0665062443825,0.14136408560732516,0.14137717357022433,0.19991900709835048,0.2806846675907314,0.27727901762189694,0.28275434714044867
output,8,16,16,0.12,1.0,0.1,0.035344293392556084,0.035344293392556084,0.035344293392556084,0.0,0.710623881789701,0.2473303041067764,0.2776440891960239,0.061172279329550494,0.0,0.7589041095890412,0.7315788567039176,0.0999171007269884,0.03658123431128354,48.96841597541939,50.49863013698631,48.96841597541939,6.122119708823833,48.976957670590664,0.2473303041067764,0.25116498969732287,0.2473303041067764,0.24735187441799358,0.27727901762189694,0.28275434714044867
objective,10,16,16,0.12,1.0,0.1,0.035344293392556084,0.035344293392556084,0.035344293392556084,0.0,0.11999999999999998,0.04240732214562371,0.04784436530821368,0.0017983809715627099,2.6020852139652106e-18,-0.09511111111111113,-0.09511550938814049,0.0013730267357890957,0.00045107434062785094,24.99259534552929,25.0,49.98519069105858,9.853077888959023,98.53077888959022,0.17669529379659601,0.1767214669627804,0.24988488089464475,0.3508368972967012,0.34278724803499405,0.3534429339255608
output,10,16,16,0.12,1.0,0.1,0.035344293392556084,0.035344293392556084,0.035344293392556084,0.0,0.8882798522371262,0.3064673380459952,0.3430585781840334,0.0939222292889983,0.0,0.7656012176560122,0.7242750481045714,0.16074100101187477,0.05689331278862464,75.18475432941143,78.90410958904111,75.18475432941143,7.5218008083265895,75.2180080832659,0.3064673380459952,0.3139562371216536,0.3064673380459952,0.30653510486181285,0.34278724803499405,0.3534429339255608
objective,12,16,16,0.12,1.0,0.1,0.035344293392556084,0.035344293392556084,0.035344293392556084,0.0,0.144,0.050878715279541485,0.05739809214726321,0.002588643668496652,3.903127820947816e-18,-0.0752,-0.0752105338918028,0.0020503473892261592,0.0006525731259437815,35.98445275656779,36.0,71.96890551313558,11.822133880104898,141.86560656125877,0.21201996321578143,0.2120657603553365,0.29984150747360283,0.4209765098698776,0.40586917669210604,0.424131520710673
output,12,16,16,0.12,1.0,0.1,0.035344293392556084,0.035344293392556084,0.035344293392556084,0.0,1.0659358226845514,0.363871562002102,0.40594420674583964,0.13240251363384958,0.0,0.7698630136986303,0.7120320148168862,0.23486647548342054,0.08087254872484793,105.98822595582897,113.6219178082192,105.98822595582897,8.840578969713992,106.0869476365679,0.363871562002102,0.3767474845459843,0.363871562002102,0.3640409848363039,0.40586917669210604,0.424131520710673
objective,14,16,16,0.12,1.0,0.1,0.035344293392556084,0.035344293392556084,0.035344293392556084,0.0,0.168,0.05934461997737016,0.06694356823017356,0.003521783920258486,4.7704895589362195e-18,-0.06141538461538457,-0.061433030796596046,0.002862508377807327,0.0008906018723081696,48.970984060600664,49.0,97.94196812120131,13.790340053941497,193.06476075518097,0.24733678948055066,0.2474100537478926,0.34978704215721385,0.49110098953941617,0.46614961306229985,0.4948201074957852
output,14,16,16,0.12,1.0,0.1,0.035344293392556084,0.035344293392556084,0.035344293392556084,0.0,1.2435917931319767,0.41925857562607916,0.46592391510746944,0.17577775323600875,2.7755575615628914e-17,0.772813487881981,0.6962093943714988,0.32674548968265793,0.10805857126557092,140.71010977561278,154.65205479452058,140.71010977561278,10.068140234662753,140.95396328527855,0.41925857562607916,0.43953873197031507,0.41925857562607916,0.4196217102246869,0.46614961306229985,0.4948201074957852
objective,16,16,16,0.12,1.0,0.1,0.035344293392556084,0.035344293392556084,0.035344293392556084,0.0,0.19200000000000003,0.06780412566123853,0.07647942743631586,0.00459739945668503,5.204170427930421e-18,-0.0513066666666666,-0.05133242190011549,0.003809170168707854,0.001165104188039664,63.95026942619466,64.0,127.9005388523893,15.757555495315538,252.1208879250486,0.28264447004212234,0.28275434714044867,0.39971964286332534,0.5612078247027278,0.5233077134213762,0.5655086942808973
output,16,16,16,0.12,1.0,0.1,0.035344293392556084,0.035344293392556084,0.035344293392556084,0.0,1.4212477635794019,0.4723753446249068,0.5226826600525718,0.2231384662094995,2.7755575615628914e-17,0.7749771689497718,0.6775931893512547,0.427079668475863,0.13794948109311778,178.62236544430112,201.99452054794526,178.6223654443011,11.196825787194172,179.14921259510675,0.4723753446249068,0.5023299793946459,0.4723753446249068,0.4730714678778632,0.5233077134213762,0.5655086942808973
objective,2,32,32,0.12,1.0,0.1,0.035344293392556084,0.035344293392556084,0.035344293392556084,0.0,0.024,0.008485128641463573,0.009574384943844327,7.199740806218597e-05,5.014435047745458e-19,-0.9712000000000001,-0.971183033673244,1.696632675607379e-05,1.1997004701046536e-05,1.0,1.0,2.0,1.971183033673244,3.942366067346488,0.035344293392556084,0.035344293392556084,0.049984379068246584,0.07017748138551388,0.07062238177318633,0.07068858678511217
output,2,32,32,0.12,1.0,0.1,0.035344293392556084,0.035344293392556084,0.035344293392556084,0.0,0.1936334100242623,0.06837961369924223,0.07712804242442228,0.004675771569657594,8.673617379884035e-19,0.874694873881204,0.8714778142852897,0.00321705959591434,0.002274804655752284,3.7429556285705794,3.749389747762408,3.7429556285705794,1.8714778142852897,3.7429556285705794,0.06837961369924221,0.06843836054498637,0.06837961369924221,0.06837961369924221,0.07062238177318633,0.07068858678511217
objective,4,32,32,0.12,1.0,0.1,0.035344293392556084,0.035344293392556084,0.035344293392556084,0.0,0.048,0.01696934094126956,0.019147391292061222,0.0002879585319810482,8.673617379884035e-19,-0.3141333333333334,-0.3141240970961235,0.00015265756922100415,6.627641221743923e-05,3.99985186087377,4.0,7.99970372174754,3.9422241533297635,15.768896613319054,0.0706872778048075,0.07068858678511217,0.09996690695879344,0.14035243655765134,0.14071718691490656,0.14137717357022433
output,4,32,32,0.12,1.0,0.1,0.035344293392556084,0.035344293392556084,0.035344293392556084,0.0,0.3872668200485246,0.13628029081490714,0.1535370641473044,0.01857231766459566,3.469446951953614e-18,0.9164632492541359,0.9055951854271496,0.028726318360201675,0.012329831713388919,14.867142225125791,14.99755899104963,14.867142225125793,3.716829332705966,14.867317330823864,0.1362802908149071,0.1368767210899727,0.13628029081490714,0.13628109336945424,0.14071718691490656,0.14137717357022433
objective,6,32,32,0.12,1.0,0.1,0.035344293392556084,0.035344293392556084,0.035344293392556084,0.0,0.072,0.025451720832632512,0.028717641044498032,0.0006477900933422611,1.3010426069826053e-18,-0.18272000000000002,-0.18271479876004548,0.00042398323456482867,0.00015786455069691688,8.99911123102331,9.0,17.99822246204662,5.912981492628726,35.47788895577236,0.106027644563163,0.10603288017766825,0.14994573292769908,0.21052234000017875,0.2097677719929831,0.2120657603553365
output,6,32,32,0.12,1.0,0.1,0.035344293392556084,0.035344293392556084,0.035344293392556084,0.0,0.5809002300727869,0.20323240121610184,0.22852809103224136,0.04130340890406259,0.0,0.9248169243287222,0.9021127710047244,0.07855006489379857,0.028910304387281056,33.06338313014173,33.74450772986167,33.06338313014174,5.51097651757058,33.06585910542348,0.2032324012161018,0.20531508163495907,0.2032324012161018,0.2032400106760842,0.2097677719929831,0.2120657603553365
objective,8,32,32,0.12,1.0,0.1,0.035344293392556084,0.035344293392556084,0.035344293392556084,0.0,0.09599999999999999,0.03393135279841637,0.0382837573915229,0.0011513367027306005,1.951563910473908e-18,-0.12639999999999998,-0.1263991937416645,0.0008308297234753681,0.00028615542416642,15.997037743672827,16.0,31.994075487345654,7.883313280547813,63.0665062443825,0.14136408560732516,0.14137717357022433,0.19991900709835048,0.2806846675907314,0.27727901762189694,0.28275434714044867
output,8,32,32,0.12,1.0,0.1,0.035344293392556084,0.035344293392556084,0.035344293392556084,0.0,0.7745336400970492,0.26878465441981275,0.30144131345304404,0.07224519045157818,1.3877787807814457e-17,0.9283970707892593,0.889862187179127,0.150376450440178,0.05155863282952056,57.832282482031104,59.99023596419852,57.832282482031104,7.230866467064881,57.846931736519046,0.26878465441981275,0.2737534421799454,0.26878465441981275,0.26881869462469526,0.27727901762189694,0.28275434714044867
objective,10,32,32,0.12,1.0,0.1,0.035344293392556084,0.035344293392556084,0.035344293392556084,0.0,0.11999999999999998,0.04240732214562371,0.04784436530821368,0.0017983809715627099,2.6020852139652106e-18,-0.09511111111111113,-0.09511550938814049,0.0013730267357890957,0.00045107434062785094,24.99259534552929,25.0,49.98519069105858,9.853077888959023,98.53077888959022,0.17669529379659601,0.1767214669627804,0.24988488089464475,0.3508368972967012,0.34278724803499405,0.3534429339255608
output,10,32,32,0.12,1.0,0.1,0.035344293392556084,0.035344293392556084,0.035344293392556084,0.0,0.9681670501213114,0.332512596322406,0.3716734070355001,0.11056462671306733,1.3877787807814457e-17,0.9303860410451131,0.8722999466773582,0.24092547052713476,0.07972832165101593,88.50699520096222,93.73474369406019,88.50699520096224,8.856312288520144,88.56312288520144,0.33251259632240593,0.3421918027249318,0.332512596322406,0.3326180128719399,0.34278724803499405,0.3534429339255608
objective,12,32,32,0.12,1.0,0.1,0.035344293392556084,0.035344293392556084,0.035344293392556084,0.0,0.144,0.050878715279541485,0.05739809214726321,0.002588643668496652,3.903127820947816e-18,-0.0752,-0.0752105338918028,0.0020503473892261592,0.0006525731259437815,35.98445275656779,36.0,71.96890551313558,11.822133880104898,141.86560656125877,0.21201996321578143,0.2120657603553365,0.29984150747360283,0.4209765098698776,0.40586917669210604,0.424131520710673
output,12,32,32,0.12,1.0,0.1,0.035344293392556084,0.035344293392556084,0.035344293392556084,0.0,1.1618004601455738,0.3940263259260469,0.43869230271108806,0.15525674552277935,0.0,0.9316517493897475,0.8506290982088414,0.34615684183509166,0.11276309412652295,124.28304096356706,134.97803091944667,124.28304096356706,10.370646106754354,124.44775328105224,0.39402632592604686,0.41063016326991814,0.39402632592604686,0.39428734102395213,0.40586917669210604,0.424131520710673
objective,14,32,32,0.12,1.0,0.1,0.035344293392556084,0.035344293392556084,0.035344293392556084,0.0,0.168,0.05934461997737016,0.06694356823017356,0.003521783920258486,4.7704895589362195e-18,-0.06141538461538457,-0.061433030796596046,0.002862508377807327,0.0008906018723081696,48.970984060600664,49.0,97.94196812120131,13.790340053941497,193.06476075518097,0.24733678948055066,0.2474100537478926,0.34978704215721385,0.49110098953941617,0.46614961306229985,0.4948201074957852
output,14,32,32,0.12,1.0,0.1,0.035344293392556084,0.035344293392556084,0.035344293392556084,0.0,1.355433870169836,0.45297721694589776,0.5020488133104275,0.2051883590720509,2.7755575615628914e-17,0.9325280090129561,0.8255675978624732,0.46151998190630744,0.14992201746307757,164.25330281097015,183.72009764035795,164.25330281097013,11.761149700067614,164.6560958009466,0.4529772169458977,0.47906852381490456,0.45297721694589765,0.45353228744883706,0.46614961306229985,0.4948201074957852
objective,16,32,32,0.12,1.0,0.1,0.035344293392556084,0.035344293392556084,0.035344293392556084,0.0,0.19200000000000003,0.06780412566123853,0.07647942743631586,0.00459739945668503,5.204170427930421e-18,-0.0513066666666666,-0.05133242190011549,0.003809170168707854,0.001165104188039664,63.95026942619466,64.0,127.9005388523893,15.757555495315538,252.1208879250486,0.28264447004212234,0.28275434714044867,0.39971964286332534,0.5612078247027278,0.5233077134213762,0.5655086942808973
output,16,32,32,0.12,1.0,0.1,0.035344293392556084,0.035344293392556084,0.035344293392556084,0.0,1.5490672801940983,0.5090634651566398,0.561384717275148,0.25914561155728544,0.0,0.9331705994033086,0.7976920376914547,0.5822263245000553,0.19040914119194277,207.44608904594912,239.96094385679407,207.4460890459491,13.019248271948006,208.3079723511681,0.5090634651566398,0.5475068843598908,0.5090634651566398,0.5101198806388065,0.5233077134213762,0.5655086942808973
objective,2,64,64,0.12,1.0,0.1,0.035344293392556084,0.035344293392556084,0.035344293392556084,0.0,0.024,0.008485128641463573,0.009574384943844327,7.199740806218597e-05,5.014435047745458e-19,-0.9712000000000001,-0.971183033673244,1.696632675607379e-05,1.1997004701046536e-05,1.0,1.0,2.0,1.971183033673244,3.942366067346488,0.035344293392556084,0.035344293392556084,0.049984379068246584,0.07017748138551388,0.07062238177318633,0.07068858678511217
output,2,64,64,0.12,1.0,0.1,0.035344293392556084,0.035344293392556084,0.035344293392556084,0.0,0.19834964761949814,0.07004106043366154,0.07900053601686619,0.004905750146671829,8.673617379884035e-19,0.967129135538954,0.963526751713291,0.0036023838256629137,0.002547270031562984,3.927053503426582,3.9342582710779075,3.927053503426582,1.963526751713291,3.927053503426582,0.07004106043366154,0.07010528139773654,0.07004106043366154,0.07004106043366154,0.07062238177318633,0.07068858678511217
objective,4,64,64,0.12,1.0,0.1,0.035344293392556084,0.035344293392556084,0.035344293392556084,0.0,0.048,0.01696934094126956,0.019147391292061222,0.0002879585319810482,8.673617379884035e-19,-0.3141333333333334,-0.3141240970961235,0.00015265756922100415,6.627641221743923e-05,3.99985186087377,4.0,7.99970372174754,3.9422241533297635,15.768896613319054,0.0706872778048075,0.07068858678511217,0.09996690695879344,0.14035243655765134,0.14071718691490656,0.14137717357022433
output,4,64,64,0.12,1.0,0.1,0.035344293392556084,0.035344293392556084,0.035344293392556084,0.0,0.3966992952389963,0.13956745306540574,0.15722848994536287,0.01947907395516424,3.469446951953614e-18,0.9780860903593026,0.9660833941816455,0.0321564483797413,0.013670199346250314,15.593000730179746,15.73703308431163,15.593000730179746,3.8983024736859946,15.593209894743978,0.13956745306540577,0.1402105627954731,0.13956745306540577,0.13956838914140904,0.14071718691490656,0.14137717357022433
objective,6,64,64,0.12,1.0,0.1,0.035344293392556084,0.035344293392556084,0.035344293392556084,0.0,0.072,0.025451720832632512,0.028717641044498032,0.0006477900933422611,1.3010426069826053e-18,-0.18272000000000002,-0.18271479876004548,0.00042398323456482867,0.00015786455069691688,8.99911123102331,9.0,17.99822246204662,5.912981492628726,35.47788895577236,0.106027644563163,0.10603288017766825,0.14994573292769908,0.21052234000017875,0.2097677719929831,0.2120657603553365
output,6,64,64,0.12,1.0,0.1,0.035344293392556084,0.035344293392556084,0.035344293392556084,0.0,0.5950489428584944,0.20807500139374274,0.23393387209556704,0.04329520620500604,0.0,0.9802774813233722,0.9552605692341972,0.08787150386647313,0.031903921663436585,34.65781707702592,35.40832443970117,34.65781707702592,5.776785789394442,34.66071473636665,0.20807500139374274,0.21031584419320964,0.20807500139374274,0.20808369954498732,0.2097677719929831,0.2120657603553365
objective,8,64,64,0.12,1.0,0.1,0.035344293392556084,0.035344293392556084,0.035344293392556084,0.0,0.09599999999999999,0.03393135279841637,0.0382837573915229,0.0011513367027306005,1.951563910473908e-18,-0.12639999999999998,-0.1263991937416645,0.0008308297234753681,0.00028615542416642,15.997037743672827,16.0,31.994075487345654,7.883313280547813,63.0665062443825,0.14136408560732516,0.14137717357022433,0.19991900709835048,0.2806846675907314,0.27727901762189694,0.28275434714044867
output,8,64,64,0.12,1.0,0.1,0.035344293392556084,0.035344293392556084,0.035344293392556084,0.0,0.7933985904779925,0.275080188371022,0.3084107800519571,0.07566911003423693,1.3877787807814457e-17,0.9812166488794023,0.9388059011537112,0.16805612177726115,0.056771888758190975,60.573130464607836,62.94813233724652,60.573130464607836,7.57376826963767,60.59014615710136,0.275080188371022,0.2804211255909462,0.275080188371022,0.27511882226027595,0.27727901762189694,0.28275434714044867
objective,10,64,64,0.12,1.0,0.1,0.035344293392556084,0.035344293392556084,0.035344293392556084,0.0,0.11999999999999998,0.04240732214562371,0.04784436530821368,0.0017983809715627099,2.6020852139652106e-18,-0.09511111111111113,-0.09511550938814049,0.0013730267357890957,0.00045107434062785094,24.99259534552929,25.0,49.98519069105858,9.853077888959023,98.53077888959022,0.17669529379659601,0.1767214669627804,0.24988488089464475,0.3508368972967012,0.34278724803499405,0.3534429339255608
output,10,64,64,0.12,1.0,0.1,0.035344293392556084,0.035344293392556084,0.035344293392556084,0.0,0.9917482380974907,0.34012969073128774,0.380016772905591,0.11568820651696143,1.3877787807814457e-17,0.9817384086327522,0.9178713485298428,0.26890170636496635,0.08764990467097394,92.60842136768585,98.3564567769477,92.60842136768585,9.267333579063235,92.67333579063235,0.34012969073128774,0.35052640698868276,0.34012969073128774,0.3402488778120745,0.34278724803499405,0.3534429339255608
objective,12,64,64,0.12,1.0,0.1,0.035344293392556084,0.035344293392556084,0.035344293392556084,0.0,0.144,0.050878715279541485,0.05739809214726321,0.002588643668496652,3.903127820947816e-18,-0.0752,-0.0752105338918028,0.0020503473892261592,0.0006525731259437815,35.98445275656779,36.0,71.96890551313558,11.822133880104898,141.86560656125877,0.21201996321578143,0.2120657603553365,0.29984150747360283,0.4209765098698776,0.40586917669210604,0.424131520710673
output,12,64,64,0.12,1.0,0.1,0.035344293392556084,0.035344293392556084,0.035344293392556084,0.0,1.1900978857169888,0.4028089931814132,0.4481892440599331,0.1622550849878238,2.7755575615628914e-17,0.9820704375667021,0.8930697911691594,0.38573452677424835,0.1237868039389246,129.88521243432905,141.63329775880467,129.88521243432905,10.839590830595888,130.07508996715066,0.40280899318141317,0.4206316883864193,0.40280899318141317,0.40310331631458707,0.40586917669210604,0.424131520710673
objective,14,64,64,0.12,1.0,0.1,0.035344293392556084,0.035344293392556084,0.035344293392556084,0.0,0.168,0.05934461997737016,0.06694356823017356,0.003521783920258486,4.7704895589362195e-18,-0.06141538461538457,-0.061433030796596046,0.002862508377807327,0.0008906018723081696,48.970984060600664,49.0,97.94196812120131,13.790340053941497,193.06476075518097,0.24733678948055066,0.2474100537478926,0.34978704215721385,0.49110098953941617,0.46614961306229985,0.4948201074957852
output,14,64,64,0.12,1.0,0.1,0.035344293392556084,0.035344293392556084,0.035344293392556084,0.0,1.3884475333364867,0.46274983130505987,0.5124581098606771,0.21413740637286136,0.0,0.9823003037517444,0.8649286599311078,0.5133172356483844,0.16433717017171748,171.4170161074616,192.77865528281748,171.41701610746162,12.27714234004593,171.87999276064303,0.46274983130505987,0.4907369697841558,0.46274983130505987,0.4633743256153596,0.46614961306229985,0.4948201074957852
objective,16,64,64,0.12,1.0,0.1,0.035344293392556084,0.035344293392556084,0.035344293392556084,0.0,0.19200000000000003,0.06780412566123853,0.07647942743631586,0.00459739945668503,5.204170427930421e-18,-0.0513066666666666,-0.05133242190011549,0.003809170168707854,0.001165104188039664,63.95026942619466,64.0,127.9005388523893,15.757555495315538,252.1208879250486,0.28264447004212234,0.28275434714044867,0.39971964286332534,0.5612078247027278,0.5233077134213762,0.5655086942808973
output,16,64,64,0.12,1.0,0.1,0.035344293392556084,0.035344293392556084,0.035344293392556084,0.0,1.5867971809559847,0.5196362564056615,0.5724543682871035,0.2700218389712904,5.551115123125783e-17,0.9824688722874421,0.8339687925991697,0.6461749865133612,0.20839704752648963,216.1525102238007,251.7925293489861,216.15251022380073,13.571270959651057,217.14033535441692,0.5196362564056615,0.5608422511818925,0.5196362564056615,0.5208222815583397,0.5233077134213762,0.5655086942808973
objective,2,1,1,0.12,1.0,0.2,0.07062238177318633,0.07062238177318633,0.07062238177318633,0.0,0.048,0.01696934094126956,0.019147391292061222,0.00028795853198116035,1.1302807648161384e-16,-0.9712000000000001,-0.9711320971775528,6.790282244728552e-05,4.8014546214181705e-05,1.0,1.0,2.0,1.9711320971775528,3.9422641943551056,0.07062238177318633,0.07062238177318633,0.09987513011073058,0.14022169838255977,0.14071718691490656,0.14124476354637266
output,2,1,1,0.12,1.0,0.2,0.07062238177318633,0.07062238177318633,0.07062238177318633,0.0,0.048,0.01696934094126956,0.019147391292061222,0.00028795853198116035,1.1302807648161384e-16,-0.9712000000000001,-0.9711320971775528,6.790282244728552e-05,4.8014546214181705e-05,1.0,1.0,2.0,1.9711320971775528,3.9422641943551056,0.07062238177318633,0.07062238177318633,0.09987513011073058,0.14022169838255977,0.14071718691490656,0.14124476354637266
objective,4,1,1,0.12,1.0,0.2,0.07062238177318633,0.07062238177318633,0.07062238177318633,0.0,0.096,0.03393135279841637,0.0382837573915229,0.0011513367027310467,4.482091781055075e-16,-0.3141333333333334,-0.31409637594824985,0.0006104955048580329,0.00026505691999807946,3.999407540338301,4.0,7.998815080676602,3.9416966868557624,15.76678674742305,0.1412343029309116,0.14124476354637266,0.19973546667720535,0.2804232104646709,0.27727901762189694,0.28248952709274533
output,4,1,1,0.12,1.0,0.2,0.07062238177318633,0.07062238177318633,0.07062238177318633,0.0,0.096,0.03393135279841637,0.0382837573915229,0.0011513367027310467,4.482091781055075e-16,-0.3141333333333334,-0.31409637594824985,0.0006104955048580329,0.00026505691999807946,3.999407540338301,4.0,7.998815080676602,3.9416966868557624,15.76678674742305,0.1412343029309116,0.14124476354637266,0.19973546667720535,0.2804232104646709,0.27727901762189694,0.28248952709274533
objective,6,1,1,0.12,1.0,0.2,0.07062238177318633,0.07062238177318633,0.07062238177318633,0.0,0.144,0.050878715279541485,0.05739809214726321,0.002588643668497433,7.849623728795052e-16,-0.18272000000000002,-0.18269919552883948,0.001694772415187562,0.0006311367759972488,8.99644629402541,9.0,17.99289258805082,5.911127023804721,35.46676214282833,0.21182531265967194,0.211867145319559,0.2995662300172293,0.42058437221982387,0.40586917669210604,0.423734290639118
output,6,1,1,0.12,1.0,0.2,0.07062238177318633,0.07062238177318633,0.07062238177318633,0.0,0.144,0.050878715279541485,0.05739809214726321,0.002588643668497433,7.849623728795052e-16,-0.18272000000000002,-0.18269919552883948,0.001694772415187562,0.0006311367759972488,8.99644629402541,9.0,17.99289258805082,5.911127023804721,35.46676214282833,0.21182531265967194,0.211867145319559,0.2995662300172293,0.42058437221982387,0.40586917669210604,0.423734290639118
objective,8,1,1,0.12,1.0,0.2,0.07062238177318633,0.07062238177318633,0.07062238177318633,0.0,0.19199999999999998,0.06780412566123853,0.07647942743631586,0.004597399456686032,1.0070069778045365e-15,-0.12639999999999998,-0.12639677666700253,0.0033189191766509474,0.0011435644629328027,15.988159219620297,16.0,31.976318439240593,7.878857885202617,63.030863081620936,0.2823849797325705,0.28248952709274533,0.39935266814825277,0.5606850641160118,0.5233077134213762,0.5649790541854907
output,8,1,1,0.12,1.0,0.2,0.07062238177318633,0.07062238177318633,0.07062238177318633,0.0,0.19199999999999998,0.06780412566123853,0.07647942743631586,0.004597399456686032,1.0070069778045365e-15,-0.12639999999999998,-0.12639677666700253,0.0033189191766509474,0.0011435644629328027,15.988159219620297,16.0,31.976318439240593,7.878857885202617,63.030863081620936,0.2823849797325705,0.28248952709274533,0.39935266814825277,0.5606850641160118,0.5233077134213762,0.5649790541854907
objective,10,1,1,0.12,1.0,0.2,0.07062238177318633,0.07062238177318633,0.07062238177318633,0.0,0.23999999999999996,0.08470030753301082,0.09551685204116778,0.007174142096187842,1.2325210296815214e-15,-0.09511111111111113,-0.09512868356099677,0.005480220544118342,0.0018016851524833648,24.970413805669107,25.0,49.940827611338214,9.844326326522694,98.44326326522693,0.35290290225939963,0.3531119088659317,0.4990800705760697,0.7007052332297595,0.6272713450233213,0.7062238177318634
output,10,1,1,0.12,1.0,0.2,0.07062238177318633,0.07062238177318633,0.07062238177318633,0.0,0.23999999999999996,0.08470030753301082,0.09551685204116778,0.007174142096187842,1.2325210296815214e-15,-0.09511111111111113,-0.09512868356099677,0.005480220544118342,0.0018016851524833648,24.970413805669107,25.0,49.940827611338214,9.844326326522694,98.44326326522693,0.35290290225939963,0.3531119088659317,0.4990800705760697,0.7007052332297595,0.6272713450233213,0.7062238177318634
objective,12,1,1,0.12,1.0,0.2,0.07062238177318633,0.07062238177318633,0.07062238177318633,0.0,0.288,0.10156001949399142,0.1144995303635401,0.010314437559621371,1.4536982728685643e-15,-0.0752,-0.07524205281526808,0.008175067960901505,0.002604850897639062,35.937909391218845,36.0,71.87581878243768,11.806972431066082,141.68366917279297,0.4233687173849781,0.423734290639118,0.598733782010338,0.8406249152008402,0.7164131099024001,0.847468581278236
output,12,1,1,0.12,1.0,0.2,0.07062238177318633,0.07062238177318633,0.07062238177318633,0.0,0.288,0.10156001949399142,0.1144995303635401,0.010314437559621371,1.4536982728685643e-15,-0.0752,-0.07524205281526808,0.008175067960901505,0.002604850897639062,35.937909391218845,36.0,71.87581878243768,11.806972431066082,141.68366917279297,0.4233687173849781,0.423734290639118,0.598733782010338,0.8406249152008402,0.7164131099024001,0.847468581278236
objective,14,1,1,0.12,1.0,0.2,0.07062238177318633,0.07062238177318633,0.07062238177318633,0.0,0.336,0.11837606378623462,0.13341672092116919,0.014012892477524371,1.6826817716975029e-15,-0.06141538461538457,-0.061485764942602175,0.011398969588394592,0.003552308141934264,48.88418654081302,49.0,97.76837308162602,13.766240051066738,192.72736071493432,0.49377211091869483,0.4943566724123043,0.6982992159828104,0.9804242559755216,0.7903726343621725,0.9887133448246086
output,14,1,1,0.12,1.0,0.2,0.07062238177318633,0.07062238177318633,0.07062238177318633,0.0,0.336,0.11837606378623462,0.13341672092116919,0.014012892477524371,1.6826817716975029e-15,-0.06141538461538457,-0.061485764942602175,0.011398969588394592,0.003552308141934264,48.88418654081302,49.0,97.76837308162602,13.766240051066738,192.72736071493432,0.49377211091869483,0.4943566724123043,0.6982992159828104,0.9804242559755216,0.7903726343621725,0.9887133448246086
objective,16,1,1,0.12,1.0,0.2,0.07062238177318633,0.07062238177318633,0.07062238177318633,0.0,0.38400000000000006,0.13514129484899734,0.1522577945749779,0.018263169573465538,1.904726376622534e-15,-0.0513066666666666,-0.05140927871195554,0.015146562769913774,0.004643179980823447,63.801638446360144,64.0,127.60327689272026,15.721577538331665,251.54524061330665,0.5641028268783812,0.5649790541854907,0.7977618683444087,1.0,0.8496838821272332,1.0
output,16,1,1,0.12,1.0,0.2,0.07062238177318633,0.07062238177318633,0.07062238177318633,0.0,0.38400000000000006,0.13514129484899734,0.1522577945749779,0.018263169573465538,1.904726376622534e-15,-0.0513066666666666,-0.05140927871195554,0.015146562769913774,0.004643179980823447,63.801638446360144,64.0,127.60327689272026,15.721577538331665,251.54524061330665,0.5641028268783812,0.5649790541854907,0.7977618683444087,1.0,0.8496838821272332,1.0
objective,2,2,2,0.12,1.0,0.2,0.07062238177318633,0.07062238177318633,0.07062238177318633,0.0,0.048,0.01696934094126956,0.019147391292061222,0.00028795853198116035,1.1302807648161384e-16,-0.9712000000000001,-0.9711320971775528,6.790282244728552e-05,4.8014546214181705e-05,1.0,1.0,2.0,1.9711320971775528,3.9422641943551056,0.07062238177318633,0.07062238177318633,0.09987513011073058,0.14022169838255977,0.14071718691490656,0.14124476354637266
output,2,2,2,0.12,1.0,0.2,0.07062238177318633,0.07062238177318633,0.07062238177318633,0.0,0.09399125399855487,0.03322175446540497,0.037483287171362845,0.0011036849697597677,1.1254018550399536e-16,-0.889570552147239,-0.8893553518473103,0.00021520029992871947,0.00015216959139297643,1.0,0.9999999999999998,2.0,1.8893553518473103,3.7787107036946206,0.07062238177318633,0.07062238177318632,0.09987513011073058,0.13728218478561213,0.14071718691490656,0.14124476354637266
objective,4,2,2,0.12,1.0,0.2,0.07062238177318633,0.07062238177318633,0.07062238177318633,0.0,0.096,0.03393135279841637,0.0382837573915229,0.0011513367027310467,4.482091781055075e-16,-0.3141333333333334,-0.31409637594824985,0.0006104955048580329,0.00026505691999807946,3.999407540338301,4.0,7.998815080676602,3.9416966868557624,15.76678674742305,0.1412343029309116,0.14124476354637266,0.19973546667720535,0.2804232104646709,0.27727901762189694,0.28248952709274533
output,4,2,2,0.12,1.0,0.2,0.07062238177318633,0.07062238177318633,0.07062238177318633,0.0,0.18798250799710975,0.06638852711248482,0.07488389572235365,0.004407436532165466,3.3480163086352377e-16,-0.25971370143149275,-0.259692261572475,0.0019334237436328117,0.0009273116657054627,3.997549614510687,3.999999999999999,7.995099229021374,3.776626594678863,15.106506378715451,0.1412014939037715,0.14124476354637264,0.1996890677060556,0.27448864255141886,0.27727901762189694,0.28248952709274533
objective,6,2,2,0.12,1.0,0.2,0.07062238177318633,0.07062238177318633,0.07062238177318633,0.0,0.144,0.050878715279541485,0.05739809214726321,0.002588643668497433,7.849623728795052e-16,-0.18272000000000002,-0.18269919552883948,0.001694772415187562,0.0006311367759972488,8.99644629402541,9.0,17.99289258805082,5.911127023804721,35.46676214282833,0.21182531265967194,0.211867145319559,0.2995662300172293,0.42058437221982387,0.40586917669210604,0.423734290639118
output,6,2,2,0.12,1.0,0.2,0.07062238177318633,0.07062238177318633,0.07062238177318633,0.0,0.28197376199566465,0.09944558881128089,0.11211969373450748,0.009889425134022913,5.568462357885551e-16,-0.13374233128834348,-0.13390553800121052,0.005360118113567625,0.0022857260842954266,8.985315508462884,8.999999999999998,17.97063101692577,5.65974033707762,33.95844202246572,0.21169423246459237,0.21186714531955897,0.2993808546275893,0.4115439662674438,0.40586917669210604,0.423734290639118
objective,8,2,2,0.12,1.0,0.2,0.07062238177318633,0.07062238177318633,0.07062238177318633,0.0,0.19199999999999998,0.06780412566123853,0.07647942743631586,0.004597399456686032,1.0070069778045365e-15,-0.12639999999999998,-0.12639677666700253,0.0033189191766509474,0.0011435644629328027,15.988159219620297,16.0,31.976318439240593,7.878857885202617,63.030863081620936,0.2823849797325705,0.28248952709274533,0.39935266814825277,0.5606850641160118,0.5233077134213762,0.5649790541854907
output,8,2,2,0.12,1.0,0.2,0.07062238177318633,0.07062238177318633,0.07062238177318633,0.0,0.37596501599421955,0.1323387140529072,0.14910963667260635,0.017513535237177913,7.73686670285656e-16,-0.07975460122699378,-0.08015230156504494,0.010973377551939167,0.00418520096092322,15.951134647311203,15.999999999999996,31.902269294622403,7.5366445082193225,60.29315606575458,0.2820578237769529,0.2824895270927453,0.3988899997588072,0.5483733859486647,0.5233077134213762,0.5649790541854907
objective,10,2,2,0.12,1.0,0.2,0.07062238177318633,0.07062238177318633,0.07062238177318633,0.0,0.23999999999999996,0.08470030753301082,0.09551685204116778,0.007174142096187842,1.2325210296815214e-15,-0.09511111111111113,-0.09512868356099677,0.005480220544118342,0.0018016851524833648,24.970413805669107,25.0,49.940827611338214,9.844326326522694,98.44326326522693,0.35290290225939963,0.3531119088659317,0.4990800705760697,0.7007052332297595,0.6272713450233213,0.7062238177318634
output,10,2,2,0.12,1.0,0.2,0.07062238177318633,0.07062238177318633,0.07062238177318633,0.0,0.46995626999277446,0.1650144283862453,0.18577429611763918,0.027229761575640277,9.957312752106873e-16,-0.04976141785957731,-0.050449127315053945,0.019425724510485853,0.006616738349192688,24.87810233713855,24.999999999999993,49.75620467427709,9.40531873360993,94.0531873360993,0.3522499865905706,0.3531119088659316,0.4981567083821258,0.6849030798830905,0.6272713450233213,0.7062238177318634
objective,12,2,2,0.12,1.0,0.2,0.07062238177318633,0.07062238177318633,0.07062238177318633,0.0,0.288,0.10156001949399142,0.1144995303635401,0.010314437559621371,1.4536982728685643e-15,-0.0752,-0.07524205281526808,0.008175067960901505,0.002604850897639062,35.937909391218845,36.0,71.87581878243768,11.806972431066082,141.68366917279297,0.4233687173849781,0.423734290639118,0.598733782010338,0.8406249152008402,0.7164131099024001,0.847468581278236
output,12,2,2,0.12,1.0,0.2,0.07062238177318633,0.07062238177318633,0.07062238177318633,0.0,0.5639475239913293,0.19742025064867838,0.2220363708072406,0.03897475536618822,1.2212453270876722e-15,-0.030674846625766795,-0.03170867658791379,0.030188012438504774,0.009571207827022346,35.744694002088885,35.99999999999999,71.48938800417777,11.263784374773287,135.16541249727945,0.4222290907630854,0.42373429063911794,0.5971221065856159,0.8210604772243385,0.7164131099024001,0.847468581278236
objective,14,2,2,0.12,1.0,0.2,0.07062238177318633,0.07062238177318633,0.07062238177318633,0.0,0.336,0.11837606378623462,0.13341672092116919,0.014012892477524371,1.6826817716975029e-15,-0.06141538461538457,-0.061485764942602175,0.011398969588394592,0.003552308141934264,48.88418654081302,49.0,97.76837308162602,13.766240051066738,192.72736071493432,0.49377211091869483,0.4943566724123043,0.6982992159828104,0.9804242559755216,0.7903726343621725,0.9887133448246086
output,14,2,2,0.12,1.0,0.2,0.07062238177318633,0.07062238177318633,0.07062238177318633,0.0,0.6579387779898841,0.22950492832618138,0.25782117451042863,0.0526725121260071,1.4432899320127035e-15,-0.017461066540821055,-0.018896370175080553,0.04318320853200419,0.013037996725945328,48.52491924997521,48.999999999999986,97.04983849995043,13.110114129770839,183.54159781679175,0.4919543113264297,0.49435667241230424,0.6957284591457528,0.9567745492641317,0.7903726343621725,0.9887133448246086
objective,16,2,2,0.12,1.0,0.2,0.07062238177318633,0.07062238177318633,0.07062238177318633,0.0,0.38400000000000006,0.13514129484899734,0.1522577945749779,0.018263169573465538,1.904726376622534e-15,-0.0513066666666666,-0.05140927871195554,0.015146562769913774,0.004643179980823447,63.801638446360144,64.0,127.60327689272026,15.721577538331665,251.54524061330665,0.5641028268783812,0.5649790541854907,0.7977618683444087,1.0,0.8496838821272332,1.0
output,16,2,2,0.12,1.0,0.2,0.07062238177318633,0.07062238177318633,0.07062238177318633,0.0,0.7519300319884389,0.26121866443767655,0.2930570956163916,0.06823519065060513,1.6653345369377348e-15,-0.0077709611451942055,-0.009661732680150225,0.058319046736173163,0.017004867621725563,63.18850640438924,63.999999999999986,126.37701280877843,14.942441098791845,239.0790575806695,0.5613857768729253,0.5649790541854905,0.793919379377047,1.0,0.8496838821272332,1.0
objective,2,4,4,0.12,1.0,0.2,0.07062238177318633,0.07062238177318633,0.07062238177318633,0.0,0.048,0.01696934094126956,0.019147391292061222,0.00028795853198116035,1.1302807648161384e-16,-0.9712000000000001,-0.9711320971775528,6.790282244728552e-05,4.8014546214181705e-05,1.0,1.0,2.0,1.9711320971775528,3.9422641943551056,0.07062238177318633,0.07062238177318633,0.09987513011073058,0.14022169838255977,0.14071718691490656,0.14124476354637266
output,2,4,4,0.12,1.0,0.2,0.07062238177318633,0.07062238177318633,0.07062238177318633,0.0,0.1741143000264028,0.061500428370596494,0.06937391464794507,0.003782302689766871,1.3010426069826053e-18,-0.6210526315789474,-0.620823367371472,0.000229264207475377,0.00016211427578919865,1.0,0.9999999999999999,2.0,1.620823367371472,3.241646734742944,0.07062238177318633,0.07062238177318632,0.09987513011073058,0.12715258762409773,0.14071718691490656,0.14124476354637266
objective,4,4,4,0.12,1.0,0.2,0.07062238177318633,0.07062238177318633,0.07062238177318633,0.0,0.096,0.03393135279841637,0.0382837573915229,0.0011513367027310467,4.482091781055075e-16,-0.3141333333333334,-0.31409637594824985,0.0006104955048580329,0.00026505691999807946,3.999407540338301,4.0,7.998815080676602,3.9416966868557624,15.76678674742305,0.1412343029309116,0.14124476354637266,0.19973546667720535,0.2804232104646709,0.27727901762189694,0.28248952709274533
output,4,4,4,0.12,1.0,0.2,0.07062238177318633,0.07062238177318633,0.07062238177318633,0.0,0.3482286000528056,0.12265232206631296,0.13822436494050372,0.015043592108258567,5.204170427930421e-18,-0.08070175438596498,-0.08197945951111563,0.005209310580442161,0.002708645503334539,3.9895813788391155,3.9999999999999996,7.979162757678231,3.235520017989243,12.942080071956973,0.1410606966502266,0.14124476354637264,0.1994899503205475,0.2540647430259793,0.27727901762189694,0.28248952709274533
objective,6,4,4,0.12,1.0,0.2,0.07062238177318633,0.07062238177318633,0.07062238177318633,0.0,0.144,0.050878715279541485,0.05739809214726321,0.002588643668497433,7.849623728795052e-16,-0.18272000000000002,-0.18269919552883948,0.001694772415187562,0.0006311367759972488,8.99644629402541,9.0,17.99289258805082,5.911127023804721,35.46676214282833,0.21182531265967194,0.211867145319559,0.2995662300172293,0.42058437221982387,0.40586917669210604,0.423734290639118
output,6,4,4,0.12,1.0,0.2,0.07062238177318633,0.07062238177318633,0.07062238177318633,0.0,0.5223429000792084,0.18311262757282365,0.20603970619652245,0.03353023437662362,6.938893903907228e-18,0.027368421052631504,0.02409419878127371,0.020687120087164224,0.007493208036444335,8.937788517503902,8.999999999999998,17.875577035007804,4.8380710264309545,29.028426158585727,0.2111336216770218,0.21186714531955897,0.2985880312485943,0.38049951310038643,0.40586917669210604,0.423734290639118
objective,8,4,4,0.12,1.0,0.2,0.07062238177318633,0.07062238177318633,0.07062238177318633,0.0,0.19199999999999998,0.06780412566123853,0.07647942743631586,0.004597399456686032,1.0070069778045365e-15,-0.12639999999999998,-0.12639677666700253,0.0033189191766509474,0.0011435644629328027,15.988159219620297,16.0,31.976318439240593,7.878857885202617,63.030863081620936,0.2823849797325705,0.28248952709274533,0.39935266814825277,0.5606850641160118,0.5233077134213762,0.5649790541854907
output,8,4,4,0.12,1.0,0.2,0.07062238177318633,0.07062238177318633,0.07062238177318633,0.0,0.6964572001056111,0.2425491234305435,0.27233148939240426,0.05883007727692502,6.938893903907228e-18,0.0736842105263157,0.06777598225974045,0.04598991934107777,0.014092112982716542,15.794015817486533,15.999999999999996,31.588031634973067,6.422669116020948,51.38135292816759,0.28066524993454156,0.2824895270927453,0.39692060294426307,0.5062267938754024,0.5233077134213762,0.5649790541854907
objective,10,4,4,0.12,1.0,0.2,0.07062238177318633,0.07062238177318633,0.07062238177318633,0.0,0.23999999999999996,0.08470030753301082,0.09551685204116778,0.007174142096187842,1.2325210296815214e-15,-0.09511111111111113,-0.09512868356099677,0.005480220544118342,0.0018016851524833648,24.970413805669107,25.0,49.940827611338214,9.844326326522694,98.44326326522693,0.35290290225939963,0.3531119088659317,0.4990800705760697,0.7007052332297595,0.6272713450233213,0.7062238177318634
output,10,4,4,0.12,1.0,0.2,0.07062238177318633,0.07062238177318633,0.07062238177318633,0.0,0.8705715001320138,0.3006455144752013,0.33664497302272767,0.09038772537405848,1.3877787807814457e-17,0.09941520467836248,0.09025307332261436,0.08040096111949901,0.02241147337573742,24.489441195230185,24.999999999999996,48.978882390460356,7.983814876527269,79.83814876527269,0.3494876214128239,0.3531119088659317,0.4942501340835292,0.6310264877043767,0.6272713450233213,0.7062238177318634
objective,12,4,4,0.12,1.0,0.2,0.07062238177318633,0.07062238177318633,0.07062238177318633,0.0,0.288,0.10156001949399142,0.1144995303635401,0.010314437559621371,1.4536982728685643e-15,-0.0752,-0.07524205281526808,0.008175067960901505,0.002604850897639062,35.937909391218845,36.0,71.87581878243768,11.806972431066082,141.68366917279297,0.4233687173849781,0.423734290639118,0.598733782010338,0.8406249152008402,0.7164131099024001,0.847468581278236
output,12,4,4,0.12,1.0,0.2,0.07062238177318633,0.07062238177318633,0.07062238177318633,0.0,1.0446858001584165,0.35710615065889045,0.39856839536085387,0.12752480283841017,0.0,0.11578947368421044,0.10279375836677003,0.12296246222121987,0.03233501171258096,34.93894164853145,35.99999999999999,69.87788329706285,9.516402074256298,114.19682489107558,0.41744304816071487,0.42373429063911794,0.5903536202272479,0.7546913543123793,0.7164131099024001,0.847468581278236
objective,14,4,4,0.12,1.0,0.2,0.07062238177318633,0.07062238177318633,0.07062238177318633,0.0,0.336,0.11837606378623462,0.13341672092116919,0.014012892477524371,1.6826817716975029e-15,-0.06141538461538457,-0.061485764942602175,0.011398969588394592,0.003552308141934264,48.88418654081302,49.0,97.76837308162602,13.766240051066738,192.72736071493432,0.49377211091869483,0.4943566724123043,0.6982992159828104,0.9804242559755216,0.7903726343621725,0.9887133448246086
output,14,4,4,0.12,1.0,0.2,0.07062238177318633,0.07062238177318633,0.07062238177318633,0.0,1.2188001001848192,0.4116602627816443,0.45774069529281847,0.16946417195345242,2.7755575615628914e-17,0.1271255060728744,0.10976723674016196,0.17251790132349187,0.04372800065626283,47.04340629918575,48.99999999999999,94.08681259837145,11.015789399619521,154.2210515946733,0.48438617627290786,0.49435667241230424,0.6850254999111908,0.8770294771299576,0.7903726343621725,0.9887133448246086
objective,16,4,4,0.12,1.0,0.2,0.07062238177318633,0.07062238177318633,0.07062238177318633,0.0,0.38400000000000006,0.13514129484899734,0.1522577945749779,0.018263169573465538,1.904726376622534e-15,-0.0513066666666666,-0.05140927871195554,0.015146562769913774,0.004643179980823447,63.801638446360144,64.0,127.60327689272026,15.721577538331665,251.54524061330665,0.5641028268783812,0.5649790541854907,0.7977618683444087,1.0,0.8496838821272332,1.0
output,16,4,4,0.12,1.0,0.2,0.07062238177318633,0.07062238177318633,0.07062238177318633,0.0,1.392914400211222,0.46406562164802806,0.513857448053598,0.21535690119557072,0.0,0.13543859649122802,0.11324645175715317,0.22776188524153695,0.0564412279106297,60.692347179357014,63.99999999999999,121.38469435871396,12.477856737509459,199.64570780015134,0.5501857362763884,0.5649790541854905,0.7780801300662953,0.9978662845015461,0.8496838821272332,1.0
objective,2,8,8,0.12,1.0,0.2,0.07062238177318633,0.07062238177318633,0.07062238177318633,0.0,0.048,0.01696934094126956,0.019147391292061222,0.00028795853198116035,1.1302807648161384e-16,-0.9712000000000001,-0.9711320971775528,6.790282244728552e-05,4.8014546214181705e-05,1.0,1.0,2.0,1.9711320971775528,3.9422641943551056,0.07062238177318633,0.07062238177318633,0.09987513011073058,0.14022169838255977,0.14071718691490656,0.14124476354637266
output,2,8,8,0.12,1.0,0.2,0.07062238177318633,0.07062238177318633,0.07062238177318633,0.0,0.2780565342544763,0.09807078572756844,0.1105721879795829,0.009617879013222643,0.0,-0.03355704697986585,-0.03580562520046945,0.002248578220603599,0.0015899849078171854,1.928388749599061,1.9328859060402688,2.0,1.0358056252004695,2.071611250400939,0.09807078572756844,0.09818507358324344,0.09987513011073058,0.10164745061263505,0.14071718691490656,0.14124476354637266
objective,4,8,8,0.12,1.0,0.2,0.07062238177318633,0.07062238177318633,0.07062238177318633,0.0,0.096,0.03393135279841637,0.0382837573915229,0.0011513367027310467,4.482091781055075e-16,-0.3141333333333334,-0.31409637594824985,0.0006104955048580329,0.00026505691999807946,3.999407540338301,4.0,7.998815080676602,3.9416966868557624,15.76678674742305,0.1412343029309116,0.14124476354637266,0.19973546667720535,0.2804232104646709,0.27727901762189694,0.28248952709274533
output,4,8,8,0.12,1.0,0.2,0.07062238177318633,0.07062238177318633,0.07062238177318633,0.0,0.5561130685089526,0.1947306978093156,0.21903103890685593,0.037920044669302995,6.938893903907228e-18,0.31096196868008946,0.3002487296839406,0.019843435201241322,0.01182797656572087,7.602984756207287,7.731543624161075,7.924619471772319,2.061601598115908,8.246406392463632,0.1947306978093156,0.19637014716648687,0.19880695286015349,0.20280316434417364,0.27727901762189694,0.28248952709274533
objective,6,8,8,0.12,1.0,0.2,0.07062238177318633,0.07062238177318633,0.07062238177318633,0.0,0.144,0.050878715279541485,0.05739809214726321,0.002588643668497433,7.849623728795052e-16,-0.18272000000000002,-0.18269919552883948,0.001694772415187562,0.0006311367759972488,8.99644629402541,9.0,17.99289258805082,5.911127023804721,35.46676214282833,0.21182531265967194,0.211867145319559,0.2995662300172293,0.42058437221982387,0.40586917669210604,0.423734290639118
output,6,8,8,0.12,1.0,0.2,0.07062238177318633,0.07062238177318633,0.07062238177318633,0.0,0.8341696027634289,0.28862509869244535,0.32338361857365694,0.08330444759522383,1.3877787807814457e-17,0.37986577181208064,0.3567525484338143,0.07377514462919343,0.030111889420032806,16.70257645301443,17.395973154362416,17.554138365027864,3.0678250385611108,18.406950231366665,0.28862509869244535,0.2945552207497303,0.29589124750507584,0.3029934772865618,0.40586917669210604,0.423734290639118
objective,8,8,8,0.12,1.0,0.2,0.07062238177318633,0.07062238177318633,0.07062238177318633,0.0,0.19199999999999998,0.06780412566123853,0.07647942743631586,0.004597399456686032,1.0070069778045365e-15,-0.12639999999999998,-0.12639677666700253,0.0033189191766509474,0.0011435644629328027,15.988159219620297,16.0,31.976318439240593,7.878857885202617,63.030863081620936,0.2823849797325705,0.28248952709274533,0.39935266814825277,0.5606850641160118,0.5233077134213762,0.5649790541854907
output,8,8,8,0.12,1.0,0.2,0.07062238177318633,0.07062238177318633,0.07062238177318633,0.0,1.1122261370179052,0.3785084381568433,0.42186643820640213,0.14326863775593293,5.551115123125783e-17,0.4093959731543624,0.37009681366616853,0.16017576340564288,0.054552410246676265,28.72542156530544,30.9261744966443,30.542954204660838,4.045765541489626,32.36612433191701,0.3785084381568434,0.39274029433297375,0.39029939740242614,0.4017794401878562,0.5233077134213762,0.5649790541854907
objective,10,8,8,0.12,1.0,0.2,0.07062238177318633,0.07062238177318633,0.07062238177318633,0.0,0.23999999999999996,0.08470030753301082,0.09551685204116778,0.007174142096187842,1.2325210296815214e-15,-0.09511111111111113,-0.09512868356099677,0.005480220544118342,0.0018016851524833648,24.970413805669107,25.0,49.940827611338214,9.844326326522694,98.44326326522693,0.35290290225939963,0.3531119088659317,0.4990800705760697,0.7007052332297595,0.6272713450233213,0.7062238177318634
output,10,8,8,0.12,1.0,0.2,0.07062238177318633,0.07062238177318633,0.07062238177318633,0.0,1.3902826712723817,0.4632905898301611,0.5130332676689393,0.21463817062517856,0.0,0.4258016405667412,0.3670560293653576,0.27099630806762554,0.08402184252517335,43.035042642882175,48.32214765100672,46.44778481202333,4.987894712994635,49.87894712994635,0.4632905898301611,0.4909253679162172,0.48130997621468485,0.49877077566524075,0.6272713450233213,0.7062238177318634
objective,12,8,8,0.12,1.0,0.2,0.07062238177318633,0.07062238177318633,0.07062238177318633,0.0,0.288,0.10156001949399142,0.1144995303635401,0.010314437559621371,1.4536982728685643e-15,-0.0752,-0.07524205281526808,0.008175067960901505,0.002604850897639062,35.937909391218845,36.0,71.87581878243768,11.806972431066082,141.68366917279297,0.4233687173849781,0.423734290639118,0.598733782010338,0.8406249152008402,0.7164131099024001,0.847468581278236
output,12,8,8,0.12,1.0,0.2,0.07062238177318633,0.07062238177318633,0.07062238177318633,0.0,1.6683392055268582,0.542074030434976,0.5958145823276331,0.2938442544720194,5.551115123125783e-17,0.43624161073825507,0.35542345042950724,0.3976000290564029,0.11727713943256496,58.915895456694955,69.58389261744968,64.76221530316013,5.88809518661222,70.65714223934664,0.542074030434976,0.5891104414994606,0.5683334376512601,0.5936362245553639,0.7164131099024001,0.847468581278236
objective,14,8,8,0.12,1.0,0.2,0.07062238177318633,0.07062238177318633,0.07062238177318633,0.0,0.336,0.11837606378623462,0.13341672092116919,0.014012892477524371,1.6826817716975029e-15,-0.06141538461538457,-0.061485764942602175,0.011398969588394592,0.003552308141934264,48.88418654081302,49.0,97.76837308162602,13.766240051066738,192.72736071493432,0.49377211091869483,0.4943566724123043,0.6982992159828104,0.9804242559755216,0.7903726343621725,0.9887133448246086
output,14,8,8,0.12,1.0,0.2,0.07062238177318633,0.07062238177318633,0.07062238177318633,0.0,1.9463957397813347,0.6141798961912195,0.6695450306945012,0.37721694488545726,1.1102230246251565e-16,0.44346928239545697,0.33863821221536156,0.5307583737860047,0.15303339952092904,75.6321546231958,94.71140939597318,84.95361229915295,6.741778194926711,94.38489472897396,0.6141798961912195,0.6872955150827041,0.6509284976084736,0.6861097771911187,0.7903726343621725,0.9887133448246086
objective,16,8,8,0.12,1.0,0.2,0.07062238177318633,0.07062238177318633,0.07062238177318633,0.0,0.38400000000000006,0.13514129484899734,0.1522577945749779,0.018263169573465538,1.904726376622534e-15,-0.0513066666666666,-0.05140927871195554,0.015146562769913774,0.004643179980823447,63.801638446360144,64.0,127.60327689272026,15.721577538331665,251.54524061330665,0.5641028268783812,0.5649790541854907,0.7977618683444087,1.0,0.8496838821272332,1.0
output,16,8,8,0.12,1.0,0.2,0.07062238177318633,0.07062238177318633,0.07062238177318633,0.0,2.2244522740358113,0.6791617593456485,0.7339590672839886,0.4612606953574765,5.551115123125783e-17,0.44876957494407155,0.31867900671271027,0.6616399723977529,0.1900509757030238,92.48296161105046,123.70469798657722,106.49844940555475,7.545892409319605,120.73427854911368,0.6791617593456485,0.7854805886659475,0.7288094623132123,0.7759927360614873,0.8496838821272332,1.0
objective,2,16,16,0.12,1.0,0.2,0.07062238177318633,0.07062238177318633,0.07062238177318633,0.0,0.048,0.01696934094126956,0.019147391292061222,0.00028795853198116035,1.1302807648161384e-16,-0.9712000000000001,-0.9711320971775528,6.790282244728552e-05,4.8014546214181705e-05,1.0,1.0,2.0,1.9711320971775528,3.9422641943551056,0.07062238177318633,0.07062238177318633,0.09987513011073058,0.14022169838255977,0.14071718691490656,0.14124476354637266
output,2,16,16,0.12,1.0,0.2,0.07062238177318633,0.07062238177318633,0.07062238177318633,0.0,0.3553119408948506,0.12512776337041964,0.1410068344236295,0.015656957166083733,0.0,0.578082191780822,0.5696132177646129,0.008468974016209052,0.0059884689565540905,3.139226435529226,3.156164383561644,3.139226435529226,1.569613217764613,3.139226435529226,0.12512776337041964,0.12546487769223977,0.12512776337041964,0.12512776337041964,0.14071718691490656,0.14124476354637266
objective,4,16,16,0.12,1.0,0.2,0.07062238177318633,0.07062238177318633,0.07062238177318633,0.0,0.096,0.03393135279841637,0.0382837573915229,0.0011513367027310467,4.482091781055075e-16,-0.3141333333333334,-0.31409637594824985,0.0006104955048580329,0.00026505691999807946,3.999407540338301,4.0,7.998815080676602,3.9416966868557624,15.76678674742305,0.1412343029309116,0.14124476354637266,0.19973546667720535,0.2804232104646709,0.27727901762189694,0.28248952709274533
output,4,16,16,0.12,1.0,0.2,0.07062238177318633,0.07062238177318633,0.07062238177318633,0.0,0.7106238817897012,0.2473303041067764,0.2776440891960239,0.061172279329550494,0.0,0.7187214611872147,0.6887556245011658,0.07416859020749833,0.033417314106412896,12.265067494013989,12.624657534246577,12.265067494013989,3.0666195976074757,12.266478390429903,0.24733030410677642,0.25092975538447954,0.24733030410677642,0.2473445293609338,0.27727901762189694,0.28248952709274533
objective,6,16,16,0.12,1.0,0.2,0.07062238177318633,0.07062238177318633,0.07062238177318633,0.0,0.144,0.050878715279541485,0.05739809214726321,0.002588643668497433,7.849623728795052e-16,-0.18272000000000002,-0.18269919552883948,0.001694772415187562,0.0006311367759972488,8.99644629402541,9.0,17.99289258805082,5.911127023804721,35.46676214282833,0.21182531265967194,0.211867145319559,0.2995662300172293,0.42058437221982387,0.40586917669210604,0.423734290639118
output,6,16,16,0.12,1.0,0.2,0.07062238177318633,0.07062238177318633,0.07062238177318633,0.0,1.0659358226845517,0.363871562002102,0.40594420674583964,0.1324025136338496,2.7755575615628914e-17,0.7468493150684933,0.6848919717092632,0.19513738437430472,0.07785141055129331,26.5467591512779,28.405479452054795,26.5467591512779,4.4279487957642605,26.567692774585563,0.3638715620021021,0.3763946330767193,0.3638715620021021,0.36401500039925433,0.40586917669210604,0.423734290639118
objective,8,16,16,0.12,1.0,0.2,0.07062238177318633,0.07062238177318633,0.07062238177318633,0.0,0.19199999999999998,0.06780412566123853,0.07647942743631586,0.004597399456686032,1.0070069778045365e-15,-0.12639999999999998,-0.12639677666700253,0.0033189191766509474,0.0011435644629328027,15.988159219620297,16.0,31.976318439240593,7.878857885202617,63.030863081620936,0.2823849797325705,0.28248952709274533,0.39935266814825277,0.5606850641160118,0.5233077134213762,0.5649790541854907
output,8,16,16,0.12,1.0,0.2,0.07062238177318633,0.07062238177318633,0.07062238177318633,0.0,1.421247763579402,0.472375344624907,0.5226826600525718,0.22313846620949962,2.7755575615628914e-17,0.7589041095890412,0.6560599187379805,0.35275783331954413,0.13519178345663183,44.73935544932691,50.49863013698631,44.73935544932691,5.607499307909304,44.85999446327443,0.472375344624907,0.5018595107689591,0.472375344624907,0.4730117924552592,0.5233077134213762,0.5649790541854907
objective,10,16,16,0.12,1.0,0.2,0.07062238177318633,0.07062238177318633,0.07062238177318633,0.0,0.23999999999999996,0.08470030753301082,0.09551685204116778,0.007174142096187842,1.2325210296815214e-15,-0.09511111111111113,-0.09512868356099677,0.005480220544118342,0.0018016851524833648,24.970413805669107,25.0,49.940827611338214,9.844326326522694,98.44326326522693,0.35290290225939963,0.3531119088659317,0.4990800705760697,0.7007052332297595,0.6272713450233213,0.7062238177318634
output,10,16,16,0.12,1.0,0.2,0.07062238177318633,0.07062238177318633,0.07062238177318633,0.0,1.7765597044742525,0.5709613699969637,0.6256097654005532,0.32599688602880966,0.0,0.7656012176560122,0.6151390164528405,0.5320121094984964,0.20128668438265906,65.36251148075564,78.90410958904111,65.36251148075566,6.5800080714594165,65.80008071459416,0.5709613699969636,0.6273243884611989,0.5709613699969637,0.5728693321231476,0.6272713450233213,0.7062238177318634
objective,12,16,16,0.12,1.0,0.2,0.07062238177318633,0.07062238177318633,0.07062238177318633,0.0,0.288,0.10156001949399142,0.1144995303635401,0.010314437559621371,1.4536982728685643e-15,-0.0752,-0.07524205281526808,0.008175067960901505,0.002604850897639062,35.937909391218845,36.0,71.87581878243768,11.806972431066082,141.68366917279297,0.4233687173849781,0.423734290639118,0.598733782010338,0.8406249152008402,0.7164131099024001,0.847468581278236
output,12,16,16,0.12,1.0,0.2,0.07062238177318633,0.07062238177318633,0.07062238177318633,0.0,2.131871645369103,0.6583346221189845,0.7135473459449764,0.4334044746805461,5.551115123125783e-17,0.7698630136986303,0.5674074072619101,0.7447907121702035,0.27187784069387005,86.89777775857213,113.6219178082192,87.11446411795475,7.340954042886378,88.09144851463654,0.6583346221189845,0.7527892661534386,0.659154915332222,0.6628408047287855,0.7164131099024001,0.847468581278236
objective,14,16,16,0.12,1.0,0.2,0.07062238177318633,0.07062238177318633,0.07062238177318633,0.0,0.336,0.11837606378623462,0.13341672092116919,0.014012892477524371,1.6826817716975029e-15,-0.06141538461538457,-0.061485764942602175,0.011398969588394592,0.003552308141934264,48.88418654081302,49.0,97.76837308162602,13.766240051066738,192.72736071493432,0.49377211091869483,0.4943566724123043,0.6982992159828104,0.9804242559755216,0.7903726343621725,0.9887133448246086
output,14,16,16,0.12,1.0,0.2,0.07062238177318633,0.07062238177318633,0.07062238177318633,0.0,2.4871835862639533,0.7338215198834437,0.7863501618213546,0.5384940230440475,1.1102230246251565e-16,0.772813487881981,0.5163092087513612,0.940480560094734,0.3430476592548363,107.96827599274773,154.65205479452058,109.10449451477493,7.903175728519797,110.64446019927716,0.7338215198834437,0.8782541438456783,0.737672648648652,0.7428603822107677,0.7903726343621725,0.9887133448246086
objective,16,16,16,0.12,1.0,0.2,0.07062238177318633,0.07062238177318633,0.07062238177318633,0.0,0.38400000000000006,0.13514129484899734,0.1522577945749779,0.018263169573465538,1.904726376622534e-15,-0.0513066666666666,-0.05140927871195554,0.015146562769913774,0.004643179980823447,63.801638446360144,64.0,127.60327689272026,15.721577538331665,251.54524061330665,0.5641028268783812,0.5649790541854907,0.7977618683444087,1.0,0.8496838821272332,1.0
output,16,16,16,0.12,1.0,0.2,0.07062238177318633,0.07062238177318633,0.07062238177318633,0.0,2.8424955271588037,0.7973525203381514,0.8447552564668395,0.635771041689602,2.220446049250313e-16,0.7749771689497718,0.4644681615135653,1.1008198676381749,0.41156679714547406,127.47235876325567,201.99452054794526,131.09452491159507,8.291619009285158,132.66590414856253,0.7973525203381513,1.0,0.8086016761805571,0.8134334375734555,0.8496838821272332,1.0
objective,2,32,32,0.12,1.0,0.2,0.07062238177318633,0.07062238177318633,0.07062238177318633,0.0,0.048,0.01696934094126956,0.019147391292061222,0.00028795853198116035,1.1302807648161384e-16,-0.9712000000000001,-0.9711320971775528,6.790282244728552e-05,4.8014546214181705e-05,1.0,1.0,2.0,1.9711320971775528,3.9422641943551056,0.07062238177318633,0.07062238177318633,0.09987513011073058,0.14022169838255977,0.14071718691490656,0.14124476354637266
output,2,32,32,0.12,1.0,0.2,0.07062238177318633,0.07062238177318633,0.07062238177318633,0.0,0.3872668200485246,0.13628029081490714,0.1535370641473044,0.01857231766459566,3.469446951953614e-18,0.874694873881204,0.8618787151069519,0.012816158774252129,0.009062392778037151,3.7237574302139036,3.749389747762408,3.7237574302139036,1.8618787151069518,3.7237574302139036,0.13628029081490714,0.13674852606777377,0.13628029081490714,0.13628029081490714,0.14071718691490656,0.14124476354637266
objective,4,32,32,0.12,1.0,0.2,0.07062238177318633,0.07062238177318633,0.07062238177318633,0.0,0.096,0.03393135279841637,0.0382837573915229,0.0011513367027310467,4.482091781055075e-16,-0.3141333333333334,-0.31409637594824985,0.0006104955048580329,0.00026505691999807946,3.999407540338301,4.0,7.998815080676602,3.9416966868557624,15.76678674742305,0.1412343029309116,0.14124476354637266,0.19973546667720535,0.2804232104646709,0.27727901762189694,0.28248952709274533
output,4,32,32,0.12,1.0,0.2,0.07062238177318633,0.07062238177318633,0.07062238177318633,0.0,0.7745336400970492,0.26878465441981275,0.30144131345304404,0.07224519045157818,1.3877787807814457e-17,0.9164632492541359,0.8737658989742991,0.11177711511067556,0.048218886582927986,14.485190787691586,14.99755899104963,14.485190787691586,3.6219743127229904,14.487897250891962,0.26878465441981275,0.2734970521355475,0.26878465441981275,0.2688097635747338,0.27727901762189694,0.28248952709274533
objective,6,32,32,0.12,1.0,0.2,0.07062238177318633,0.07062238177318633,0.07062238177318633,0.0,0.144,0.050878715279541485,0.05739809214726321,0.002588643668497433,7.849623728795052e-16,-0.18272000000000002,-0.18269919552883948,0.001694772415187562,0.0006311367759972488,8.99644629402541,9.0,17.99289258805082,5.911127023804721,35.46676214282833,0.21182531265967194,0.211867145319559,0.2995662300172293,0.42058437221982387,0.40586917669210604,0.423734290639118
output,6,32,32,0.12,1.0,0.2,0.07062238177318633,0.07062238177318633,0.07062238177318633,0.0,1.1618004601455738,0.3940263259260469,0.43869230271108806,0.15525674552277935,0.0,0.9248169243287222,0.8376347389200324,0.2916882069272352,0.10967379392756106,31.129042167600975,33.74450772986167,31.129042167600975,5.194254436661218,31.16552661996731,0.3940263259260469,0.41024557820332125,0.3940263259260469,0.3942571654239147,0.40586917669210604,0.423734290639118
objective,8,32,32,0.12,1.0,0.2,0.07062238177318633,0.07062238177318633,0.07062238177318633,0.0,0.19199999999999998,0.06780412566123853,0.07647942743631586,0.004597399456686032,1.0070069778045365e-15,-0.12639999999999998,-0.12639677666700253,0.0033189191766509474,0.0011435644629328027,15.988159219620297,16.0,31.976318439240593,7.878857885202617,63.030863081620936,0.2823849797325705,0.28248952709274533,0.39935266814825277,0.5606850641160118,0.5233077134213762,0.5649790541854907
output,8,32,32,0.12,1.0,0.2,0.07062238177318633,0.07062238177318633,0.07062238177318633,0.0,1.5490672801940983,0.5090634651566398,0.561384717275148,0.25914561155728544,0.0,0.9283970707892593,0.7849786266880169,0.521037496068554,0.18765864455732556,51.958803094528946,59.99023596419852,51.958803094528946,6.5201041549113725,52.16083323929098,0.5090634651566398,0.546994104271095,0.5090634651566398,0.5100521944938493,0.5233077134213762,0.5649790541854907
objective,10,32,32,0.12,1.0,0.2,0.07062238177318633,0.07062238177318633,0.07062238177318633,0.0,0.23999999999999996,0.08470030753301082,0.09551685204116778,0.007174142096187842,1.2325210296815214e-15,-0.09511111111111113,-0.09512868356099677,0.005480220544118342,0.0018016851524833648,24.970413805669107,25.0,49.940827611338214,9.844326326522694,98.44326326522693,0.35290290225939963,0.3531119088659317,0.4990800705760697,0.7007052332297595,0.6272713450233213,0.7062238177318634
output,10,32,32,0.12,1.0,0.2,0.07062238177318633,0.07062238177318633,0.07062238177318633,0.0,1.9363341002426229,0.6116929399732928,0.6670390521013643,0.37416825281317034,0.0,0.9303860410451131,0.7224543399157161,0.7623995094825169,0.275717167180984,75.02089059241446,93.73474369406019,75.02089059241445,7.573297091239764,75.73297091239765,0.6116929399732928,0.6837426303388688,0.6116929399732928,0.6145891051959577,0.6272713450233213,0.7062238177318634
objective,12,32,32,0.12,1.0,0.2,0.07062238177318633,0.07062238177318633,0.07062238177318633,0.0,0.288,0.10156001949399142,0.1144995303635401,0.010314437559621371,1.4536982728685643e-15,-0.0752,-0.07524205281526808,0.008175067960901505,0.002604850897639062,35.937909391218845,36.0,71.87581878243768,11.806972431066082,141.68366917279297,0.4233687173849781,0.423734290639118,0.598733782010338,0.8406249152008402,0.7164131099024001,0.847468581278236
output,12,32,32,0.12,1.0,0.2,0.07062238177318633,0.07062238177318633,0.07062238177318633,0.0,2.3236009202911476,0.7005623796839948,0.7546834728833902,0.4907876478285017,0.0,0.9316517493897475,0.6545691506392634,0.9807856017915884,0.3674684794483081,98.40312788438277,134.97803091944667,98.61530934020352,8.35797037872483,100.29564454469795,0.7005623796839948,0.8204911564066425,0.7013172657608928,0.7072670033657863,0.7164131099024001,0.847468581278236
objective,14,32,32,0.12,1.0,0.2,0.07062238177318633,0.07062238177318633,0.07062238177318633,0.0,0.336,0.11837606378623462,0.13341672092116919,0.014012892477524371,1.6826817716975029e-15,-0.06141538461538457,-0.061485764942602175,0.011398969588394592,0.003552308141934264,48.88418654081302,49.0,97.76837308162602,13.766240051066738,192.72736071493432,0.49377211091869483,0.4943566724123043,0.6982992159828104,0.9804242559755216,0.7903726343621725,0.9887133448246086
output,14,32,32,0.12,1.0,0.2,0.07062238177318633,0.07062238177318633,0.07062238177318633,0.0,2.710867740339672,0.7751921286734151,0.8247206354550198,0.6009228363572204,2.220446049250313e-16,0.9325280090129561,0.585083950956229,1.150410510676052,0.45738386243770435,120.48527907403367,183.72009764035795,122.2097280879926,8.901471697905954,124.62060377068336,0.7751921286734151,0.9572396824744163,0.7807198996410294,0.7883830631912228,0.7903726343621725,0.9887133448246086
objective,16,32,32,0.12,1.0,0.2,0.07062238177318633,0.07062238177318633,0.07062238177318633,0.0,0.38400000000000006,0.13514129484899734,0.1522577945749779,0.018263169573465538,1.904726376622534e-15,-0.0513066666666666,-0.05140927871195554,0.015146562769913774,0.004643179980823447,63.801638446360144,64.0,127.60327689272026,15.721577538331665,251.54524061330665,0.5641028268783812,0.5649790541854907,0.7977618683444087,1.0,0.8496838821272332,1.0
output,16,32,32,0.12,1.0,0.2,0.07062238177318633,0.07062238177318633,0.07062238177318633,0.0,3.0981345603881967,0.8359108594360428,0.8786344525808341,0.6987469649231035,2.220446049250313e-16,0.9331705994033086,0.5170794067147075,1.287439542076278,0.5412842648262883,140.09905761152984,239.96094385679407,145.8041468357817,9.245117704470072,147.92188327152115,0.8359108594360428,1.0,0.852760937271791,0.8589315867252344,0.8496838821272332,1.0
objective,2,64,64,0.12,1.0,0.2,0.07062238177318633,0.07062238177318633,0.07062238177318633,0.0,0.048,0.01696934094126956,0.019147391292061222,0.00028795853198116035,1.1302807648161384e-16,-0.9712000000000001,-0.9711320971775528,6.790282244728552e-05,4.8014546214181705e-05,1.0,1.0,2.0,1.9711320971775528,3.9422641943551056,0.07062238177318633,0.07062238177318633,0.09987513011073058,0.14022169838255977,0.14071718691490656,0.14124476354637266
output,2,64,64,0.12,1.0,0.2,0.07062238177318633,0.07062238177318633,0.07062238177318633,0.0,0.3966992952389963,0.13956745306540574,0.15722848994536287,0.019479073955164242,6.938893903907228e-18,0.967129135538954,0.9527812221439337,0.014347913395020284,0.010145506857496142,3.9055624442878676,3.9342582710779075,3.9055624442878676,1.9527812221439338,3.9055624442878676,0.13956745306540577,0.14007924538761177,0.13956745306540577,0.13956745306540577,0.14071718691490656,0.14124476354637266
objective,4,64,64,0.12,1.0,0.2,0.07062238177318633,0.07062238177318633,0.07062238177318633,0.0,0.096,0.03393135279841637,0.0382837573915229,0.0011513367027310467,4.482091781055075e-16,-0.3141333333333334,-0.31409637594824985,0.0006104955048580329,0.00026505691999807946,3.999407540338301,4.0,7.998815080676602,3.9416966868557624,15.76678674742305,0.1412343029309116,0.14124476354637266,0.19973546667720535,0.2804232104646709,0.27727901762189694,0.28248952709274533
output,4,64,64,0.12,1.0,0.2,0.07062238177318633,0.07062238177318633,0.07062238177318633,0.0,0.7933985904779925,0.275080188371022,0.3084107800519571,0.07566911003423693,1.3877787807814457e-17,0.9780860903593026,0.9309740075539361,0.12497330337017387,0.05339575228271861,15.171688090647233,15.73703308431163,15.171688090647233,3.7937289121907076,15.17491564876283,0.275080188371022,0.28015849077522353,0.275080188371022,0.27510944648902064,0.27727901762189694,0.28248952709274533
objective,6,64,64,0.12,1.0,0.2,0.07062238177318633,0.07062238177318633,0.07062238177318633,0.0,0.144,0.050878715279541485,0.05739809214726321,0.002588643668497433,7.849623728795052e-16,-0.18272000000000002,-0.18269919552883948,0.001694772415187562,0.0006311367759972488,8.99644629402541,9.0,17.99289258805082,5.911127023804721,35.46676214282833,0.21182531265967194,0.211867145319559,0.2995662300172293,0.42058437221982387,0.40586917669210604,0.423734290639118
output,6,64,64,0.12,1.0,0.2,0.07062238177318633,0.07062238177318633,0.07062238177318633,0.0,1.1900978857169888,0.4028089931814132,0.4481892440599331,0.16225508498782382,0.0,0.9802774813233722,0.8844070715438652,0.3252824403943899,0.12070105474491205,32.532212146315956,35.40832443970117,32.532212146315956,5.429121943956957,32.574731663741744,0.4028089931814132,0.4202377361628353,0.4028089931814132,0.40307214238359623,0.40586917669210604,0.423734290639118
objective,8,64,64,0.12,1.0,0.2,0.07062238177318633,0.07062238177318633,0.07062238177318633,0.0,0.19199999999999998,0.06780412566123853,0.07647942743631586,0.004597399456686032,1.0070069778045365e-15,-0.12639999999999998,-0.12639677666700253,0.0033189191766509474,0.0011435644629328027,15.988159219620297,16.0,31.976318439240593,7.878857885202617,63.030863081620936,0.2823849797325705,0.28248952709274533,0.39935266814825277,0.5606850641160118,0.5233077134213762,0.5649790541854907
output,8,64,64,0.12,1.0,0.2,0.07062238177318633,0.07062238177318633,0.07062238177318633,0.0,1.586797180955985,0.5196362564056616,0.5724543682871039,0.2700218389712905,5.551115123125783e-17,0.9812166488794023,0.823919486121366,0.5788644288974821,0.20567281535707252,54.139491222796494,62.94813233724652,54.1394912227965,6.796552630479116,54.37242104383293,0.5196362564056616,0.5603169815504471,0.5196362564056617,0.5207528985040357,0.5233077134213762,0.5649790541854907
objective,10,64,64,0.12,1.0,0.2,0.07062238177318633,0.07062238177318633,0.07062238177318633,0.0,0.23999999999999996,0.08470030753301082,0.09551685204116778,0.007174142096187842,1.2325210296815214e-15,-0.09511111111111113,-0.09512868356099677,0.005480220544118342,0.0018016851524833648,24.970413805669107,25.0,49.940827611338214,9.844326326522694,98.44326326522693,0.35290290225939963,0.3531119088659317,0.4990800705760697,0.7007052332297595,0.6272713450233213,0.7062238177318634
output,10,64,64,0.12,1.0,0.2,0.07062238177318633,0.07062238177318633,0.07062238177318633,0.0,1.9834964761949814,0.6232692095140423,0.6786796465445408,0.3884645075282591,5.551115123125783e-17,0.9817384086327522,0.7543032846617787,0.842969272508244,0.30101969874115314,77.88729561956006,98.3564567769477,77.88729561956006,7.870157051926157,78.70157051926158,0.6232692095140423,0.7003962269380588,0.6232692095140423,0.6265187311911726,0.6272713450233213,0.7062238177318634
objective,12,64,64,0.12,1.0,0.2,0.07062238177318633,0.07062238177318633,0.07062238177318633,0.0,0.288,0.10156001949399142,0.1144995303635401,0.010314437559621371,1.4536982728685643e-15,-0.0752,-0.07524205281526808,0.008175067960901505,0.002604850897639062,35.937909391218845,36.0,71.87581878243768,11.806972431066082,141.68366917279297,0.4233687173849781,0.423734290639118,0.598733782010338,0.8406249152008402,0.7164131099024001,0.847468581278236
output,12,64,64,0.12,1.0,0.2,0.07062238177318633,0.07062238177318633,0.07062238177318633,0.0,2.3801957714339776,0.7123577335107807,0.7659920788129262,0.5074535404926164,1.1102230246251565e-16,0.9820704375667021,0.6798836841489152,1.0783926250080456,0.3996230031687569,101.7446463076568,141.63329775880467,101.967173286595,8.657683991690426,103.89220790028511,0.7123577335107806,0.8404754723256705,0.7131363112549102,0.7198364735277355,0.7164131099024001,0.847468581278236
objective,14,64,64,0.12,1.0,0.2,0.07062238177318633,0.07062238177318633,0.07062238177318633,0.0,0.336,0.11837606378623462,0.13341672092116919,0.014012892477524371,1.6826817716975029e-15,-0.06141538461538457,-0.061485764942602175,0.011398969588394592,0.003552308141934264,48.88418654081302,49.0,97.76837308162602,13.766240051066738,192.72736071493432,0.49377211091869483,0.4943566724123043,0.6982992159828104,0.9804242559755216,0.7903726343621725,0.9887133448246086
output,14,64,64,0.12,1.0,0.2,0.07062238177318633,0.07062238177318633,0.07062238177318633,0.0,2.7768950666729735,0.7865080570219221,0.8349991893056972,0.618594923760399,0.0,0.9823003037517444,0.6045524173721847,1.2572365744633873,0.4954330959422496,124.02853996173762,192.77865528281748,126.04705095362988,9.191826304810718,128.68556826735005,0.786508057021922,0.9805547177132823,0.7928822670058027,0.801137909061173,0.7903726343621725,0.9887133448246086
objective,16,64,64,0.12,1.0,0.2,0.07062238177318633,0.07062238177318633,0.07062238177318633,0.0,0.38400000000000006,0.13514129484899734,0.1522577945749779,0.018263169573465538,1.904726376622534e-15,-0.0513066666666666,-0.05140927871195554,0.015146562769913774,0.004643179980823447,63.801638446360144,64.0,127.60327689272026,15.721577538331665,251.54524061330665,0.5641028268783812,0.5649790541854907,0.7977618683444087,1.0,0.8496838821272332,1.0
output,16,64,64,0.12,1.0,0.2,0.07062238177318633,0.07062238177318633,0.07062238177318633,0.0,3.1735943619119693,0.8461983050086063,0.8874414124780361,0.7160515713994382,0.0,0.9824688722874421,0.5315359934178525,1.3666949609052885,0.5840078532020041,143.5686384202846,251.7925293489861,150.12692862066478,9.519532234249917,152.31251574799867,0.8461983050086062,1.0,0.8653098752668098,0.8715858199328654,0.8496838821272332,1.0
objective,2,1,1,0.12,1.0,0.4,0.14071718691490656,0.14071718691490656,0.14071718691490656,0.0,0.096,0.03393135279841637,0.0382837573915229,0.001151336702730607,8.456776945386935e-18,-0.9712000000000001,-0.9709277888151963,0.00027221118480380557,0.0001924823746895954,1.0,1.0,2.0,1.9709277888151964,3.9418555776303927,0.14071718691490656,0.14071718691490656,0.1990041541940507,0.2793814060925465,0.27727901762189694,0.2814343738298131
output,2,1,1,0.12,1.0,0.4,0.14071718691490656,0.14071718691490656,0.14071718691490656,0.0,0.096,0.03393135279841637,0.0382837573915229,0.001151336702730607,8.456776945386935e-18,-0.9712000000000001,-0.9709277888151963,0.00027221118480380557,0.0001924823746895954,1.0,1.0,2.0,1.9709277888151964,3.9418555776303927,0.14071718691490656,0.14071718691490656,0.1990041541940507,0.2793814060925465,0.27727901762189694,0.2814343738298131
objective,4,1,1,0.12,1.0,0.4,0.14071718691490656,0.14071718691490656,0.14071718691490656,0.0,0.192,0.06780412566123853,0.07647942743631586,0.00459739945668504,1.474514954580286e-17,-0.3141333333333334,-0.3139853054296717,0.0024398255043515116,0.001059448436542098,3.9976317083632074,4.0,7.995263416726415,3.9395879228224624,15.75835169128985,0.28135104665981603,0.2814343738298131,0.3978904659741773,0.5586020676530622,0.5233077134213762,0.5628687476596262
output,4,1,1,0.12,1.0,0.4,0.14071718691490656,0.14071718691490656,0.14071718691490656,0.0,0.192,0.06780412566123853,0.07647942743631586,0.00459739945668504,1.474514954580286e-17,-0.3141333333333334,-0.3139853054296717,0.0024398255043515116,0.001059448436542098,3.9976317083632074,4.0,7.995263416726415,3.9395879228224624,15.75835169128985,0.28135104665981603,0.2814343738298131,0.3978904659741773,0.5586020676530622,0.5233077134213762,0.5628687476596262
objective,6,1,1,0.12,1.0,0.4,0.14071718691490656,0.14071718691490656,0.14071718691490656,0.0,0.288,0.10156001949399142,0.1144995303635401,0.010314437559619827,9.020562075079397e-17,-0.18272000000000002,-0.18263679042081798,0.006760560908959046,0.0025194152959494213,8.985807050341698,9.0,17.971614100683396,5.9037249087189245,35.42234945231355,0.42181856408446267,0.4221515607447197,0.5965415341889917,0.8375019485037273,0.7164131099024001,0.8443031214894394
output,6,1,1,0.12,1.0,0.4,0.14071718691490656,0.14071718691490656,0.14071718691490656,0.0,0.288,0.10156001949399142,0.1144995303635401,0.010314437559619827,9.020562075079397e-17,-0.18272000000000002,-0.18263679042081798,0.006760560908959046,0.0025194152959494213,8.985807050341698,9.0,17.971614100683396,5.9037249087189245,35.42234945231355,0.42181856408446267,0.4221515607447197,0.5965415341889917,0.8375019485037273,0.7164131099024001,0.8443031214894394
objective,8,1,1,0.12,1.0,0.4,0.14071718691490656,0.14071718691490656,0.14071718691490656,0.0,0.38399999999999995,0.13514129484899734,0.1522577945749779,0.01826316957346333,3.0184188481996443e-16,-0.12639999999999998,-0.1263871338951262,0.013205592157159884,0.004557408426755651,15.952768370237042,16.0,31.905536740474076,7.8611074406122174,62.88885952489774,0.5620373458772338,0.5628687476596262,0.794840837099762,1.0,0.8496838821272332,1.0
output,8,1,1,0.12,1.0,0.4,0.14071718691490656,0.14071718691490656,0.14071718691490656,0.0,0.38399999999999995,0.13514129484899734,0.1522577945749779,0.01826316957346333,3.0184188481996443e-16,-0.12639999999999998,-0.1263871338951262,0.013205592157159884,0.004557408426755651,15.952768370237042,16.0,31.905536740474076,7.8611074406122174,62.88885952489774,0.5620373458772338,0.5628687476596262,0.794840837099762,1.0,0.8496838821272332,1.0
objective,10,1,1,0.12,1.0,0.4,0.14071718691490656,0.14071718691490656,0.14071718691490656,0.0,0.4799999999999999,0.16849104667868034,0.18966974339559162,0.02838923281087673,5.065392549852277e-16,-0.09511111111111113,-0.09518107142197939,0.02173208194900811,0.007165202021517017,24.88217144385193,25.0,49.76434288770386,9.809540157135508,98.09540157135508,0.7019259260043309,0.7035859345745328,0.9926731643366183,1.0,0.9298734950321937,1.0
output,10,1,1,0.12,1.0,0.4,0.14071718691490656,0.14071718691490656,0.14071718691490656,0.0,0.4799999999999999,0.16849104667868034,0.18966974339559162,0.02838923281087673,5.065392549852277e-16,-0.09511111111111113,-0.09518107142197939,0.02173208194900811,0.007165202021517017,24.88217144385193,25.0,49.76434288770386,9.809540157135508,98.09540157135508,0.7019259260043309,0.7035859345745328,0.9926731643366183,1.0,0.9298734950321937,1.0
objective,12,1,1,0.12,1.0,0.4,0.14071718691490656,0.14071718691490656,0.14071718691490656,0.0,0.576,0.2015534730563323,0.22665326133288533,0.040623802501068854,8.187894806610529e-16,-0.0752,-0.07536689596825683,0.03228365463287752,0.01033310737244829,35.753200325894596,36.0,71.50640065178919,11.746875001339045,140.96250001606853,0.8414040646336715,0.8443031214894394,1.0,1.0,0.9715272704180086,1.0
output,12,1,1,0.12,1.0,0.4,0.14071718691490656,0.14071718691490656,0.14071718691490656,0.0,0.576,0.2015534730563323,0.22665326133288533,0.040623802501068854,8.187894806610529e-16,-0.0752,-0.07536689596825683,0.03228365463287752,0.01033310737244829,35.753200325894596,36.0,71.50640065178919,11.746875001339045,140.96250001606853,0.8414040646336715,0.8443031214894394,1.0,1.0,0.9715272704180086,1.0
objective,14,1,1,0.12,1.0,0.4,0.14071718691490656,0.14071718691490656,0.14071718691490656,0.0,0.672,0.23427413593887714,0.2631291335272945,0.05488437076990625,1.2351231148954867e-15,-0.06141538461538457,-0.06169366924603451,0.04479101634996108,0.01404958256510743,48.54071268938614,49.0,97.08142537877228,13.67102206191567,191.3943088668194,0.9803930384725638,0.985020308404346,1.0,1.0,0.9900297496821142,1.0
output,14,1,1,0.12,1.0,0.4,0.14071718691490656,0.14071718691490656,0.14071718691490656,0.0,0.672,0.23427413593887714,0.2631291335272945,0.05488437076990625,1.2351231148954867e-15,-0.06141538461538457,-0.06169366924603451,0.04479101634996108,0.01404958256510743,48.54071268938614,49.0,97.08142537877228,13.67102206191567,191.3943088668194,0.9803930384725638,0.985020308404346,1.0,1.0,0.9900297496821142,1.0
objective,16,1,1,0.12,1.0,0.4,0.14071718691490656,0.14071718691490656,0.14071718691490656,0.0,0.7680000000000001,0.26660021211816354,0.2990215525016229,0.07107567310144822,1.582067810090848e-15,-0.0513066666666666,-0.05171066687379756,0.059172712083503165,0.018301242824169388,63.21541396846183,64.0,126.43082793692365,15.579959783369862,249.2793565339178,1.0,1.0,1.0,1.0,0.9970075110574614,1.0
output,16,1,1,0.12,1.0,0.4,0.14071718691490656,0.14071718691490656,0.14071718691490656,0.0,0.7680000000000001,0.26660021211816354,0.2990215525016229,0.07107567310144822,1.582067810090848e-15,-0.0513066666666666,-0.05171066687379756,0.059172712083503165,0.018301242824169388,63.21541396846183,64.0,126.43082793692365,15.579959783369862,249.2793565339178,1.0,1.0,1.0,1.0,0.9970075110574614,1.0
objective,2,2,2,0.12,1.0,0.4,0.14071718691490656,0.14071718691490656,0.14071718691490656,0.0,0.096,0.03393135279841637,0.0382837573915229,0.001151336702730607,8.456776945386935e-18,-0.9712000000000001,-0.9709277888151963,0.00027221118480380557,0.0001924823746895954,1.0,1.0,2.0,1.9709277888151964,3.9418555776303927,0.14071718691490656,0.14071718691490656,0.1990041541940507,0.2793814060925465,0.27727901762189694,0.2814343738298131
output,2,2,2,0.12,1.0,0.4,0.14071718691490656,0.14071718691490656,0.14071718691490656,0.0,0.18798250799710975,0.06638852711248482,0.07488389572235365,0.0044074365321652475,1.1622647289044608e-16,-0.889570552147239,-0.8887085547235365,0.0008619974237025207,0.000609524223665386,1.0,0.9999999999999998,2.0,1.8887085547235365,3.777417109447073,0.14071718691490656,0.14071718691490653,0.1990041541940507,0.27349199301042393,0.27727901762189694,0.2814343738298131
objective,4,2,2,0.12,1.0,0.4,0.14071718691490656,0.14071718691490656,0.14071718691490656,0.0,0.192,0.06780412566123853,0.07647942743631586,0.00459739945668504,1.474514954580286e-17,-0.3141333333333334,-0.3139853054296717,0.0024398255043515116,0.001059448436542098,3.9976317083632074,4.0,7.995263416726415,3.9395879228224624,15.75835169128985,0.28135104665981603,0.2814343738298131,0.3978904659741773,0.5586020676530622,0.5233077134213762,0.5628687476596262
output,4,2,2,0.12,1.0,0.4,0.14071718691490656,0.14071718691490614,0.14071718691490656,4.163336342344337e-16,0.3759650159942195,0.1323387140529072,0.14910963667260635,0.01751353523717736,2.220446049250313e-16,-0.25971370143149275,-0.25962810679097853,0.007704043102781055,0.0036974832233445313,3.9902235324692046,3.999999999999999,7.980447064938398,3.769110959132976,15.076443836531904,0.28109023416955603,0.28143437382981307,0.397521621413215,0.546382274400922,0.5233077134213762,0.5628687476596262
objective,6,2,2,0.12,1.0,0.4,0.14071718691490656,0.14071718691490656,0.14071718691490656,0.0,0.288,0.10156001949399142,0.1144995303635401,0.010314437559619827,9.020562075079397e-17,-0.18272000000000002,-0.18263679042081798,0.006760560908959046,0.0025194152959494213,8.985807050341698,9.0,17.971614100683396,5.9037249087189245,35.42234945231355,0.42181856408446267,0.4221515607447197,0.5965415341889917,0.8375019485037273,0.7164131099024001,0.8443031214894394
output,6,2,2,0.12,1.0,0.4,0.14071718691490656,0.14071718691490614,0.14071718691490656,4.163336342344337e-16,0.5639475239913293,0.19742025064867838,0.2220363708072406,0.03897475536618745,4.510281037539698e-16,-0.13374233128834348,-0.1343903298838325,0.021233672382941604,0.009073240163304025,8.94162423225788,8.999999999999998,17.88324846451574,5.633070848374814,33.798425090248884,0.4207802545167395,0.4221515607447196,0.5950731427163755,0.8180792485628628,0.7164131099024001,0.8443031214894394
objective,8,2,2,0.12,1.0,0.4,0.14071718691490656,0.14071718691490656,0.14071718691490656,0.0,0.38399999999999995,0.13514129484899734,0.1522577945749779,0.01826316957346333,3.0184188481996443e-16,-0.12639999999999998,-0.1263871338951262,0.013205592157159884,0.004557408426755651,15.952768370237042,16.0,31.905536740474076,7.8611074406122174,62.88885952489774,0.5620373458772338,0.5628687476596262,0.794840837099762,1.0,0.8496838821272332,1.0
output,8,2,2,0.12,1.0,0.4,0.14071718691490656,0.14071718691490614,0.14071718691490656,4.163336342344337e-16,0.7519300319884391,0.26121866443767655,0.2930570956163916,0.06823519065060414,6.800116025829084e-16,-0.07975460122699378,-0.0813215919211591,0.04315174377857911,0.016509865995950414,15.806721444489396,15.999999999999996,31.613442888978767,7.472784235579109,59.78227388463287,0.5594587163244953,0.5628687476596261,0.791194104213943,1.0,0.8496838821272332,1.0
objective,10,2,2,0.12,1.0,0.4,0.14071718691490656,0.14071718691490656,0.14071718691490656,0.0,0.4799999999999999,0.16849104667868034,0.18966974339559162,0.02838923281087673,5.065392549852277e-16,-0.09511111111111113,-0.09518107142197939,0.02173208194900811,0.007165202021517017,24.88217144385193,25.0,49.76434288770386,9.809540157135508,98.09540157135508,0.7019259260043309,0.7035859345745328,0.9926731643366183,1.0,0.9298734950321937,1.0
output,10,2,2,0.12,1.0,0.4,0.14071718691490656,0.14071718691490614,0.14071718691490656,4.163336342344337e-16,0.9399125399855489,0.3233426915113717,0.36161373918172,0.10455049615381895,8.743006318923108e-16,-0.04976141785957731,-0.05244472993963211,0.07543493697377968,0.025894646191892946,24.520948782773353,24.999999999999993,49.04189756554668,9.280928202541062,92.80928202541062,0.6968122542521891,0.7035859345745327,0.9854413403912148,1.0,0.9298734950321937,1.0
objective,12,2,2,0.12,1.0,0.4,0.14071718691490656,0.14071718691490656,0.14071718691490656,0.0,0.576,0.2015534730563323,0.22665326133288533,0.040623802501068854,8.187894806610529e-16,-0.0752,-0.07536689596825683,0.03228365463287752,0.01033310737244829,35.753200325894596,36.0,71.50640065178919,11.746875001339045,140.96250001606853,0.8414040646336715,0.8443031214894394,1.0,1.0,0.9715272704180086,1.0
output,12,2,2,0.12,1.0,0.4,0.14071718691490656,0.14071718691490614,0.14071718691490656,4.163336342344337e-16,1.1278950479826586,0.38343101101226457,0.42721015425895925,0.1470193402058884,1.0269562977782698e-15,-0.030674846625766795,-0.03466119915910987,0.11536180744048097,0.03709759266217676,35.00445250617635,35.99999999999999,70.00890501235268,11.050789902628797,132.60947883154557,0.8325470556028457,0.8443031214894392,1.0,1.0,0.9715272704180086,1.0
objective,14,2,2,0.12,1.0,0.4,0.14071718691490656,0.14071718691490656,0.14071718691490656,0.0,0.672,0.23427413593887714,0.2631291335272945,0.05488437076990625,1.2351231148954867e-15,-0.06141538461538457,-0.06169366924603451,0.04479101634996108,0.01404958256510743,48.54071268938614,49.0,97.08142537877228,13.67102206191567,191.3943088668194,0.9803930384725638,0.985020308404346,1.0,1.0,0.9900297496821142,1.0
output,14,2,2,0.12,1.0,0.4,0.14071718691490656,0.14071718691490614,0.14071718691490656,4.163336342344337e-16,1.3158775559797682,0.44115816568520494,0.4894225283834679,0.19462052715073586,1.1102230246251565e-15,-0.017461066540821055,-0.022919445129148466,0.1618495302256684,0.04996945741358133,47.164257169128035,48.999999999999986,94.32851433825606,12.776371366999191,178.8691991379887,0.9663927071590075,0.9850203084043458,1.0,1.0,0.9900297496821142,1.0
objective,16,2,2,0.12,1.0,0.4,0.14071718691490656,0.14071718691490656,0.14071718691490656,0.0,0.7680000000000001,0.26660021211816354,0.2990215525016229,0.07107567310144822,1.582067810090848e-15,-0.0513066666666666,-0.05171066687379756,0.059172712083503165,0.018301242824169388,63.21541396846183,64.0,126.43082793692365,15.579959783369862,249.2793565339178,1.0,1.0,1.0,1.0,0.9970075110574614,1.0
output,16,2,2,0.12,1.0,0.4,0.14071718691490656,0.14071718691490614,0.14071718691490656,4.163336342344337e-16,1.5038600639768778,0.49623951865124316,0.5479068633771176,0.24625365987121883,1.3322676295501878e-15,-0.0077709611451942055,-0.014849082318638051,0.21367999833718665,0.0643450144187674,60.896701835405345,63.999999999999986,121.79340367081068,14.452467121441314,231.23947394306103,1.0,1.0,1.0,1.0,0.9970075110574614,1.0
objective,2,4,4,0.12,1.0,0.4,0.14071718691490656,0.14071718691490656,0.14071718691490656,0.0,0.096,0.03393135279841637,0.0382837573915229,0.001151336702730607,8.456776945386935e-18,-0.9712000000000001,-0.9709277888151963,0.00027221118480380557,0.0001924823746895954,1.0,1.0,2.0,1.9709277888151964,3.9418555776303927,0.14071718691490656,0.14071718691490656,0.1990041541940507,0.2793814060925465,0.27727901762189694,0.2814343738298131
output,2,4,4,0.12,1.0,0.4,0.14071718691490656,0.14071718691490656,0.14071718691490656,0.0,0.3482286000528056,0.12265232206631296,0.13822436494050372,0.015043592108258457,1.0408340855860843e-16,-0.6210526315789474,-0.6201367630232928,0.0009158685556546198,0.0006476168663789105,1.0,0.9999999999999999,2.0,1.6201367630232928,3.2402735260465856,0.14071718691490656,0.14071718691490653,0.1990041541940507,0.25330162783669696,0.27727901762189694,0.2814343738298131
objective,4,4,4,0.12,1.0,0.4,0.14071718691490656,0.14071718691490656,0.14071718691490656,0.0,0.192,0.06780412566123853,0.07647942743631586,0.00459739945668504,1.474514954580286e-17,-0.3141333333333334,-0.3139853054296717,0.0024398255043515116,0.001059448436542098,3.9976317083632074,4.0,7.995263416726415,3.9395879228224624,15.75835169128985,0.28135104665981603,0.2814343738298131,0.3978904659741773,0.5586020676530622,0.5233077134213762,0.5628687476596262
output,4,4,4,0.12,1.0,0.4,0.14071718691490656,0.14071718691490656,0.14071718691490656,0.0,0.6964572001056112,0.2425491234305435,0.27233148939240426,0.058830077276924686,3.400058012914542e-16,-0.08070175438596498,-0.08574858733668145,0.020644944870502835,0.010742397285573729,3.958710110258994,3.9999999999999996,7.917420220517988,3.2159600888498243,12.863840355399297,0.27997805659924363,0.28143437382981307,0.3959487648095124,0.5046990245750502,0.5233077134213762,0.5628687476596262
objective,6,4,4,0.12,1.0,0.4,0.14071718691490656,0.14071718691490656,0.14071718691490656,0.0,0.288,0.10156001949399142,0.1144995303635401,0.010314437559619827,9.020562075079397e-17,-0.18272000000000002,-0.18263679042081798,0.006760560908959046,0.0025194152959494213,8.985807050341698,9.0,17.971614100683396,5.9037249087189245,35.42234945231355,0.42181856408446267,0.4221515607447197,0.5965415341889917,0.8375019485037273,0.7164131099024001,0.8443031214894394
output,6,4,4,0.12,1.0,0.4,0.14071718691490656,0.14071718691490656,0.14071718691490656,0.0,1.0446858001584167,0.35710615065889045,0.3985683953608541,0.1275248028384096,5.551115123125783e-16,0.027368421052631504,0.014673836108693484,0.08024067992244377,0.029186039756661366,8.7569388606731,8.999999999999998,17.5138777213462,4.764841459285233,28.589048755711396,0.4164120642019855,0.4221515607447196,0.588895588730224,0.752396899422734,0.7164131099024001,0.8443031214894394
objective,8,4,4,0.12,1.0,0.4,0.14071718691490656,0.14071718691490656,0.14071718691490656,0.0,0.38399999999999995,0.13514129484899734,0.1522577945749779,0.01826316957346333,3.0184188481996443e-16,-0.12639999999999998,-0.1263871338951262,0.013205592157159884,0.004557408426755651,15.952768370237042,16.0,31.905536740474076,7.8611074406122174,62.88885952489774,0.5620373458772338,0.5628687476596262,0.794840837099762,1.0,0.8496838821272332,1.0
output,8,4,4,0.12,1.0,0.4,0.14071718691490656,0.14071718691490656,0.14071718691490656,0.0,1.3929144002112221,0.46406562164802806,0.513857448053598,0.21535690119556994,7.771561172376096e-16,0.0736842105263157,0.0513550435027157,0.17218678926411957,0.05354237447330282,15.210794032558972,15.999999999999996,30.42158806511794,6.247282485137151,49.97825988109721,0.5488113536565711,0.5628687476596261,0.77613645952546,0.9948044287524525,0.8496838821272332,1.0
objective,10,4,4,0.12,1.0,0.4,0.14071718691490656,0.14071718691490656,0.14071718691490656,0.0,0.4799999999999999,0.16849104667868034,0.18966974339559162,0.02838923281087673,5.065392549852277e-16,-0.09511111111111113,-0.09518107142197939,0.02173208194900811,0.007165202021517017,24.88217144385193,25.0,49.76434288770386,9.809540157135508,98.09540157135508,0.7019259260043309,0.7035859345745328,0.9926731643366183,1.0,0.9298734950321937,1.0
output,10,4,4,0.12,1.0,0.4,0.14071718691490656,0.14071718691490656,0.14071718691490656,0.0,1.7411430002640276,0.5616211869838288,0.6160118366019434,0.31541835766912374,1.0547118733938987e-15,0.09941520467836248,0.06587947506720969,0.28677245080722136,0.08256647932733827,23.0911043028304,24.999999999999996,46.18220860566079,7.647934267587198,76.47934267587198,0.6761911711994872,0.7035859345745328,0.9562787250672622,1.0,0.9298734950321937,1.0
objective,12,4,4,0.12,1.0,0.4,0.14071718691490656,0.14071718691490656,0.14071718691490656,0.0,0.576,0.2015534730563323,0.22665326133288533,0.040623802501068854,8.187894806610529e-16,-0.0752,-0.07536689596825683,0.03228365463287752,0.01033310737244829,35.753200325894596,36.0,71.50640065178919,11.746875001339045,140.96250001606853,0.8414040646336715,0.8443031214894394,1.0,1.0,0.9715272704180086,1.0
output,12,4,4,0.12,1.0,0.4,0.14071718691490656,0.14071718691490656,0.14071718691490656,0.0,2.089371600316833,0.6485019774974653,0.7038317901897078,0.42055481481812174,1.27675647831893e-15,0.11578947368421044,0.06999029597222474,0.4127918465104242,0.11491226031970599,32.14583088008098,35.99999999999999,64.29166176016196,8.95609549944538,107.47314599334456,0.7978283644257572,0.8443031214894392,1.0,1.0,0.9715272704180086,1.0
objective,14,4,4,0.12,1.0,0.4,0.14071718691490656,0.14071718691490656,0.14071718691490656,0.0,0.672,0.23427413593887714,0.2631291335272945,0.05488437076990625,1.2351231148954867e-15,-0.06141538461538457,-0.06169366924603451,0.04479101634996108,0.01404958256510743,48.54071268938614,49.0,97.08142537877228,13.67102206191567,191.3943088668194,0.9803930384725638,0.985020308404346,1.0,1.0,0.9900297496821142,1.0
output,14,4,4,0.12,1.0,0.4,0.14071718691490656,0.14071718691490656,0.14071718691490656,0.0,2.4376002003696384,0.7240097269351243,0.7770799265165351,0.5241900846966718,1.4432899320127035e-15,0.1271255060728744,0.0685300709972458,0.5392633075539652,0.14926073913896634,42.12203084222364,48.99999999999999,84.24406168444726,10.165695275817875,142.31973386145023,0.9132754752481869,0.9850203084043458,1.0,1.0,0.9900297496821142,1.0
objective,16,4,4,0.12,1.0,0.4,0.14071718691490656,0.14071718691490656,0.14071718691490656,0.0,0.7680000000000001,0.26660021211816354,0.2990215525016229,0.07107567310144822,1.582067810090848e-15,-0.0513066666666666,-0.05171066687379756,0.059172712083503165,0.018301242824169388,63.21541396846183,64.0,126.43082793692365,15.579959783369862,249.2793565339178,1.0,1.0,1.0,1.0,0.9970075110574614,1.0
output,16,4,4,0.12,1.0,0.4,0.14071718691490656,0.14071718691490656,0.14071718691490656,0.0,2.785828800422444,0.788008161933737,0.8363543226901016,0.620956863274185,1.7763568394002505e-15,0.13543859649122802,0.06399731881896774,0.6569003695816786,0.18442172373422494,52.784430065202955,63.99999999999999,105.5688601304059,11.274851796326146,180.39762874121834,1.0,1.0,1.0,1.0,0.9970075110574614,1.0
objective,2,8,8,0.12,1.0,0.4,0.14071718691490656,0.14071718691490656,0.14071718691490656,0.0,0.096,0.03393135279841637,0.0382837573915229,0.001151336702730607,8.456776945386935e-18,-0.9712000000000001,-0.9709277888151963,0.00027221118480380557,0.0001924823746895954,1.0,1.0,2.0,1.9709277888151964,3.9418555776303927,0.14071718691490656,0.14071718691490656,0.1990041541940507,0.2793814060925465,0.27727901762189694,0.2814343738298131
output,2,8,8,0.12,1.0,0.4,0.14071718691490656,0.14071718691490656,0.14071718691490656,0.0,0.5561130685089526,0.1947306978093156,0.21903103890685593,0.037920044669302995,6.938893903907228e-18,-0.03355704697986585,-0.04248727227354243,0.008930225293676583,0.00631462286268234,1.9150254554529151,1.9328859060402688,2.0,1.0424872722735423,2.0849745445470846,0.1947306978093156,0.1956366665179913,0.1990041541940507,0.20318775087016444,0.27727901762189694,0.2814343738298131
objective,4,8,8,0.12,1.0,0.4,0.14071718691490656,0.14071718691490656,0.14071718691490656,0.0,0.192,0.06780412566123853,0.07647942743631586,0.00459739945668504,1.474514954580286e-17,-0.3141333333333334,-0.3139853054296717,0.0024398255043515116,0.001059448436542098,3.9976317083632074,4.0,7.995263416726415,3.9395879228224624,15.75835169128985,0.28135104665981603,0.2814343738298131,0.3978904659741773,0.5586020676530622,0.5233077134213762,0.5628687476596262
output,4,8,8,0.12,1.0,0.4,0.14071718691490656,0.14071718691490656,0.14071718691490656,0.0,1.1122261370179052,0.3785084381568433,0.42186643820640213,0.14326863775593293,5.551115123125783e-17,0.31096196868008946,0.26960874884547176,0.07430863276216243,0.04550887468142939,7.235304986145661,7.731543624161075,7.705959979270972,2.0447049841912603,8.178819936765041,0.3785084381568434,0.3912733330359826,0.390625435724063,0.402431963856138,0.5233077134213762,0.5628687476596262
objective,6,8,8,0.12,1.0,0.4,0.14071718691490656,0.14071718691490656,0.14071718691490656,0.0,0.288,0.10156001949399142,0.1144995303635401,0.010314437559619827,9.020562075079397e-17,-0.18272000000000002,-0.18263679042081798,0.006760560908959046,0.0025194152959494213,8.985807050341698,9.0,17.971614100683396,5.9037249087189245,35.42234945231355,0.42181856408446267,0.4221515607447197,0.5965415341889917,0.8375019485037273,0.7164131099024001,0.8443031214894394
output,6,8,8,0.12,1.0,0.4,0.14071718691490656,0.14071718691490656,0.14071718691490656,0.0,1.6683392055268578,0.5420740304349758,0.5958145823276328,0.2938442544720191,5.551115123125783e-17,0.37986577181208064,0.2946541529332047,0.27008732137625846,0.109438995922145,14.839624587996141,17.395973154362416,16.33157067303691,2.9733534232132146,17.840120539279287,0.5420740304349758,0.5869099995539738,0.56867105281579,0.5943551590128034,0.7164131099024001,0.8443031214894394
objective,8,8,8,0.12,1.0,0.4,0.14071718691490656,0.14071718691490656,0.14071718691490656,0.0,0.38399999999999995,0.13514129484899734,0.1522577945749779,0.01826316957346333,3.0184188481996443e-16,-0.12639999999999998,-0.1263871338951262,0.013205592157159884,0.004557408426755651,15.952768370237042,16.0,31.905536740474076,7.8611074406122174,62.88885952489774,0.5620373458772338,0.5628687476596262,0.794840837099762,1.0,0.8496838821272332,1.0
output,8,8,8,0.12,1.0,0.4,0.14071718691490656,0.14071718691490656,0.14071718691490656,0.0,2.2244522740358104,0.6791617593456482,0.7339590672839886,0.46126069535747616,5.551115123125783e-17,0.4093959731543624,0.2731148906830895,0.5291822072015806,0.18373293432201024,23.29443387825301,30.9261744966443,26.840452537996526,3.8066665957531405,30.453332766025124,0.6791617593456483,0.7825466660719652,0.7290243955447578,0.7765413002527027,0.8496838821272332,1.0
objective,10,8,8,0.12,1.0,0.4,0.14071718691490656,0.14071718691490656,0.14071718691490656,0.0,0.4799999999999999,0.16849104667868034,0.18966974339559162,0.02838923281087673,5.065392549852277e-16,-0.09511111111111113,-0.09518107142197939,0.02173208194900811,0.007165202021517017,24.88217144385193,25.0,49.76434288770386,9.809540157135508,98.09540157135508,0.7019259260043309,0.7035859345745328,0.9926731643366183,1.0,0.9298734950321937,1.0
output,10,8,8,0.12,1.0,0.4,0.14071718691490656,0.14071718691490656,0.14071718691490656,0.0,2.7805653425447634,0.7871252407875972,0.8355569421936937,0.6195661446849329,1.1102230246251565e-16,0.4258016405667412,0.23654581011051287,0.7807277550939327,0.2587057404020185,31.289122909946162,48.32214765100672,38.22642338258041,4.53544469830786,45.354446983078596,0.7871252407875972,0.9781833325899565,0.8700194812260037,0.9476698906810261,0.9298734950321937,1.0
objective,12,8,8,0.12,1.0,0.4,0.14071718691490656,0.14071718691490656,0.14071718691490656,0.0,0.576,0.2015534730563323,0.22665326133288533,0.040623802501068854,8.187894806610529e-16,-0.0752,-0.07536689596825683,0.03228365463287752,0.01033310737244829,35.753200325894596,36.0,71.50640065178919,11.746875001339045,140.96250001606853,0.8414040646336715,0.8443031214894394,1.0,1.0,0.9715272704180086,1.0
output,12,8,8,0.12,1.0,0.4,0.14071718691490656,0.14071718691490656,0.14071718691490656,0.0,3.3366784110537164,0.8668000095479454,0.9047515906975678,0.7513422565523182,1.1102230246251565e-16,0.43624161073825507,0.19654572867150044,0.9724510833992638,0.3274551851647383,37.94403618463806,69.58389261744968,49.722589893567196,5.161071548321562,61.932858579858745,0.8668000095479454,1.0,0.9922566434732265,1.0,0.9715272704180086,1.0
objective,14,8,8,0.12,1.0,0.4,0.14071718691490656,0.14071718691490656,0.14071718691490656,0.0,0.672,0.23427413593887714,0.2631291335272945,0.05488437076990625,1.2351231148954867e-15,-0.06141538461538457,-0.06169366924603451,0.04479101634996108,0.01404958256510743,48.54071268938614,49.0,97.08142537877228,13.67102206191567,191.3943088668194,0.9803930384725638,0.985020308404346,1.0,1.0,0.9900297496821142,1.0
output,14,8,8,0.12,1.0,0.4,0.14071718691490656,0.14071718691490656,0.14071718691490656,0.0,3.8927914795626695,0.9217188305895174,0.9483927790480373,0.8495656026633075,0.0,0.44346928239545697,0.15881581795455213,1.083935120156409,0.3864090102175473,42.904478867728486,94.71140939597318,61.21875640455401,5.692014368042825,79.68820115259955,0.9217188305895173,1.0,1.0,1.0,0.9900297496821142,1.0
objective,16,8,8,0.12,1.0,0.4,0.14071718691490656,0.14071718691490656,0.14071718691490656,0.0,0.7680000000000001,0.26660021211816354,0.2990215525016229,0.07107567310144822,1.582067810090848e-15,-0.0513066666666666,-0.05171066687379756,0.059172712083503165,0.018301242824169388,63.21541396846183,64.0,126.43082793692365,15.579959783369862,249.2793565339178,1.0,1.0,1.0,1.0,0.9970075110574614,1.0
output,16,8,8,0.12,1.0,0.4,0.14071718691490656,0.14071718691490656,0.14071718691490656,0.0,4.4489045480716225,0.9569538756538326,0.9738819698466423,0.9157607201288909,0.0,0.44876957494407155,0.12603101093416966,1.1238834270499065,0.43477342344821707,46.247442624200715,123.70469798657722,72.71492291554081,6.140283661884382,98.24453859015011,0.9569538756538325,1.0,1.0,1.0,0.9970075110574614,1.0
objective,2,16,16,0.12,1.0,0.4,0.14071718691490656,0.14071718691490656,0.14071718691490656,0.0,0.096,0.03393135279841637,0.0382837573915229,0.001151336702730607,8.456776945386935e-18,-0.9712000000000001,-0.9709277888151963,0.00027221118480380557,0.0001924823746895954,1.0,1.0,2.0,1.9709277888151964,3.9418555776303927,0.14071718691490656,0.14071718691490656,0.1990041541940507,0.2793814060925465,0.27727901762189694,0.2814343738298131
output,2,16,16,0.12,1.0,0.4,0.14071718691490656,0.14071718691490656,0.14071718691490656,0.0,0.7106238817897012,0.2473303041067764,0.2776440891960239,0.0611722793295505,6.938893903907228e-18,0.578082191780822,0.5446510296307445,0.033431162150077465,0.023639401459266813,3.089302059261489,3.156164383561644,3.089302059261489,1.5446510296307445,3.089302059261489,0.24733030410677642,0.24999248399999457,0.24733030410677642,0.24733030410677642,0.27727901762189694,0.2814343738298131
objective,4,16,16,0.12,1.0,0.4,0.14071718691490656,0.14071718691490656,0.14071718691490656,0.0,0.192,0.06780412566123853,0.07647942743631586,0.00459739945668504,1.474514954580286e-17,-0.3141333333333334,-0.3139853054296717,0.0024398255043515116,0.001059448436542098,3.9976317083632074,4.0,7.995263416726415,3.9395879228224624,15.75835169128985,0.28135104665981603,0.2814343738298131,0.3978904659741773,0.5586020676530622,0.5233077134213762,0.5628687476596262
output,4,16,16,0.12,1.0,0.4,0.14071718691490656,0.14071718691490656,0.14071718691490656,0.0,1.4212477635794023,0.472375344624907,0.5226826600525718,0.22313846620949962,2.7755575615628914e-17,0.7187214611872147,0.6057387032120075,0.270020901997783,0.12428174026953179,11.268864438544092,12.624657534246577,11.26886443854409,2.8222376290900075,11.28895051636003,0.472375344624907,0.49998496799998915,0.47237534462490693,0.4727961476136613,0.5233077134213762,0.5628687476596262
objective,6,16,16,0.12,1.0,0.4,0.14071718691490656,0.14071718691490656,0.14071718691490656,0.0,0.288,0.10156001949399142,0.1144995303635401,0.010314437559619827,9.020562075079397e-17,-0.18272000000000002,-0.18263679042081798,0.006760560908959046,0.0025194152959494213,8.985807050341698,9.0,17.971614100683396,5.9037249087189245,35.42234945231355,0.42181856408446267,0.4221515607447197,0.5965415341889917,0.8375019485037273,0.7164131099024001,0.8443031214894394
output,6,16,16,0.12,1.0,0.4,0.14071718691490656,0.14071718691490614,0.14071718691490656,4.163336342344337e-16,2.1318716453691033,0.6583346221189845,0.7135473459449764,0.4334044746805462,5.551115123125783e-17,0.7468493150684933,0.5295882769114374,0.6065229152512966,0.2633765067946717,21.88764830734312,28.405479452054795,21.94452975428407,3.6905645623889107,22.143387374333464,0.658334622118985,0.7499774519999837,0.6591895044630253,0.6621695005768901,0.7164131099024001,0.8443031214894394
objective,8,16,16,0.12,1.0,0.4,0.14071718691490656,0.14071718691490656,0.14071718691490656,0.0,0.38399999999999995,0.13514129484899734,0.1522577945749779,0.01826316957346333,3.0184188481996443e-16,-0.12639999999999998,-0.1263871338951262,0.013205592157159884,0.004557408426755651,15.952768370237042,16.0,31.905536740474076,7.8611074406122174,62.88885952489774,0.5620373458772338,0.5628687476596262,0.794840837099762,1.0,0.8496838821272332,1.0
output,8,16,16,0.12,1.0,0.4,0.14071718691490656,0.14071718691490614,0.14071718691490656,4.163336342344337e-16,2.842495527158804,0.7973525203381514,0.8447552564668395,0.6357710416896023,1.1102230246251565e-16,0.7589041095890412,0.4304910217261367,0.937812699224716,0.4055659588778015,32.10749721666365,50.49863013698631,32.8689442731252,4.163509728062262,33.3080778244981,0.7973525203381523,0.9999699359999783,0.8067519467681551,0.8121232237332632,0.8496838821272332,1.0
objective,10,16,16,0.12,1.0,0.4,0.14071718691490656,0.14071718691490656,0.14071718691490656,0.0,0.4799999999999999,0.16849104667868034,0.18966974339559162,0.02838923281087673,5.065392549852277e-16,-0.09511111111111113,-0.09518107142197939,0.02173208194900811,0.007165202021517017,24.88217144385193,25.0,49.76434288770386,9.809540157135508,98.09540157135508,0.7019259260043309,0.7035859345745328,0.9926731643366183,1.0,0.9298734950321937,1.0
output,10,16,16,0.12,1.0,0.4,0.14071718691490656,0.14071718691490614,0.14071718691490656,4.163336342344337e-16,3.553119408948505,0.8908588564018224,0.9243592895304331,0.7936295020295627,1.1102230246251565e-16,0.7656012176560122,0.33421791732790695,1.2135604369224824,0.5281298820405699,40.079612559511624,78.90410958904111,43.793358791966355,4.351378184201182,43.51378184201182,0.8908588564018236,1.0,0.9312178071934664,0.9282405991510267,0.9298734950321937,1.0
objective,12,16,16,0.12,1.0,0.4,0.14071718691490656,0.14071718691490656,0.14071718691490656,0.0,0.576,0.2015534730563323,0.22665326133288533,0.040623802501068854,8.187894806610529e-16,-0.0752,-0.07536689596825683,0.03228365463287752,0.01033310737244829,35.753200325894596,36.0,71.50640065178919,11.746875001339045,140.96250001606853,0.8414040646336715,0.8443031214894394,1.0,1.0,0.9715272704180086,1.0
output,12,16,16,0.12,1.0,0.4,0.14071718691490656,0.14071718691490614,0.14071718691490656,4.163336342344337e-16,4.263743290738206,0.9470688596570367,0.9669826002280262,0.8969394249320802,3.3306690738754696e-16,0.7698630136986303,0.25224951400110407,1.3066784724233453,0.6223587766416382,45.29693584814574,113.6219178082192,54.717773310807516,4.386336173008267,52.63603407609921,0.9470688596570386,1.0,1.0,1.0,0.9715272704180086,1.0
objective,14,16,16,0.12,1.0,0.4,0.14071718691490656,0.14071718691490656,0.14071718691490656,0.0,0.672,0.23427413593887714,0.2631291335272945,0.05488437076990625,1.2351231148954867e-15,-0.06141538461538457,-0.06169366924603451,0.04479101634996108,0.01404958256510743,48.54071268938614,49.0,97.08142537877228,13.67102206191567,191.3943088668194,0.9803930384725638,0.985020308404346,1.0,1.0,0.9900297496821142,1.0
output,14,16,16,0.12,1.0,0.4,0.14071718691490656,0.14071718691490614,0.14071718691490656,4.163336342344337e-16,4.974367172527907,0.9770548660172584,0.9871241065316068,0.9546362112080031,3.3306690738754696e-16,0.772813487881981,0.18797098744917184,1.3066784724233453,0.6897184068007629,48.21071971574928,154.65205479452058,65.64218782964866,4.973720533995654,69.63208747593916,0.9770548660172605,1.0,1.0,1.0,0.9900297496821142,1.0
objective,16,16,16,0.12,1.0,0.4,0.14071718691490656,0.14071718691490656,0.14071718691490656,0.0,0.7680000000000001,0.26660021211816354,0.2990215525016229,0.07107567310144822,1.582067810090848e-15,-0.0513066666666666,-0.05171066687379756,0.059172712083503165,0.018301242824169388,63.21541396846183,64.0,126.43082793692365,15.579959783369862,249.2793565339178,1.0,1.0,1.0,1.0,0.9970075110574614,1.0
output,16,16,16,0.12,1.0,0.4,0.14071718691490656,0.14071718691490614,0.14071718691490656,4.163336342344337e-16,5.684991054317607,0.9911612376342077,0.995523814080584,0.9824005989885747,3.3306690738754696e-16,0.7749771689497718,0.1400536148847471,1.3066784724233462,0.7360289304222492,49.6128675723393,201.99452054794526,76.56660234848982,5.591632138718995,89.46611421950392,0.99116123763421,1.0,1.0,1.0,0.9970075110574614,1.0
objective,2,32,32,0.12,1.0,0.4,0.14071718691490656,0.14071718691490656,0.14071718691490656,0.0,0.096,0.03393135279841637,0.0382837573915229,0.001151336702730607,8.456776945386935e-18,-0.9712000000000001,-0.9709277888151963,0.00027221118480380557,0.0001924823746895954,1.0,1.0,2.0,1.9709277888151964,3.9418555776303927,0.14071718691490656,0.14071718691490656,0.1990041541940507,0.2793814060925465,0.27727901762189694,0.2814343738298131
output,2,32,32,0.12,1.0,0.4,0.14071718691490656,0.14071718691490656,0.14071718691490656,0.0,0.7745336400970492,0.26878465441981275,0.30144131345304404,0.07224519045157818,1.3877787807814457e-17,0.874694873881204,0.8242512628263623,0.05044361105484174,0.03566901944441529,3.6485025256527246,3.749389747762408,3.6485025256527246,1.8242512628263623,3.6485025256527246,0.2687846544198128,0.27247548751354855,0.2687846544198128,0.2687846544198128,0.27727901762189694,0.2814343738298131
objective,4,32,32,0.12,1.0,0.4,0.14071718691490656,0.14071718691490656,0.14071718691490656,0.0,0.192,0.06780412566123853,0.07647942743631586,0.00459739945668504,1.474514954580286e-17,-0.3141333333333334,-0.3139853054296717,0.0024398255043515116,0.001059448436542098,3.9976317083632074,4.0,7.995263416726415,3.9395879228224624,15.75835169128985,0.28135104665981603,0.2814343738298131,0.3978904659741773,0.5586020676530622,0.5233077134213762,0.5628687476596262
output,4,32,32,0.12,1.0,0.4,0.14071718691490656,0.14071718691490614,0.14071718691490656,4.163336342344337e-16,1.5490672801940983,0.5090634651566398,0.561384717275148,0.25914561155728544,0.0,0.9164632492541359,0.7572737741763437,0.40094824411361885,0.1766141135554413,13.087285290116126,14.99755899104963,13.087285290116125,3.28125684235641,13.12502736942564,0.5090634651566402,0.5449509750270971,0.5090634651566401,0.5097969740982932,0.5233077134213762,0.5628687476596262
objective,6,32,32,0.12,1.0,0.4,0.14071718691490656,0.14071718691490656,0.14071718691490656,0.0,0.288,0.10156001949399142,0.1144995303635401,0.010314437559619827,9.020562075079397e-17,-0.18272000000000002,-0.18263679042081798,0.006760560908959046,0.0025194152959494213,8.985807050341698,9.0,17.971614100683396,5.9037249087189245,35.42234945231355,0.42181856408446267,0.4221515607447197,0.5965415341889917,0.8375019485037273,0.7164131099024001,0.8443031214894394
output,6,32,32,0.12,1.0,0.4,0.14071718691490656,0.14071718691490614,0.14071718691490656,4.163336342344337e-16,2.3236009202911476,0.7005623796839948,0.7546834728833902,0.4907876478285017,0.0,0.9248169243287222,0.6261864729766411,0.8739540782956366,0.35941566687649545,24.785594189299225,33.74450772986167,24.785594189299225,4.201530223239403,25.20918133943642,0.7005623796839956,0.8174264625406457,0.7005623796839956,0.706523343826253,0.7164131099024001,0.8443031214894394
objective,8,32,32,0.12,1.0,0.4,0.14071718691490656,0.14071718691490656,0.14071718691490656,0.0,0.38399999999999995,0.13514129484899734,0.1522577945749779,0.01826316957346333,3.0184188481996443e-16,-0.12639999999999998,-0.1263871338951262,0.013205592157159884,0.004557408426755651,15.952768370237042,16.0,31.905536740474076,7.8611074406122174,62.88885952489774,0.5620373458772338,0.5628687476596262,0.794840837099762,1.0,0.8496838821272332,1.0
output,8,32,32,0.12,1.0,0.4,0.14071718691490656,0.14071718691490614,0.14071718691490656,4.163336342344337e-16,3.0981345603881967,0.8359108594360428,0.8786344525808341,0.6987469649231037,0.0,0.9283970707892593,0.48728368391299703,1.2107976540408874,0.5359144374101071,35.287886299127834,59.99023596419852,36.48538467965348,4.642149926193437,37.1371994095475,0.8359108594360439,1.0,0.8499758946996824,0.8575347328129783,0.8496838821272332,1.0
objective,10,32,32,0.12,1.0,0.4,0.14071718691490656,0.14071718691490656,0.14071718691490656,0.0,0.4799999999999999,0.16849104667868034,0.18966974339559162,0.02838923281087673,5.065392549852277e-16,-0.09511111111111113,-0.09518107142197939,0.02173208194900811,0.007165202021517017,24.88217144385193,25.0,49.76434288770386,9.809540157135508,98.09540157135508,0.7019259260043309,0.7035859345745328,0.9926731643366183,1.0,0.9298734950321937,1.0
output,10,32,32,0.12,1.0,0.4,0.14071718691490656,0.14071718691490614,0.14071718691490656,4.163336342344337e-16,3.8726682004852457,0.9201077292413594,0.9471732050960397,0.8465982334096908,0.0,0.9303860410451131,0.3639402419426506,1.37463711356075,0.6783749226197109,42.75462177483855,93.73474369406019,48.18517517000774,4.775043034940325,47.750430349403246,0.920107729241361,1.0,0.9767959844883416,0.972379489238416,0.9298734950321937,1.0
objective,12,32,32,0.12,1.0,0.4,0.14071718691490656,0.14071718691490656,0.14071718691490656,0.0,0.576,0.2015534730563323,0.22665326133288533,0.040623802501068854,8.187894806610529e-16,-0.0752,-0.07536689596825683,0.03228365463287752,0.01033310737244829,35.753200325894596,36.0,71.50640065178919,11.746875001339045,140.96250001606853,0.8414040646336715,0.8443031214894394,1.0,1.0,0.9715272704180086,1.0
output,12,32,32,0.12,1.0,0.4,0.14071718691490656,0.14071718691490614,0.14071718691490656,4.163336342344337e-16,4.647201840582295,0.9657975729445687,0.9798531069298664,0.9327649519056194,1.1102230246251565e-16,0.9316517493897475,0.26595594446305343,1.3866347744129606,0.7807341785146114,47.10618466912305,134.97803091944667,59.88496566036199,5.01752115672905,60.210253880748596,0.9657975729445705,1.0,1.0,1.0,0.9715272704180086,1.0
objective,14,32,32,0.12,1.0,0.4,0.14071718691490656,0.14071718691490656,0.14071718691490656,0.0,0.672,0.23427413593887714,0.2631291335272945,0.05488437076990625,1.2351231148954867e-15,-0.06141538461538457,-0.06169366924603451,0.04479101634996108,0.01404958256510743,48.54071268938614,49.0,97.08142537877228,13.67102206191567,191.3943088668194,0.9803930384725638,0.985020308404346,1.0,1.0,0.9900297496821142,1.0
output,14,32,32,0.12,1.0,0.4,0.14071718691490656,0.14071718691490614,0.14071718691490656,4.163336342344337e-16,5.421735480679344,0.9872362583507143,0.9932892611837574,0.9746354298023182,0.0,0.9325280090129561,0.1935204043218185,1.3866347744129617,0.849441557259332,49.22071358657096,183.72009764035795,71.58475615071626,5.868976370226031,82.16566918316444,0.9872362583507162,1.0,1.0,1.0,0.9900297496821142,1.0
objective,16,32,32,0.12,1.0,0.4,0.14071718691490656,0.14071718691490656,0.14071718691490656,0.0,0.7680000000000001,0.26660021211816354,0.2990215525016229,0.07107567310144822,1.582067810090848e-15,-0.0513066666666666,-0.05171066687379756,0.059172712083503165,0.018301242824169388,63.21541396846183,64.0,126.43082793692365,15.579959783369862,249.2793565339178,1.0,1.0,1.0,1.0,0.9970075110574614,1.0
output,16,32,32,0.12,1.0,0.4,0.14071718691490656,0.14071718691490614,0.14071718691490656,4.163336342344337e-16,6.196269120776393,0.9958733965700851,0.9980525701642127,0.9917638219960377,2.220446049250313e-16,0.9331705994033086,0.14202385808118262,1.3866347744129617,0.894163156634767,50.08572593948382,239.96094385679407,83.28454664107053,6.436291923551121,102.98067077681793,0.9958733965700871,1.0,1.0,1.0,0.9970075110574614,1.0
objective,2,64,64,0.12,1.0,0.4,0.14071718691490656,0.14071718691490656,0.14071718691490656,0.0,0.096,0.03393135279841637,0.0382837573915229,0.001151336702730607,8.456776945386935e-18,-0.9712000000000001,-0.9709277888151963,0.00027221118480380557,0.0001924823746895954,1.0,1.0,2.0,1.9709277888151964,3.9418555776303927,0.14071718691490656,0.14071718691490656,0.1990041541940507,0.2793814060925465,0.27727901762189694,0.2814343738298131
output,2,64,64,0.12,1.0,0.4,0.14071718691490656,0.14071718691490656,0.14071718691490656,0.0,0.7933985904779925,0.275080188371022,0.3084107800519571,0.07566911003423694,0.0,0.967129135538954,0.9107080855357929,0.05642105000316111,0.0398957070589005,3.8214161710715855,3.9342582710779075,3.8214161710715855,1.9107080855357927,3.8214161710715855,0.27508018837102194,0.2791120443857877,0.27508018837102194,0.27508018837102194,0.27727901762189694,0.2814343738298131
objective,4,64,64,0.12,1.0,0.4,0.14071718691490656,0.14071718691490656,0.14071718691490656,0.0,0.192,0.06780412566123853,0.07647942743631586,0.00459739945668504,1.474514954580286e-17,-0.3141333333333334,-0.3139853054296717,0.0024398255043515116,0.001059448436542098,3.9976317083632074,4.0,7.995263416726415,3.9395879228224624,15.75835169128985,0.28135104665981603,0.2814343738298131,0.3978904659741773,0.5586020676530622,0.5233077134213762,0.5628687476596262
output,4,64,64,0.12,1.0,0.4,0.14071718691490656,0.14071718691490656,0.14071718691490656,0.0,1.586797180955985,0.5196362564056616,0.5724543682871039,0.2700218389712905,5.551115123125783e-17,0.9780860903593026,0.8030460751206839,0.44620137483170275,0.19466656370706548,13.636552901448207,15.73703308431163,13.636552901448205,3.4203166240262255,13.681266496104902,0.5196362564056616,0.5582240887715754,0.5196362564056616,0.5204874902115488,0.5233077134213762,0.5628687476596262
objective,6,64,64,0.12,1.0,0.4,0.14071718691490656,0.14071718691490656,0.14071718691490656,0.0,0.288,0.10156001949399142,0.1144995303635401,0.010314437559619827,9.020562075079397e-17,-0.18272000000000002,-0.18263679042081798,0.006760560908959046,0.0025194152959494213,8.985807050341698,9.0,17.971614100683396,5.9037249087189245,35.42234945231355,0.42181856408446267,0.4221515607447197,0.5965415341889917,0.8375019485037273,0.7164131099024001,0.8443031214894394
output,6,64,64,0.12,1.0,0.4,0.14071718691490656,0.14071718691490656,0.14071718691490656,0.0,2.3801957714339776,0.7123577335107807,0.7659920788129262,0.5074535404926164,1.1102230246251565e-16,0.9802774813233722,0.654241651504652,0.9634830043304301,0.3917710055531148,25.627249545139563,35.40832443970117,25.627249545139563,4.352191041872944,26.113146251237662,0.7123577335107807,0.8373361331573631,0.7123577335107807,0.7190792306201288,0.7164131099024001,0.8443031214894394
objective,8,64,64,0.12,1.0,0.4,0.14071718691490656,0.14071718691490656,0.14071718691490656,0.0,0.38399999999999995,0.13514129484899734,0.1522577945749779,0.01826316957346333,3.0184188481996443e-16,-0.12639999999999998,-0.1263871338951262,0.013205592157159884,0.004557408426755651,15.952768370237042,16.0,31.905536740474076,7.8611074406122174,62.88885952489774,0.5620373458772338,0.5628687476596262,0.794840837099762,1.0,0.8496838821272332,1.0
output,8,64,64,0.12,1.0,0.4,0.14071718691490656,0.14071718691490656,0.14071718691490656,0.0,3.17359436191197,0.8461983050086063,0.8874414124780363,0.7160515713994385,3.3306690738754696e-16,0.9812166488794023,0.5028892458393065,1.3190105253538535,0.5788508866010333,36.16179776700116,62.94813233724652,37.62523845124796,4.780024535200571,38.24019628160457,0.8461983050086064,1.0,0.8631509940238701,0.8701762001950267,0.8496838821272332,1.0
objective,10,64,64,0.12,1.0,0.4,0.14071718691490656,0.14071718691490656,0.14071718691490656,0.0,0.4799999999999999,0.16849104667868034,0.18966974339559162,0.02838923281087673,5.065392549852277e-16,-0.09511111111111113,-0.09518107142197939,0.02173208194900811,0.007165202021517017,24.88217144385193,25.0,49.76434288770386,9.809540157135508,98.09540157135508,0.7019259260043309,0.7035859345745328,0.9926731643366183,1.0,0.9298734950321937,1.0
output,10,64,64,0.12,1.0,0.4,0.14071718691490656,0.14071718691490656,0.14071718691490656,0.0,3.9669929523899627,0.9274385191537541,0.9526879997105122,0.8601422068101086,3.3306690738754696e-16,0.9817384086327522,0.37154016671886675,1.4180194007422087,0.7269893174253107,43.43861500469801,98.3564567769477,49.62322735735636,4.8964730312326115,48.96473031232611,0.9274385191537543,1.0,0.9912647156416764,0.9846657409298819,0.9298734950321937,1.0
objective,12,64,64,0.12,1.0,0.4,0.14071718691490656,0.14071718691490656,0.14071718691490656,0.0,0.576,0.2015534730563323,0.22665326133288533,0.040623802501068854,8.187894806610529e-16,-0.0752,-0.07536689596825683,0.03228365463287752,0.01033310737244829,35.753200325894596,36.0,71.50640065178919,11.746875001339045,140.96250001606853,0.8414040646336715,0.8443031214894394,1.0,1.0,0.9715272704180086,1.0
output,12,64,64,0.12,1.0,0.4,0.14071718691490656,0.14071718691490614,0.14071718691490656,4.163336342344337e-16,4.760391542867955,0.9701259002974592,0.9826965575342428,0.9411442624279559,2.220446049250313e-16,0.9820704375667021,0.2691617713327675,1.4180194007422113,0.8314409013287158,47.52935381592532,141.63329775880467,61.62121626346479,5.284015107965541,63.40818129558649,0.9701259002974595,1.0,1.0,1.0,0.9715272704180086,1.0
objective,14,64,64,0.12,1.0,0.4,0.14071718691490656,0.14071718691490656,0.14071718691490656,0.0,0.672,0.23427413593887714,0.2631291335272945,0.05488437076990625,1.2351231148954867e-15,-0.06141538461538457,-0.06169366924603451,0.04479101634996108,0.01404958256510743,48.54071268938614,49.0,97.08142537877228,13.67102206191567,191.3943088668194,0.9803930384725638,0.985020308404346,1.0,1.0,0.9900297496821142,1.0
output,14,64,64,0.12,1.0,0.4,0.14071718691490656,0.14071718691490614,0.14071718691490656,4.163336342344337e-16,5.553790133345947,0.9893626877566861,0.994511910623072,0.9788385279251344,3.3306690738754696e-16,0.9823003037517444,0.19468668707082332,1.4180194007422113,0.9004052149260692,49.43297704688985,192.77865528281748,73.61920516957323,6.1302860410560625,85.82400457478488,0.9893626877566867,1.0,1.0,1.0,0.9900297496821142,1.0
objective,16,64,64,0.12,1.0,0.4,0.14071718691490656,0.14071718691490656,0.14071718691490656,0.0,0.7680000000000001,0.26660021211816354,0.2990215525016229,0.07107567310144822,1.582067810090848e-15,-0.0513066666666666,-0.05171066687379756,0.059172712083503165,0.018301242824169388,63.21541396846183,64.0,126.43082793692365,15.579959783369862,249.2793565339178,1.0,1.0,1.0,1.0,0.9970075110574614,1.0
output,16,64,64,0.12,1.0,0.4,0.14071718691490656,0.14071718691490614,0.14071718691490656,4.163336342344337e-16,6.347188723823939,0.9967443672364986,0.9984943604898939,0.9934993336176885,4.440892098500626e-16,0.9824688722874421,0.14238905070365468,1.4180194007422113,0.9447001874543107,50.17337216887713,251.7925293489861,85.61719407568168,6.676356151690652,106.82169842705044,0.9967443672364996,1.0,1.0,1.0,0.9970075110574614,1.0
